date,fellowship,frugal,gain,generosity,gift
2004-01-01,16.0,5.78710822508,16.0,0,60.0
2004-01-02,21.0,5.14409620007,18.0,0,49.0
2004-01-03,28.0,1.28602405002,13.0,0,66.0
2004-01-04,32.0,3.21506012505,15.0,0,62.0
2004-01-05,8.0,0.0,14.0,0,51.0
2004-01-06,24.0,1.92903607503,16.0,0,50.0
2004-01-07,25.0,4.50108417506,18.0,0,62.0
2004-01-08,25.0,1.28602405002,14.0,0,46.0
2004-01-09,21.0,1.28602405002,17.0,0,51.0
2004-01-10,28.0,1.92903607503,24.0,0,64.0
2004-01-11,29.0,3.21506012505,25.0,0,59.0
2004-01-12,34.0,1.92903607503,20.0,0,58.0
2004-01-13,21.0,1.92903607503,26.0,0,53.0
2004-01-14,21.0,1.92903607503,19.0,0,53.0
2004-01-15,27.0,1.28602405002,16.0,0,61.0
2004-01-16,24.0,0.643012025009,24.0,0,63.0
2004-01-17,15.0,4.50108417506,14.0,0,50.0
2004-01-18,29.0,1.28602405002,16.0,0,56.0
2004-01-19,27.0,2.57204810004,19.0,0,61.0
2004-01-20,28.0,0.643012025009,15.0,0,60.0
2004-01-21,26.0,1.28602405002,16.0,0,66.0
2004-01-22,21.0,1.28602405002,16.0,0,56.0
2004-01-23,13.0,0.643012025009,17.0,0,69.0
2004-01-24,12.0,1.28602405002,10.0,0,56.0
2004-01-25,18.0,1.92903607503,17.0,0,54.0
2004-01-26,21.0,1.92903607503,16.0,0,68.0
2004-01-27,24.0,1.92903607503,17.0,0,67.0
2004-01-28,28.0,3.21506012505,17.0,0,54.0
2004-01-29,18.0,1.28602405002,15.0,0,59.0
2004-01-30,23.0,3.21506012505,15.0,0,49.0
2004-01-31,15.0,1.28602405002,17.0,0,53.0
2004-02-01,28.0,5.14409620007,19.0,0,61.0
2004-02-02,18.0,1.28602405002,14.0,0,63.0
2004-02-03,19.0,0.643012025009,22.0,0,59.0
2004-02-04,21.0,1.92903607503,11.0,0,67.0
2004-02-05,25.0,0.643012025009,15.0,0,70.0
2004-02-06,19.0,1.92903607503,11.0,0,66.0
2004-02-07,14.0,0.0,17.0,0,83.0
2004-02-08,13.0,1.28602405002,13.0,0,81.0
2004-02-09,23.0,1.92903607503,18.0,0,71.0
2004-02-10,17.0,1.92903607503,20.0,0,78.0
2004-02-11,14.0,1.92903607503,20.0,0,82.0
2004-02-12,18.0,1.92903607503,19.0,0,78.0
2004-02-13,15.0,0.643012025009,20.0,0,100.0
2004-02-14,12.0,2.57204810004,18.0,0,86.0
2004-02-15,17.0,3.21506012505,17.0,0,44.0
2004-02-16,25.0,0.643012025009,16.0,0,52.0
2004-02-17,19.0,1.92903607503,18.0,0,50.0
2004-02-18,17.0,0.643012025009,13.0,0,51.0
2004-02-19,13.0,0.643012025009,22.0,0,46.0
2004-02-20,22.0,3.21506012505,16.0,0,47.0
2004-02-21,22.0,1.92903607503,14.0,0,46.0
2004-02-22,21.0,1.28602405002,17.0,0,57.0
2004-02-23,22.0,1.28602405002,22.0,0,45.0
2004-02-24,22.0,2.57204810004,17.0,0,44.0
2004-02-25,26.0,0.643012025009,24.0,0,58.0
2004-02-26,24.0,2.57204810004,18.0,0,49.0
2004-02-27,24.0,0.0,20.0,0,57.0
2004-02-28,21.0,1.28602405002,20.0,0,53.0
2004-02-29,22.0,1.92903607503,13.0,0,53.0
2004-03-01,18.0,1.92903607503,17.0,0,50.0
2004-03-02,21.0,1.28602405002,19.0,0,43.0
2004-03-03,22.0,1.28602405002,16.0,0,56.0
2004-03-04,18.0,1.28602405002,15.0,0,55.0
2004-03-05,17.0,0.0,26.0,0,33.0
2004-03-06,14.0,4.50108417506,24.0,0,46.0
2004-03-07,34.0,5.78710822508,25.0,0,53.0
2004-03-08,0.0,0.0,0.0,0,0.0
2004-03-09,0.0,0.0,0.0,0,0.0
2004-03-10,27.0,1.92903607503,23.0,0,55.0
2004-03-11,28.0,0.0,19.0,0,28.0
2004-03-12,28.0,1.28602405002,18.0,0,56.0
2004-03-13,22.0,0.643012025009,18.0,0,41.0
2004-03-14,40.0,0.643012025009,19.0,0,58.0
2004-03-15,18.0,0.0,13.0,0,52.0
2004-03-16,18.0,0.643012025009,21.0,0,50.0
2004-03-17,20.0,1.92903607503,12.0,0,57.0
2004-03-18,24.0,1.92903607503,17.0,0,57.0
2004-03-19,21.0,2.57204810004,17.0,0,62.0
2004-03-20,20.0,3.85807215006,14.0,0,29.0
2004-03-21,23.0,1.28602405002,17.0,0,48.0
2004-03-22,28.0,1.92903607503,13.0,0,49.0
2004-03-23,0.0,0.0,0.0,0,0.0
2004-03-24,23.0,1.92903607503,20.0,0,43.0
2004-03-25,28.0,1.28602405002,14.0,0,37.0
2004-03-26,15.0,0.643012025009,23.0,0,50.0
2004-03-27,23.0,0.0,18.0,0,45.0
2004-03-28,23.0,1.28602405002,16.0,0,38.0
2004-03-29,19.0,1.92903607503,16.0,0,59.0
2004-03-30,19.0,1.28602405002,20.0,0,60.0
2004-03-31,25.0,2.57204810004,20.0,0,59.0
2004-04-01,22.0,1.92903607503,17.0,0,32.0
2004-04-02,17.0,1.92903607503,16.0,0,51.0
2004-04-03,10.0,1.28602405002,24.0,0,53.0
2004-04-04,23.0,2.57204810004,20.0,0,32.0
2004-04-05,16.0,0.643012025009,22.0,0,64.0
2004-04-06,17.0,0.643012025009,13.0,0,56.0
2004-04-07,24.0,0.643012025009,26.0,0,57.0
2004-04-08,17.0,0.643012025009,23.0,0,60.0
2004-04-09,22.0,1.28602405002,23.0,0,55.0
2004-04-10,24.0,1.28602405002,23.0,0,59.0
2004-04-11,36.0,2.57204810004,22.0,0,50.0
2004-04-12,0.0,0.0,0.0,0,0.0
2004-04-13,0.0,0.0,0.0,0,0.0
2004-04-14,17.0,0.643012025009,15.0,0,48.0
2004-04-15,22.0,1.28602405002,19.0,0,65.0
2004-04-16,18.0,1.92903607503,14.0,0,62.0
2004-04-17,26.0,1.28602405002,32.0,0,54.0
2004-04-18,20.0,1.28602405002,13.0,0,52.0
2004-04-19,21.0,0.643012025009,20.0,0,53.0
2004-04-20,14.0,2.57204810004,22.0,0,59.0
2004-04-21,14.0,1.92903607503,17.0,0,68.0
2004-04-22,11.0,0.643012025009,21.0,0,58.0
2004-04-23,24.0,0.643012025009,25.0,0,62.0
2004-04-24,26.0,1.28602405002,18.0,0,44.0
2004-04-25,23.0,3.85807215006,32.0,0,63.0
2004-04-26,22.0,1.28602405002,21.0,0,59.0
2004-04-27,19.0,1.92903607503,17.0,0,62.0
2004-04-28,19.0,1.28602405002,16.0,0,60.0
2004-04-29,17.0,2.57204810004,22.0,0,74.0
2004-04-30,17.0,0.643012025009,20.0,0,68.0
2004-05-01,18.0,0.643012025009,12.0,0,77.0
2004-05-02,20.0,1.28602405002,19.0,0,53.0
2004-05-03,16.0,2.57204810004,15.0,0,70.0
2004-05-04,17.0,1.92903607503,19.0,0,91.0
2004-05-05,15.0,0.643012025009,19.0,0,82.0
2004-05-06,17.0,2.57204810004,19.0,0,79.0
2004-05-07,19.0,0.643012025009,17.0,0,78.0
2004-05-08,11.0,0.643012025009,17.0,0,98.0
2004-05-09,18.0,0.0,24.0,0,81.0
2004-05-10,27.0,0.643012025009,23.0,0,57.0
2004-05-11,13.0,1.28602405002,22.0,0,64.0
2004-05-12,12.0,1.92903607503,23.0,0,58.0
2004-05-13,12.0,1.28602405002,21.0,0,56.0
2004-05-14,13.0,1.92903607503,15.0,0,57.0
2004-05-15,11.0,0.643012025009,16.0,0,57.0
2004-05-16,14.0,0.643012025009,26.0,0,59.0
2004-05-17,21.0,1.28602405002,13.0,0,62.0
2004-05-18,21.0,2.57204810004,15.0,0,66.0
2004-05-19,17.0,3.21506012505,23.0,0,53.0
2004-05-20,13.0,0.0,20.0,0,64.0
2004-05-21,15.0,1.28602405002,14.0,0,60.0
2004-05-22,12.0,1.28602405002,15.0,0,84.0
2004-05-23,19.0,2.57204810004,17.0,0,54.0
2004-05-24,18.0,0.643012025009,12.0,0,72.0
2004-05-25,20.0,1.28602405002,13.0,0,60.0
2004-05-26,17.0,1.28602405002,16.0,0,63.0
2004-05-27,15.0,0.643012025009,17.0,0,59.0
2004-05-28,17.0,0.643012025009,14.0,0,69.0
2004-05-29,11.0,0.0,17.0,0,58.0
2004-05-30,24.0,1.92903607503,16.0,0,53.0
2004-05-31,19.0,1.28602405002,26.0,0,52.0
2004-06-01,21.0,1.28602405002,18.0,0,68.0
2004-06-02,15.0,1.28602405002,19.0,0,57.0
2004-06-03,16.0,1.92903607503,18.0,0,71.0
2004-06-04,19.0,2.57204810004,23.0,0,62.0
2004-06-05,18.0,1.28602405002,14.0,0,55.0
2004-06-06,15.0,1.28602405002,14.0,0,82.0
2004-06-07,15.0,0.643012025009,21.0,0,69.0
2004-06-08,17.0,1.92903607503,24.0,0,64.0
2004-06-09,14.0,1.28602405002,21.0,0,64.0
2004-06-10,14.0,1.28602405002,15.0,0,65.0
2004-06-11,15.0,1.28602405002,14.0,0,67.0
2004-06-12,11.0,1.92903607503,15.0,0,59.0
2004-06-13,22.0,0.643012025009,17.0,0,59.0
2004-06-14,22.0,2.57204810004,21.0,0,60.0
2004-06-15,19.0,0.643012025009,15.0,0,74.0
2004-06-16,14.0,1.92903607503,12.0,0,57.0
2004-06-17,18.0,0.643012025009,17.0,0,77.0
2004-06-18,11.0,3.21506012505,18.0,0,75.0
2004-06-19,16.0,3.21506012505,14.0,0,71.0
2004-06-20,16.0,4.50108417506,15.0,0,72.0
2004-06-21,17.0,1.92903607503,22.0,0,59.0
2004-06-22,18.0,1.28602405002,18.0,0,48.0
2004-06-23,16.0,0.0,15.0,0,69.0
2004-06-24,17.0,3.21506012505,21.0,0,68.0
2004-06-25,21.0,0.643012025009,13.0,0,60.0
2004-06-26,18.0,1.28602405002,16.0,0,63.0
2004-06-27,17.0,0.643012025009,14.0,0,53.0
2004-06-28,17.0,0.643012025009,14.0,0,69.0
2004-06-29,15.0,1.92903607503,21.0,0,55.0
2004-06-30,15.0,2.57204810004,19.0,0,63.0
2004-07-01,15.0,1.92903607503,17.0,0,47.0
2004-07-02,13.0,0.643012025009,22.0,0,50.0
2004-07-03,17.0,3.21506012505,12.0,0,45.0
2004-07-04,13.0,0.643012025009,15.0,0,50.0
2004-07-05,11.0,3.21506012505,21.0,0,49.0
2004-07-06,22.0,1.92903607503,17.0,0,64.0
2004-07-07,15.0,1.92903607503,17.0,0,52.0
2004-07-08,16.0,0.643012025009,21.0,0,65.0
2004-07-09,16.0,1.92903607503,20.0,0,79.0
2004-07-10,19.0,16.0753006252,11.0,0,46.0
2004-07-11,14.0,5.78710822508,17.0,0,56.0
2004-07-12,21.0,9.64518037514,16.0,0,56.0
2004-07-13,15.0,4.50108417506,16.0,0,67.0
2004-07-14,14.0,5.14409620007,17.0,0,42.0
2004-07-15,18.0,0.643012025009,15.0,0,68.0
2004-07-16,23.0,1.92903607503,10.0,0,57.0
2004-07-17,25.0,1.28602405002,14.0,0,61.0
2004-07-18,16.0,3.21506012505,23.0,0,37.0
2004-07-19,21.0,1.28602405002,21.0,0,60.0
2004-07-20,20.0,1.92903607503,19.0,0,54.0
2004-07-21,16.0,0.643012025009,19.0,0,74.0
2004-07-22,19.0,0.643012025009,18.0,0,66.0
2004-07-23,22.0,1.28602405002,22.0,0,59.0
2004-07-24,10.0,1.92903607503,21.0,0,58.0
2004-07-25,21.0,2.57204810004,18.0,0,57.0
2004-07-26,17.0,1.92903607503,14.0,0,53.0
2004-07-27,18.0,1.28602405002,20.0,0,71.0
2004-07-28,17.0,5.78710822508,16.0,0,70.0
2004-07-29,16.0,1.28602405002,13.0,0,52.0
2004-07-30,21.0,1.28602405002,13.0,0,51.0
2004-07-31,12.0,1.92903607503,16.0,0,65.0
2004-08-01,23.0,2.57204810004,22.0,0,65.0
2004-08-02,16.0,0.643012025009,18.0,0,55.0
2004-08-03,20.0,3.21506012505,18.0,0,68.0
2004-08-04,22.0,1.28602405002,21.0,0,68.0
2004-08-05,11.0,3.85807215006,18.0,0,65.0
2004-08-06,18.0,0.643012025009,14.0,0,60.0
2004-08-07,17.0,0.643012025009,12.0,0,62.0
2004-08-08,21.0,2.57204810004,25.0,0,46.0
2004-08-09,20.0,1.92903607503,20.0,0,60.0
2004-08-10,18.0,3.21506012505,20.0,0,70.0
2004-08-11,27.0,2.57204810004,15.0,0,76.0
2004-08-12,16.0,0.0,18.0,0,64.0
2004-08-13,17.0,1.92903607503,11.0,0,62.0
2004-08-14,21.0,1.28602405002,18.0,0,61.0
2004-08-15,20.0,1.28602405002,16.0,0,41.0
2004-08-16,13.0,3.21506012505,15.0,0,69.0
2004-08-17,19.0,1.28602405002,17.0,0,63.0
2004-08-18,12.0,2.57204810004,15.0,0,55.0
2004-08-19,13.0,1.28602405002,14.0,0,77.0
2004-08-20,15.0,0.643012025009,22.0,0,62.0
2004-08-21,21.0,2.57204810004,11.0,0,65.0
2004-08-22,25.0,0.0,19.0,0,48.0
2004-08-23,24.0,1.92903607503,14.0,0,50.0
2004-08-24,19.0,1.28602405002,19.0,0,61.0
2004-08-25,17.0,1.28602405002,20.0,0,62.0
2004-08-26,22.0,1.92903607503,19.0,0,66.0
2004-08-27,16.0,1.92903607503,15.0,0,68.0
2004-08-28,11.0,1.28602405002,14.0,0,56.0
2004-08-29,22.0,1.28602405002,17.0,0,49.0
2004-08-30,21.0,1.28602405002,15.0,0,60.0
2004-08-31,16.0,1.92903607503,17.0,0,68.0
2004-09-01,14.0,0.643012025009,17.0,0,65.0
2004-09-02,17.0,0.643012025009,14.0,0,51.0
2004-09-03,15.0,1.28602405002,15.0,0,59.0
2004-09-04,22.0,1.92903607503,10.0,0,50.0
2004-09-05,24.0,0.643012025009,14.0,0,41.0
2004-09-06,22.0,2.57204810004,12.0,0,48.0
2004-09-07,17.0,1.92903607503,16.0,0,61.0
2004-09-08,18.0,1.92903607503,17.0,0,53.0
2004-09-09,19.0,1.92903607503,15.0,0,67.0
2004-09-10,14.0,0.643012025009,13.0,0,66.0
2004-09-11,17.0,0.887698016827,14.0,0,72.0
2004-09-12,25.0,0.887698016827,18.0,0,50.0
2004-09-13,21.0,0.887698016827,18.0,0,70.0
2004-09-14,14.0,0.887698016827,21.0,0,51.0
2004-09-15,19.0,0.887698016827,13.0,0,58.0
2004-09-16,17.0,0.887698016827,14.0,0,63.0
2004-09-17,19.0,0.887698016827,13.0,0,65.0
2004-09-18,20.0,0.0,19.0,0,76.0
2004-09-19,24.0,0.0,13.0,0,60.0
2004-09-20,19.0,0.887698016827,22.0,0,58.0
2004-09-21,13.0,0.887698016827,13.0,0,58.0
2004-09-22,20.0,0.887698016827,21.0,0,65.0
2004-09-23,20.0,0.887698016827,18.0,0,64.0
2004-09-24,27.0,0.887698016827,18.0,0,56.0
2004-09-25,20.0,0.887698016827,16.0,0,58.0
2004-09-26,20.0,0.887698016827,13.0,0,48.0
2004-09-27,20.1527777778,0.887698016827,15.6551339286,0,66.5802939827
2004-09-28,15.1145833333,0.887698016827,15.6551339286,0,63.6854985921
2004-09-29,17.6336805556,0.887698016827,15.6551339286,0,69.4750893732
2004-09-30,17.6336805556,0.0,15.6551339286,0,57.895907811
2004-10-01,15.1145833333,0.0,18.7861607143,0,69.4750893732
2004-10-02,17.6336805556,0.887698016827,9.39308035714,0,66.5802939827
2004-10-03,35.2673611111,0.0,21.9171875,0,55.0011124205
2004-10-04,17.6336805556,0.887698016827,12.5241071429,0,57.895907811
2004-10-05,17.6336805556,0.887698016827,21.9171875,0,69.4750893732
2004-10-06,17.6336805556,0.887698016827,12.5241071429,0,72.3698847638
2004-10-07,17.6336805556,0.887698016827,15.6551339286,0,63.6854985921
2004-10-08,15.1145833333,0.887698016827,18.7861607143,0,72.3698847638
2004-10-09,12.5954861111,0.887698016827,15.6551339286,0,57.895907811
2004-10-10,20.1527777778,0.887698016827,18.7861607143,0,52.1063170299
2004-10-11,20.1527777778,0.0,21.9171875,0,69.4750893732
2004-10-12,7.55729166667,0.887698016827,18.7861607143,0,60.7907032016
2004-10-13,22.671875,0.0,18.7861607143,0,86.8438617166
2004-10-14,15.1145833333,0.0,21.9171875,0,66.5802939827
2004-10-15,25.1909722222,0.887698016827,15.6551339286,0,78.1594755449
2004-10-16,12.5954861111,0.887698016827,21.9171875,0,66.5802939827
2004-10-17,25.1909722222,0.887698016827,21.9171875,0,72.3698847638
2004-10-18,20.1527777778,0.0,18.7861607143,0,66.5802939827
2004-10-19,10.0763888889,0.887698016827,21.9171875,0,72.3698847638
2004-10-20,15.1145833333,0.887698016827,25.0482142857,0,75.2646801543
2004-10-21,17.6336805556,0.887698016827,15.6551339286,0,69.4750893732
2004-10-22,22.671875,0.0,12.5241071429,0,69.4750893732
2004-10-23,20.1527777778,0.887698016827,25.0482142857,0,63.6854985921
2004-10-24,17.6336805556,0.887698016827,15.6551339286,0,75.2646801543
2004-10-25,25.1909722222,0.887698016827,18.7861607143,0,75.2646801543
2004-10-26,22.671875,0.0,15.6551339286,0,81.0542709355
2004-10-27,20.1527777778,0.887698016827,15.6551339286,0,72.3698847638
2004-10-28,17.6336805556,0.0,15.6551339286,0,63.6854985921
2004-10-29,15.1145833333,0.887698016827,15.6551339286,0,63.6854985921
2004-10-30,15.1145833333,0.0,18.7861607143,0,81.0542709355
2004-10-31,20.1527777778,0.887698016827,21.9171875,0,66.5802939827
2004-11-01,25.1909722222,0.887698016827,18.7861607143,0,78.1594755449
2004-11-02,17.6336805556,0.887698016827,12.5241071429,0,72.3698847638
2004-11-03,15.1145833333,0.887698016827,21.9171875,0,75.2646801543
2004-11-04,17.6336805556,0.887698016827,18.7861607143,0,101.317838669
2004-11-05,15.1145833333,0.887698016827,21.9171875,0,92.6334524977
2004-11-06,15.1145833333,0.887698016827,21.9171875,0,69.4750893732
2004-11-07,22.671875,0.887698016827,21.9171875,0,83.949066326
2004-11-08,22.671875,0.887698016827,18.7861607143,0,75.2646801543
2004-11-09,0.0,0.0,0.0,0,0.0
2004-11-10,17.6336805556,0.0,15.6551339286,0,115.791815622
2004-11-11,22.671875,1.77539603365,15.6551339286,0,98.4230432788
2004-11-12,15.1145833333,0.0,18.7861607143,0,115.791815622
2004-11-13,10.0763888889,0.887698016827,21.9171875,0,101.317838669
2004-11-14,20.1527777778,0.887698016827,12.5241071429,0,101.317838669
2004-11-15,15.1145833333,0.887698016827,25.0482142857,0,95.5282478882
2004-11-16,17.6336805556,0.0,25.0482142857,0,104.21263406
2004-11-17,15.1145833333,0.887698016827,21.9171875,0,110.002224841
2004-11-18,22.671875,0.887698016827,21.9171875,0,115.791815622
2004-11-19,25.1909722222,1.77539603365,15.6551339286,0,98.4230432788
2004-11-20,15.1145833333,0.0,9.39308035714,0,127.370997184
2004-11-21,20.1527777778,0.887698016827,12.5241071429,0,138.950178746
2004-11-22,12.5954861111,0.887698016827,18.7861607143,0,133.160587965
2004-11-23,20.1527777778,0.887698016827,21.9171875,0,136.055383356
2004-11-24,12.5954861111,0.0,18.7861607143,0,115.791815622
2004-11-25,10.0763888889,0.887698016827,21.9171875,0,104.21263406
2004-11-26,7.55729166667,0.887698016827,15.6551339286,0,165.003337261
2004-11-27,17.6336805556,0.0,15.6551339286,0,188.161700386
2004-11-28,15.1145833333,1.77539603365,18.7861607143,0,165.003337261
2004-11-29,20.1527777778,0.887698016827,15.6551339286,0,167.898132652
2004-11-30,20.1527777778,0.887698016827,18.7861607143,0,167.898132652
2004-12-01,20.1527777778,0.887698016827,18.7861607143,0,176.582518824
2004-12-02,15.1145833333,0.887698016827,21.9171875,0,176.582518824
2004-12-03,17.6336805556,0.0,15.6551339286,0,170.792928043
2004-12-04,15.1145833333,0.0,25.0482142857,0,202.635677339
2004-12-05,12.5954861111,0.887698016827,28.1792410714,0,205.530472729
2004-12-06,15.1145833333,0.887698016827,18.7861607143,0,228.688835854
2004-12-07,15.1145833333,0.887698016827,21.9171875,0,225.794040463
2004-12-08,15.1145833333,0.887698016827,18.7861607143,0,208.42526812
2004-12-09,17.6336805556,0.0,15.6551339286,0,222.899245072
2004-12-10,15.1145833333,0.887698016827,18.7861607143,0,222.899245072
2004-12-11,15.1145833333,0.0,15.6551339286,0,240.268017416
2004-12-12,17.6336805556,0.887698016827,15.6551339286,0,248.952403587
2004-12-13,15.1145833333,0.887698016827,9.39308035714,0,240.268017416
2004-12-14,15.1145833333,0.887698016827,18.7861607143,0,248.952403587
2004-12-15,15.1145833333,0.887698016827,15.6551339286,0,272.110766712
2004-12-16,15.1145833333,1.77539603365,15.6551339286,0,277.900357493
2004-12-17,15.1145833333,0.887698016827,18.7861607143,0,266.321175931
2004-12-18,12.5954861111,0.887698016827,15.6551339286,0,266.321175931
2004-12-19,25.1909722222,1.77539603365,12.5241071429,0,289.479539055
2004-12-20,17.6336805556,0.887698016827,12.5241071429,0,275.005562102
2004-12-21,15.1145833333,0.887698016827,25.0482142857,0,286.584743665
2004-12-22,15.1145833333,0.887698016827,12.5241071429,0,231.583631244
2004-12-23,20.1527777778,0.887698016827,21.9171875,0,251.847198978
2004-12-24,20.1527777778,0.887698016827,18.7861607143,0,211.32006351
2004-12-25,15.1145833333,0.0,9.39308035714,0,165.003337261
2004-12-26,15.1145833333,1.77539603365,12.5241071429,0,104.21263406
2004-12-27,15.1145833333,0.887698016827,18.7861607143,0,81.0542709355
2004-12-28,22.671875,0.887698016827,18.7861607143,0,86.8438617166
2004-12-29,17.6336805556,0.887698016827,15.6551339286,0,83.949066326
2004-12-30,17.6336805556,1.77539603365,18.7861607143,0,60.7907032016
2004-12-31,10.0763888889,0.887698016827,18.7861607143,0,69.4750893732
2005-01-01,20.1527777778,0.887698016827,18.7861607143,0,55.0011124205
2005-01-02,22.671875,0.0,15.6551339286,0,66.5802939827
2005-01-03,22.671875,0.887698016827,21.9171875,0,72.3698847638
2005-01-04,22.671875,0.887698016827,18.7861607143,0,66.5802939827
2005-01-05,20.1527777778,0.887698016827,15.6551339286,0,55.0011124205
2005-01-06,17.6336805556,0.887698016827,18.7861607143,0,63.6854985921
2005-01-07,20.1527777778,0.0,18.7861607143,0,69.4750893732
2005-01-08,17.6336805556,1.77539603365,25.0482142857,0,66.5802939827
2005-01-09,20.1527777778,0.887698016827,18.7861607143,0,55.0011124205
2005-01-10,25.1909722222,0.887698016827,18.7861607143,0,60.7907032016
2005-01-11,17.6336805556,0.887698016827,18.7861607143,0,63.6854985921
2005-01-12,15.1145833333,0.887698016827,18.7861607143,0,60.7907032016
2005-01-13,15.1145833333,0.887698016827,21.9171875,0,63.6854985921
2005-01-14,22.671875,0.0,15.6551339286,0,57.895907811
2005-01-15,17.6336805556,0.887698016827,21.9171875,0,57.895907811
2005-01-16,17.6336805556,0.0,21.9171875,0,72.3698847638
2005-01-17,20.1527777778,0.887698016827,15.6551339286,0,55.0011124205
2005-01-18,17.6336805556,0.887698016827,21.9171875,0,60.7907032016
2005-01-19,15.1145833333,0.887698016827,18.7861607143,0,52.1063170299
2005-01-20,17.6336805556,0.887698016827,15.6551339286,0,66.5802939827
2005-01-21,15.1145833333,0.887698016827,21.9171875,0,57.895907811
2005-01-22,12.5954861111,0.887698016827,9.39308035714,0,75.2646801543
2005-01-23,27.7100694444,0.887698016827,25.0482142857,0,55.0011124205
2005-01-24,20.1527777778,0.887698016827,21.9171875,0,66.5802939827
2005-01-25,25.1909722222,0.887698016827,15.6551339286,0,75.2646801543
2005-01-26,15.1145833333,0.0,18.7861607143,0,60.7907032016
2005-01-27,15.1145833333,0.0,18.7861607143,0,72.3698847638
2005-01-28,22.671875,0.887698016827,15.6551339286,0,72.3698847638
2005-01-29,17.6336805556,1.77539603365,15.6551339286,0,60.7907032016
2005-01-30,15.1145833333,0.887698016827,15.6551339286,0,66.5802939827
2005-01-31,15.1145833333,0.887698016827,25.0482142857,0,63.6854985921
2005-02-01,20.1527777778,0.887698016827,21.9171875,0,66.5802939827
2005-02-02,17.6336805556,0.0,25.0482142857,0,69.4750893732
2005-02-03,12.5954861111,0.0,18.7861607143,0,81.0542709355
2005-02-04,20.1527777778,0.887698016827,18.7861607143,0,81.0542709355
2005-02-05,15.1145833333,0.887698016827,18.7861607143,0,75.2646801543
2005-02-06,17.6336805556,0.887698016827,21.9171875,0,72.3698847638
2005-02-07,12.5954861111,0.887698016827,18.7861607143,0,81.0542709355
2005-02-08,20.1527777778,0.887698016827,18.7861607143,0,72.3698847638
2005-02-09,15.1145833333,0.0,18.7861607143,0,89.7386571071
2005-02-10,15.1145833333,0.887698016827,15.6551339286,0,78.1594755449
2005-02-11,20.1527777778,0.0,18.7861607143,0,95.5282478882
2005-02-12,7.55729166667,0.887698016827,21.9171875,0,78.1594755449
2005-02-13,17.6336805556,0.0,21.9171875,0,81.0542709355
2005-02-14,15.1145833333,0.0,18.7861607143,0,83.949066326
2005-02-15,17.6336805556,0.887698016827,25.0482142857,0,55.0011124205
2005-02-16,12.5954861111,0.0,15.6551339286,0,60.7907032016
2005-02-17,15.1145833333,0.0,15.6551339286,0,52.1063170299
2005-02-18,17.6336805556,0.887698016827,18.7861607143,0,55.0011124205
2005-02-19,20.1527777778,0.887698016827,15.6551339286,0,43.4219308583
2005-02-20,25.1909722222,0.887698016827,18.7861607143,0,49.2115216394
2005-02-21,12.5954861111,0.887698016827,21.9171875,0,49.2115216394
2005-02-22,20.1527777778,0.887698016827,25.0482142857,0,57.895907811
2005-02-23,17.6336805556,0.0,21.9171875,0,49.2115216394
2005-02-24,27.7100694444,0.887698016827,21.9171875,0,46.3167262488
2005-02-25,15.1145833333,0.0,18.7861607143,0,60.7907032016
2005-02-26,20.1527777778,0.887698016827,18.7861607143,0,28.9479539055
2005-02-27,15.1145833333,0.887698016827,15.6551339286,0,60.7907032016
2005-02-28,22.671875,0.0,12.5241071429,0,49.2115216394
2005-03-01,15.1145833333,0.887698016827,18.7861607143,0,63.6854985921
2005-03-02,15.1145833333,0.0,25.0482142857,0,49.2115216394
2005-03-03,17.6336805556,0.0,25.0482142857,0,55.0011124205
2005-03-04,15.1145833333,0.887698016827,18.7861607143,0,57.895907811
2005-03-05,17.6336805556,0.887698016827,18.7861607143,0,52.1063170299
2005-03-06,20.1527777778,0.887698016827,18.7861607143,0,57.895907811
2005-03-07,20.1527777778,0.887698016827,25.0482142857,0,49.2115216394
2005-03-08,20.1527777778,0.0,21.9171875,0,55.0011124205
2005-03-09,15.1145833333,0.0,21.9171875,0,52.1063170299
2005-03-10,22.671875,0.887698016827,25.0482142857,0,55.0011124205
2005-03-11,15.1145833333,0.887698016827,15.6551339286,0,57.895907811
2005-03-12,10.0763888889,0.887698016827,25.0482142857,0,52.1063170299
2005-03-13,17.6336805556,0.887698016827,21.9171875,0,34.7375446866
2005-03-14,17.6336805556,0.887698016827,15.6551339286,0,57.895907811
2005-03-15,12.5954861111,0.0,25.0482142857,0,57.895907811
2005-03-16,22.671875,0.887698016827,21.9171875,0,49.2115216394
2005-03-17,15.1145833333,0.887698016827,18.7861607143,0,63.6854985921
2005-03-18,15.1145833333,0.887698016827,21.9171875,0,57.895907811
2005-03-19,12.5954861111,0.887698016827,15.6551339286,0,52.1063170299
2005-03-20,15.1145833333,0.0,15.6551339286,0,49.2115216394
2005-03-21,15.1145833333,0.887698016827,18.7861607143,0,46.3167262488
2005-03-22,15.1145833333,0.887698016827,25.0482142857,0,63.6854985921
2005-03-23,15.1145833333,0.0,21.9171875,0,52.1063170299
2005-03-24,17.6336805556,0.887698016827,21.9171875,0,66.5802939827
2005-03-25,22.671875,0.0,18.7861607143,0,60.7907032016
2005-03-26,17.6336805556,0.887698016827,12.5241071429,0,66.5802939827
2005-03-27,27.7100694444,1.77539603365,18.7861607143,0,43.4219308583
2005-03-28,17.6336805556,0.0,18.7861607143,0,52.1063170299
2005-03-29,17.6336805556,0.887698016827,18.7861607143,0,46.3167262488
2005-03-30,17.6336805556,0.887698016827,21.9171875,0,57.895907811
2005-03-31,15.1145833333,0.887698016827,21.9171875,0,49.2115216394
2005-04-01,20.1527777778,0.887698016827,34.4412946429,0,60.7907032016
2005-04-02,12.5954861111,0.887698016827,21.9171875,0,52.1063170299
2005-04-03,22.671875,0.887698016827,21.9171875,0,46.3167262488
2005-04-04,20.1527777778,0.887698016827,15.6551339286,0,46.3167262488
2005-04-05,0.0,0.0,0.0,0,0.0
2005-04-06,20.1527777778,0.887698016827,18.7861607143,0,66.5802939827
2005-04-07,20.1527777778,0.887698016827,21.9171875,0,49.2115216394
2005-04-08,22.671875,0.887698016827,18.7861607143,0,55.0011124205
2005-04-09,20.1527777778,0.0,12.5241071429,0,46.3167262488
2005-04-10,15.1145833333,0.887698016827,21.9171875,0,49.2115216394
2005-04-11,15.1145833333,0.887698016827,21.9171875,0,55.0011124205
2005-04-12,17.6336805556,0.0,25.0482142857,0,57.895907811
2005-04-13,20.1527777778,0.887698016827,25.0482142857,0,66.5802939827
2005-04-14,15.1145833333,0.0,21.9171875,0,55.0011124205
2005-04-15,17.6336805556,0.887698016827,18.7861607143,0,57.895907811
2005-04-16,22.671875,1.77539603365,18.7861607143,0,49.2115216394
2005-04-17,17.6336805556,0.887698016827,18.7861607143,0,57.895907811
2005-04-18,17.6336805556,0.887698016827,21.9171875,0,57.895907811
2005-04-19,17.6336805556,0.887698016827,18.7861607143,0,66.5802939827
2005-04-20,17.6336805556,0.0,25.0482142857,0,60.7907032016
2005-04-21,15.1145833333,0.887698016827,25.0482142857,0,60.7907032016
2005-04-22,17.6336805556,0.887698016827,18.7861607143,0,60.7907032016
2005-04-23,17.6336805556,0.887698016827,21.9171875,0,55.0011124205
2005-04-24,20.1527777778,0.887698016827,21.9171875,0,55.0011124205
2005-04-25,15.1145833333,0.887698016827,18.7861607143,0,66.5802939827
2005-04-26,12.5954861111,0.0,31.3102678571,0,69.4750893732
2005-04-27,15.1145833333,0.887698016827,18.7861607143,0,69.4750893732
2005-04-28,15.1145833333,0.887698016827,15.6551339286,0,72.3698847638
2005-04-29,12.5954861111,1.77539603365,18.7861607143,0,60.7907032016
2005-04-30,15.1145833333,0.887698016827,18.7861607143,0,69.4750893732
2005-05-01,20.1527777778,0.887698016827,18.7861607143,0,83.949066326
2005-05-02,15.1145833333,0.0,25.0482142857,0,83.949066326
2005-05-03,17.6336805556,0.887698016827,21.9171875,0,92.6334524977
2005-05-04,12.5954861111,0.887698016827,25.0482142857,0,101.317838669
2005-05-05,15.1145833333,0.887698016827,28.1792410714,0,89.7386571071
2005-05-06,12.5954861111,0.887698016827,25.0482142857,0,83.949066326
2005-05-07,15.1145833333,0.887698016827,15.6551339286,0,95.5282478882
2005-05-08,15.1145833333,0.0,21.9171875,0,78.1594755449
2005-05-09,17.6336805556,0.0,18.7861607143,0,55.0011124205
2005-05-10,12.5954861111,0.0,21.9171875,0,66.5802939827
2005-05-11,17.6336805556,0.0,15.6551339286,0,57.895907811
2005-05-12,15.1145833333,0.887698016827,21.9171875,0,60.7907032016
2005-05-13,12.5954861111,0.887698016827,15.6551339286,0,63.6854985921
2005-05-14,17.6336805556,0.0,15.6551339286,0,69.4750893732
2005-05-15,17.6336805556,0.887698016827,18.7861607143,0,57.895907811
2005-05-16,15.1145833333,0.887698016827,28.1792410714,0,66.5802939827
2005-05-17,12.5954861111,0.887698016827,18.7861607143,0,60.7907032016
2005-05-18,15.1145833333,0.887698016827,18.7861607143,0,60.7907032016
2005-05-19,10.0763888889,0.0,18.7861607143,0,60.7907032016
2005-05-20,15.1145833333,0.887698016827,21.9171875,0,63.6854985921
2005-05-21,15.1145833333,0.887698016827,18.7861607143,0,69.4750893732
2005-05-22,15.1145833333,0.0,12.5241071429,0,52.1063170299
2005-05-23,15.1145833333,0.887698016827,25.0482142857,0,63.6854985921
2005-05-24,15.1145833333,0.887698016827,18.7861607143,0,72.3698847638
2005-05-25,17.6336805556,0.887698016827,15.6551339286,0,63.6854985921
2005-05-26,12.5954861111,0.887698016827,25.0482142857,0,63.6854985921
2005-05-27,15.1145833333,0.887698016827,18.7861607143,0,55.0011124205
2005-05-28,12.5954861111,0.0,15.6551339286,0,52.1063170299
2005-05-29,15.1145833333,0.0,18.7861607143,0,46.3167262488
2005-05-30,12.5954861111,0.887698016827,21.9171875,0,57.895907811
2005-05-31,17.6336805556,0.0,21.9171875,0,63.6854985921
2005-06-01,12.5954861111,0.0,12.5241071429,0,72.3698847638
2005-06-02,15.1145833333,0.887698016827,18.7861607143,0,66.5802939827
2005-06-03,17.6336805556,0.0,25.0482142857,0,66.5802939827
2005-06-04,15.1145833333,0.887698016827,21.9171875,0,66.5802939827
2005-06-05,20.1527777778,0.887698016827,18.7861607143,0,49.2115216394
2005-06-06,15.1145833333,0.887698016827,18.7861607143,0,63.6854985921
2005-06-07,20.1527777778,0.887698016827,25.0482142857,0,63.6854985921
2005-06-08,8.70662977431,0.887698016827,24.8182795061,0,74.0177689486
2005-06-09,14.5110496238,0.0,21.2728110053,0,74.0177689486
2005-06-10,17.4132595486,0.0,24.8182795061,0,74.0177689486
2005-06-11,8.70662977431,1.77539603365,21.2728110053,0,56.9367453451
2005-06-12,17.4132595486,0.887698016827,17.7273425044,0,74.0177689486
2005-06-13,11.6088396991,0.0,21.2728110053,0,56.9367453451
2005-06-14,17.4132595486,0.0,17.7273425044,0,74.0177689486
2005-06-15,17.4132595486,0.0,24.8182795061,0,74.0177689486
2005-06-16,14.5110496238,0.0,21.2728110053,0,74.0177689486
2005-06-17,17.4132595486,0.887698016827,17.7273425044,0,76.8646062159
2005-06-18,14.5110496238,0.0,21.2728110053,0,65.4772571469
2005-06-19,17.4132595486,0.887698016827,14.1818740035,0,62.6304198796
2005-06-20,8.70662977431,0.887698016827,17.7273425044,0,65.4772571469
2005-06-21,17.4132595486,0.887698016827,17.7273425044,0,62.6304198796
2005-06-22,17.4132595486,1.77539603365,17.7273425044,0,74.0177689486
2005-06-23,17.4132595486,0.0,17.7273425044,0,65.4772571469
2005-06-24,17.4132595486,0.887698016827,21.2728110053,0,51.2430708106
2005-06-25,17.4132595486,1.77539603365,17.7273425044,0,45.5493962761
2005-06-26,23.2176793981,1.77539603365,24.8182795061,0,59.7835826124
2005-06-27,17.4132595486,0.887698016827,17.7273425044,0,48.3962335433
2005-06-28,14.5110496238,0.887698016827,21.2728110053,0,59.7835826124
2005-06-29,26.1198893229,0.0,24.8182795061,0,59.7835826124
2005-06-30,14.5110496238,0.887698016827,21.2728110053,0,54.0899080778
2005-07-01,17.4132595486,0.887698016827,17.7273425044,0,56.9367453451
2005-07-02,17.4132595486,1.77539603365,14.1818740035,0,65.4772571469
2005-07-03,26.1198893229,0.887698016827,17.7273425044,0,37.0088844743
2005-07-04,17.4132595486,0.0,21.2728110053,0,48.3962335433
2005-07-05,20.3154694734,0.887698016827,21.2728110053,0,51.2430708106
2005-07-06,14.5110496238,0.887698016827,21.2728110053,0,59.7835826124
2005-07-07,20.3154694734,0.0,14.1818740035,0,56.9367453451
2005-07-08,17.4132595486,0.0,17.7273425044,0,59.7835826124
2005-07-09,20.3154694734,0.887698016827,14.1818740035,0,56.9367453451
2005-07-10,23.2176793981,0.0,31.9092165079,0,54.0899080778
2005-07-11,17.4132595486,0.0,21.2728110053,0,59.7835826124
2005-07-12,14.5110496238,0.887698016827,24.8182795061,0,56.9367453451
2005-07-13,17.4132595486,0.0,28.363748007,0,65.4772571469
2005-07-14,14.5110496238,0.0,21.2728110053,0,54.0899080778
2005-07-15,17.4132595486,0.887698016827,21.2728110053,0,56.9367453451
2005-07-16,17.4132595486,0.887698016827,24.8182795061,0,54.0899080778
2005-07-17,20.3154694734,0.0,21.2728110053,0,45.5493962761
2005-07-18,20.3154694734,0.887698016827,28.363748007,0,59.7835826124
2005-07-19,20.3154694734,0.887698016827,17.7273425044,0,56.9367453451
2005-07-20,17.4132595486,0.0,24.8182795061,0,74.0177689486
2005-07-21,20.3154694734,0.887698016827,28.363748007,0,59.7835826124
2005-07-22,14.5110496238,0.887698016827,17.7273425044,0,65.4772571469
2005-07-23,11.6088396991,0.887698016827,17.7273425044,0,59.7835826124
2005-07-24,23.2176793981,1.77539603365,21.2728110053,0,48.3962335433
2005-07-25,17.4132595486,0.887698016827,21.2728110053,0,56.9367453451
2005-07-26,20.3154694734,0.0,21.2728110053,0,59.7835826124
2005-07-27,20.3154694734,0.887698016827,21.2728110053,0,62.6304198796
2005-07-28,20.3154694734,0.0,24.8182795061,0,56.9367453451
2005-07-29,17.4132595486,0.887698016827,21.2728110053,0,59.7835826124
2005-07-30,20.3154694734,0.887698016827,24.8182795061,0,48.3962335433
2005-07-31,17.4132595486,0.0,14.1818740035,0,51.2430708106
2005-08-01,20.3154694734,0.0,17.7273425044,0,62.6304198796
2005-08-02,20.3154694734,0.887698016827,21.2728110053,0,59.7835826124
2005-08-03,17.4132595486,0.887698016827,17.7273425044,0,65.4772571469
2005-08-04,23.2176793981,0.0,24.8182795061,0,65.4772571469
2005-08-05,17.4132595486,0.887698016827,17.7273425044,0,62.6304198796
2005-08-06,11.6088396991,0.887698016827,14.1818740035,0,62.6304198796
2005-08-07,23.2176793981,0.887698016827,28.363748007,0,65.4772571469
2005-08-08,17.4132595486,0.887698016827,17.7273425044,0,59.7835826124
2005-08-09,17.4132595486,0.887698016827,17.7273425044,0,65.4772571469
2005-08-10,11.6088396991,0.887698016827,24.8182795061,0,74.0177689486
2005-08-11,14.5110496238,0.0,21.2728110053,0,71.1709316814
2005-08-12,20.3154694734,0.0,21.2728110053,0,65.4772571469
2005-08-13,20.3154694734,0.0,28.363748007,0,48.3962335433
2005-08-14,23.2176793981,0.0,24.8182795061,0,45.5493962761
2005-08-15,23.2176793981,0.887698016827,17.7273425044,0,62.6304198796
2005-08-16,14.5110496238,0.887698016827,24.8182795061,0,65.4772571469
2005-08-17,17.4132595486,0.887698016827,21.2728110053,0,56.9367453451
2005-08-18,17.4132595486,0.887698016827,17.7273425044,0,68.3240944141
2005-08-19,14.5110496238,0.0,17.7273425044,0,65.4772571469
2005-08-20,14.5110496238,0.887698016827,21.2728110053,0,39.8557217416
2005-08-21,23.2176793981,0.887698016827,17.7273425044,0,42.7025590088
2005-08-22,20.3154694734,0.887698016827,21.2728110053,0,71.1709316814
2005-08-23,20.3154694734,0.887698016827,21.2728110053,0,65.4772571469
2005-08-24,14.5110496238,0.887698016827,21.2728110053,0,51.2430708106
2005-08-25,23.2176793981,0.887698016827,24.8182795061,0,71.1709316814
2005-08-26,17.4132595486,0.887698016827,14.1818740035,0,62.6304198796
2005-08-27,14.5110496238,0.887698016827,21.2728110053,0,48.3962335433
2005-08-28,23.2176793981,0.0,24.8182795061,0,54.0899080778
2005-08-29,20.3154694734,0.0,21.2728110053,0,56.9367453451
2005-08-30,14.5110496238,0.887698016827,17.7273425044,0,51.2430708106
2005-08-31,20.3154694734,0.887698016827,14.1818740035,0,56.9367453451
2005-09-01,17.4132595486,0.887698016827,14.1818740035,0,56.9367453451
2005-09-02,20.3154694734,0.0,21.2728110053,0,54.0899080778
2005-09-03,20.3154694734,0.887698016827,28.363748007,0,54.0899080778
2005-09-04,23.2176793981,1.77539603365,14.1818740035,0,48.3962335433
2005-09-05,20.3154694734,0.0,21.2728110053,0,48.3962335433
2005-09-06,20.3154694734,0.0,17.7273425044,0,51.2430708106
2005-09-07,23.2176793981,0.887698016827,21.2728110053,0,54.0899080778
2005-09-08,17.4132595486,0.887698016827,21.2728110053,0,62.6304198796
2005-09-09,14.5110496238,0.887698016827,24.8182795061,0,65.4772571469
2005-09-10,17.4132595486,1.77539603365,14.1818740035,0,59.7835826124
2005-09-11,26.1198893229,0.887698016827,17.7273425044,0,51.2430708106
2005-09-12,26.1198893229,0.887698016827,21.2728110053,0,56.9367453451
2005-09-13,29.0220992477,0.887698016827,28.363748007,0,56.9367453451
2005-09-14,23.2176793981,0.0,17.7273425044,0,68.3240944141
2005-09-15,17.4132595486,0.887698016827,24.8182795061,0,62.6304198796
2005-09-16,17.4132595486,0.0,17.7273425044,0,65.4772571469
2005-09-17,14.5110496238,1.77539603365,14.1818740035,0,65.4772571469
2005-09-18,23.2176793981,0.0,17.7273425044,0,48.3962335433
2005-09-19,20.3154694734,0.887698016827,21.2728110053,0,62.6304198796
2005-09-20,23.2176793981,0.887698016827,24.8182795061,0,56.9367453451
2005-09-21,17.4132595486,0.887698016827,21.2728110053,0,59.7835826124
2005-09-22,14.5110496238,0.887698016827,24.8182795061,0,56.9367453451
2005-09-23,14.5110496238,1.77539603365,21.2728110053,0,45.5493962761
2005-09-24,14.5110496238,1.77539603365,17.7273425044,0,56.9367453451
2005-09-25,20.3154694734,0.887698016827,17.7273425044,0,51.2430708106
2005-09-26,20.3154694734,0.887698016827,21.2728110053,0,59.7835826124
2005-09-27,14.5110496238,0.887698016827,21.2728110053,0,71.1709316814
2005-09-28,17.4132595486,0.887698016827,24.8182795061,0,59.7835826124
2005-09-29,20.3154694734,0.0,17.7273425044,0,65.4772571469
2005-09-30,20.3154694734,0.887698016827,21.2728110053,0,56.9367453451
2005-10-01,14.5110496238,0.887698016827,17.7273425044,0,59.7835826124
2005-10-02,29.0220992477,0.887698016827,17.7273425044,0,68.3240944141
2005-10-03,20.3154694734,0.887698016827,17.7273425044,0,62.6304198796
2005-10-04,20.3154694734,0.887698016827,21.2728110053,0,56.9367453451
2005-10-05,20.3154694734,0.887698016827,24.8182795061,0,65.4772571469
2005-10-06,20.3154694734,0.887698016827,17.7273425044,0,59.7835826124
2005-10-07,17.4132595486,0.887698016827,14.1818740035,0,56.9367453451
2005-10-08,17.4132595486,0.0,14.1818740035,0,56.9367453451
2005-10-09,23.2176793981,0.887698016827,17.7273425044,0,54.0899080778
2005-10-10,23.2176793981,0.0,21.2728110053,0,62.6304198796
2005-10-11,20.3154694734,0.887698016827,17.7273425044,0,71.1709316814
2005-10-12,20.3154694734,0.887698016827,24.8182795061,0,62.6304198796
2005-10-13,14.5110496238,0.887698016827,21.2728110053,0,59.7835826124
2005-10-14,17.4132595486,0.887698016827,17.7273425044,0,65.4772571469
2005-10-15,26.1198893229,0.887698016827,21.2728110053,0,65.4772571469
2005-10-16,23.2176793981,0.0,14.1818740035,0,59.7835826124
2005-10-17,17.4132595486,0.887698016827,21.2728110053,0,62.6304198796
2005-10-18,20.3154694734,0.887698016827,21.2728110053,0,65.4772571469
2005-10-19,20.3154694734,0.887698016827,17.7273425044,0,76.8646062159
2005-10-20,17.4132595486,0.0,17.7273425044,0,74.0177689486
2005-10-21,20.3154694734,0.887698016827,21.2728110053,0,68.3240944141
2005-10-22,20.3154694734,0.887698016827,14.1818740035,0,65.4772571469
2005-10-23,23.2176793981,1.77539603365,21.2728110053,0,62.6304198796
2005-10-24,20.3154694734,0.0,17.7273425044,0,62.6304198796
2005-10-25,23.2176793981,0.0,21.2728110053,0,65.4772571469
2005-10-26,26.1198893229,0.887698016827,21.2728110053,0,65.4772571469
2005-10-27,17.4132595486,0.887698016827,21.2728110053,0,74.0177689486
2005-10-28,11.6088396991,0.0,24.8182795061,0,65.4772571469
2005-10-29,20.3154694734,0.887698016827,24.8182795061,0,65.4772571469
2005-10-30,23.2176793981,0.887698016827,17.7273425044,0,56.9367453451
2005-10-31,26.1198893229,0.887698016827,21.2728110053,0,74.0177689486
2005-11-01,23.2176793981,0.887698016827,24.8182795061,0,65.4772571469
2005-11-02,20.3154694734,0.887698016827,21.2728110053,0,76.8646062159
2005-11-03,20.3154694734,0.887698016827,21.2728110053,0,74.0177689486
2005-11-04,20.3154694734,0.887698016827,17.7273425044,0,85.4051180176
2005-11-05,14.5110496238,0.887698016827,21.2728110053,0,59.7835826124
2005-11-06,23.2176793981,0.887698016827,21.2728110053,0,71.1709316814
2005-11-07,17.4132595486,0.887698016827,17.7273425044,0,85.4051180176
2005-11-08,23.2176793981,0.887698016827,24.8182795061,0,76.8646062159
2005-11-09,23.2176793981,0.887698016827,14.1818740035,0,74.0177689486
2005-11-10,17.4132595486,0.887698016827,21.2728110053,0,96.7924670867
2005-11-11,14.5110496238,0.887698016827,17.7273425044,0,76.8646062159
2005-11-12,14.5110496238,0.887698016827,17.7273425044,0,79.7114434831
2005-11-13,20.3154694734,0.887698016827,24.8182795061,0,88.2519552849
2005-11-14,23.2176793981,0.887698016827,24.8182795061,0,76.8646062159
2005-11-15,17.4132595486,0.887698016827,24.8182795061,0,96.7924670867
2005-11-16,20.3154694734,0.887698016827,21.2728110053,0,93.9456298194
2005-11-17,17.4132595486,0.887698016827,24.8182795061,0,111.026653423
2005-11-18,17.4132595486,0.887698016827,14.1818740035,0,88.2519552849
2005-11-19,17.4132595486,0.0,14.1818740035,0,105.332978888
2005-11-20,20.3154694734,0.887698016827,10.6364055026,0,113.87349069
2005-11-21,17.4132595486,0.887698016827,17.7273425044,0,116.720327957
2005-11-22,20.3154694734,0.887698016827,21.2728110053,0,130.954514294
2005-11-23,14.5110496238,0.887698016827,17.7273425044,0,125.260839759
2005-11-24,11.6088396991,0.0,10.6364055026,0,88.2519552849
2005-11-25,20.3154694734,0.887698016827,24.8182795061,0,136.648188828
2005-11-26,11.6088396991,1.77539603365,24.8182795061,0,130.954514294
2005-11-27,23.2176793981,0.887698016827,14.1818740035,0,150.882375165
2005-11-28,14.5110496238,3.55079206731,17.7273425044,0,153.729212432
2005-11-29,20.3154694734,0.887698016827,24.8182795061,0,145.18870063
2005-11-30,17.4132595486,0.887698016827,21.2728110053,0,156.576049699
2005-12-01,26.1198893229,0.887698016827,17.7273425044,0,150.882375165
2005-12-02,17.4132595486,0.887698016827,24.8182795061,0,165.116561501
2005-12-03,23.2176793981,0.887698016827,17.7273425044,0,179.350747837
2005-12-04,17.4132595486,0.887698016827,10.6364055026,0,173.657073303
2005-12-05,20.3154694734,0.887698016827,17.7273425044,0,182.197585104
2005-12-06,17.4132595486,0.887698016827,21.2728110053,0,199.278608708
2005-12-07,20.3154694734,0.887698016827,21.2728110053,0,204.972283242
2005-12-08,17.4132595486,0.0,21.2728110053,0,196.431771441
2005-12-09,11.6088396991,0.887698016827,17.7273425044,0,213.512795044
2005-12-10,14.5110496238,0.0,21.2728110053,0,230.593818648
2005-12-11,14.5110496238,0.887698016827,17.7273425044,0,222.053306846
2005-12-12,17.4132595486,0.887698016827,21.2728110053,0,227.74698138
2005-12-13,17.4132595486,0.887698016827,17.7273425044,0,244.828004984
2005-12-14,20.3154694734,0.0,17.7273425044,0,236.287493182
2005-12-15,17.4132595486,0.887698016827,17.7273425044,0,247.674842251
2005-12-16,20.3154694734,0.887698016827,17.7273425044,0,259.06219132
2005-12-17,14.5110496238,0.887698016827,14.1818740035,0,261.909028587
2005-12-18,20.3154694734,1.77539603365,14.1818740035,0,264.755865855
2005-12-19,17.4132595486,0.887698016827,21.2728110053,0,284.683726725
2005-12-20,20.3154694734,0.887698016827,14.1818740035,0,278.990052191
2005-12-21,17.4132595486,0.0,17.7273425044,0,267.602703122
2005-12-22,11.6088396991,0.887698016827,17.7273425044,0,236.287493182
2005-12-23,17.4132595486,0.887698016827,17.7273425044,0,241.981167717
2005-12-24,14.5110496238,0.887698016827,10.6364055026,0,239.134330449
2005-12-25,14.5110496238,0.0,10.6364055026,0,142.341863363
2005-12-26,8.70662977431,0.887698016827,17.7273425044,0,91.0987925522
2005-12-27,11.6088396991,0.887698016827,14.1818740035,0,105.332978888
2005-12-28,17.4132595486,0.887698016827,17.7273425044,0,88.2519552849
2005-12-29,11.6088396991,1.77539603365,21.2728110053,0,79.7114434831
2005-12-30,14.5110496238,0.887698016827,21.2728110053,0,79.7114434831
2005-12-31,17.4132595486,0.0,17.7273425044,0,76.8646062159
2006-01-01,29.0220992477,0.887698016827,17.7273425044,0,62.6304198796
2006-01-02,17.4132595486,0.887698016827,24.8182795061,0,62.6304198796
2006-01-03,20.3154694734,0.0,24.8182795061,0,68.3240944141
2006-01-04,20.3154694734,0.887698016827,21.2728110053,0,62.6304198796
2006-01-05,17.4132595486,0.887698016827,24.8182795061,0,56.9367453451
2006-01-06,17.4132595486,0.887698016827,21.2728110053,0,48.3962335433
2006-01-07,14.5110496238,0.887698016827,21.2728110053,0,62.6304198796
2006-01-08,29.0220992477,0.887698016827,17.7273425044,0,56.9367453451
2006-01-09,26.1198893229,0.887698016827,17.7273425044,0,62.6304198796
2006-01-10,23.2176793981,0.887698016827,28.363748007,0,59.7835826124
2006-01-11,17.4132595486,0.887698016827,28.363748007,0,59.7835826124
2006-01-12,20.3154694734,0.887698016827,21.2728110053,0,56.9367453451
2006-01-13,14.5110496238,0.0,21.2728110053,0,56.9367453451
2006-01-14,20.3154694734,0.0,21.2728110053,0,51.2430708106
2006-01-15,26.1198893229,0.887698016827,24.8182795061,0,45.5493962761
2006-01-16,23.2176793981,0.887698016827,21.2728110053,0,51.2430708106
2006-01-17,17.4132595486,0.887698016827,24.8182795061,0,56.9367453451
2006-01-18,20.3154694734,0.887698016827,21.2728110053,0,62.6304198796
2006-01-19,11.6088396991,0.887698016827,24.8182795061,0,54.0899080778
2006-01-20,14.5110496238,0.887698016827,21.2728110053,0,62.6304198796
2006-01-21,20.3154694734,0.887698016827,17.7273425044,0,62.6304198796
2006-01-22,26.1198893229,1.77539603365,21.2728110053,0,54.0899080778
2006-01-23,20.3154694734,0.887698016827,24.8182795061,0,59.7835826124
2006-01-24,20.3154694734,0.887698016827,28.363748007,0,56.9367453451
2006-01-25,20.3154694734,0.887698016827,21.2728110053,0,56.9367453451
2006-01-26,17.4132595486,0.887698016827,24.8182795061,0,59.7835826124
2006-01-27,20.3154694734,0.887698016827,24.8182795061,0,59.7835826124
2006-01-28,17.4132595486,0.0,14.1818740035,0,56.9367453451
2006-01-29,14.5110496238,0.0,21.2728110053,0,71.1709316814
2006-01-30,17.4132595486,0.887698016827,24.8182795061,0,62.6304198796
2006-01-31,17.4132595486,0.887698016827,24.8182795061,0,62.6304198796
2006-02-01,20.3154694734,0.443849008413,24.8182795061,0,68.3240944141
2006-02-02,17.4132595486,0.887698016827,28.363748007,0,71.1709316814
2006-02-03,20.3154694734,0.443849008413,17.7273425044,0,68.3240944141
2006-02-04,17.4132595486,1.33154702524,17.7273425044,0,59.7835826124
2006-02-05,23.2176793981,0.443849008413,21.2728110053,0,56.9367453451
2006-02-06,23.2176793981,0.443849008413,21.2728110053,0,71.1709316814
2006-02-07,20.3154694734,0.887698016827,24.8182795061,0,65.4772571469
2006-02-08,20.3154694734,0.443849008413,28.363748007,0,76.8646062159
2006-02-09,14.5110496238,0.887698016827,21.2728110053,0,82.5582807504
2006-02-10,11.6088396991,1.33154702524,21.2728110053,0,71.1709316814
2006-02-11,14.5110496238,1.33154702524,17.7273425044,0,74.0177689486
2006-02-12,23.2176793981,0.443849008413,24.8182795061,0,65.4772571469
2006-02-13,17.4132595486,0.887698016827,17.7273425044,0,93.9456298194
2006-02-14,17.4132595486,0.887698016827,24.8182795061,0,82.5582807504
2006-02-15,17.4132595486,0.887698016827,21.2728110053,0,48.3962335433
2006-02-16,20.3154694734,0.887698016827,31.9092165079,0,51.2430708106
2006-02-17,15.8047097202,0.443849008413,23.3484725627,0,37.8478047824
2006-02-18,16.7925040777,0.0,25.9427472919,0,40.8357893704
2006-02-19,19.7558871503,1.33154702524,23.3484725627,0,38.843799645
2006-02-20,22.7192702228,0.443849008413,22.0513351981,0,49.7997431347
2006-02-21,15.8047097202,0.443849008413,22.0513351981,0,44.8197688212
2006-02-22,16.7925040777,0.443849008413,23.3484725627,0,45.8157636839
2006-02-23,15.8047097202,1.33154702524,20.7541978335,0,48.803748272
2006-02-24,18.7680927928,0.443849008413,20.7541978335,0,52.7877277228
2006-02-25,16.7925040777,0.887698016827,25.9427472919,0,41.8317842331
2006-02-26,19.7558871503,1.77539603365,28.5370220211,0,46.8117585466
2006-02-27,15.8047097202,0.443849008413,25.9427472919,0,49.7997431347
2006-02-28,16.7925040777,0.443849008413,22.0513351981,0,46.8117585466
2006-03-01,21.7314758653,0.443849008413,22.0513351981,0,46.8117585466
2006-03-02,15.8047097202,0.443849008413,24.6456099273,0,47.8077534093
2006-03-03,18.7680927928,0.887698016827,29.8341593857,0,53.7837225855
2006-03-04,22.7192702228,0.443849008413,19.4570604689,0,47.8077534093
2006-03-05,17.7802984352,0.443849008413,23.3484725627,0,46.8117585466
2006-03-06,16.7925040777,1.33154702524,22.0513351981,0,50.7957379974
2006-03-07,20.7436815078,1.33154702524,24.6456099273,0,53.7837225855
2006-03-08,21.7314758653,0.887698016827,28.5370220211,0,48.803748272
2006-03-09,15.8047097202,0.443849008413,19.4570604689,0,46.8117585466
2006-03-10,19.7558871503,0.443849008413,25.9427472919,0,45.8157636839
2006-03-11,13.8291210052,0.443849008413,27.2398846565,0,51.7917328601
2006-03-12,22.7192702228,1.77539603365,15.5656483751,0,52.7877277228
2006-03-13,16.7925040777,1.33154702524,29.8341593857,0,52.7877277228
2006-03-14,22.7192702228,0.443849008413,18.1599231043,0,53.7837225855
2006-03-15,21.7314758653,0.887698016827,24.6456099273,0,56.7717071735
2006-03-16,15.8047097202,0.443849008413,22.0513351981,0,48.803748272
2006-03-17,16.7925040777,0.887698016827,29.8341593857,0,51.7917328601
2006-03-18,16.7925040777,1.33154702524,19.4570604689,0,39.8397945077
2006-03-19,18.7680927928,0.887698016827,28.5370220211,0,49.7997431347
2006-03-20,14.8169153627,0.443849008413,27.2398846565,0,48.803748272
2006-03-21,14.8169153627,0.887698016827,24.6456099273,0,47.8077534093
2006-03-22,15.8047097202,0.443849008413,22.0513351981,0,54.7797174481
2006-03-23,16.7925040777,0.443849008413,23.3484725627,0,53.7837225855
2006-03-24,16.7925040777,0.887698016827,23.3484725627,0,48.803748272
2006-03-25,13.8291210052,0.443849008413,19.4570604689,0,46.8117585466
2006-03-26,22.7192702228,0.443849008413,22.0513351981,0,40.8357893704
2006-03-27,14.8169153627,0.887698016827,22.0513351981,0,43.8237739585
2006-03-28,20.7436815078,0.443849008413,24.6456099273,0,53.7837225855
2006-03-29,20.7436815078,0.887698016827,22.0513351981,0,45.8157636839
2006-03-30,13.8291210052,0.443849008413,29.8341593857,0,47.8077534093
2006-03-31,21.7314758653,0.887698016827,25.9427472919,0,50.7957379974
2006-04-01,17.7802984352,1.33154702524,23.3484725627,0,56.7717071735
2006-04-02,14.8169153627,0.887698016827,23.3484725627,0,32.8678304689
2006-04-03,16.7925040777,0.443849008413,22.0513351981,0,52.7877277228
2006-04-04,17.7802984352,0.887698016827,27.2398846565,0,50.7957379974
2006-04-05,22.7192702228,0.887698016827,22.0513351981,0,56.7717071735
2006-04-06,17.7802984352,0.443849008413,31.1312967503,0,53.7837225855
2006-04-07,15.8047097202,0.443849008413,25.9427472919,0,51.7917328601
2006-04-08,9.87794357514,1.33154702524,27.2398846565,0,48.803748272
2006-04-09,17.7802984352,0.443849008413,31.1312967503,0,52.7877277228
2006-04-10,18.7680927928,0.443849008413,33.7255714795,0,52.7877277228
2006-04-11,16.7925040777,1.33154702524,24.6456099273,0,51.7917328601
2006-04-12,22.7192702228,0.443849008413,24.6456099273,0,56.7717071735
2006-04-13,17.7802984352,0.443849008413,28.5370220211,0,58.7636968989
2006-04-14,19.7558871503,2.21924504207,19.4570604689,0,54.7797174481
2006-04-15,18.7680927928,1.33154702524,20.7541978335,0,40.8357893704
2006-04-16,27.6582420104,0.887698016827,22.0513351981,0,40.8357893704
2006-04-17,23.7070645803,0.887698016827,24.6456099273,0,51.7917328601
2006-04-18,19.7558871503,1.33154702524,25.9427472919,0,54.7797174481
2006-04-19,14.8169153627,0.887698016827,29.8341593857,0,55.7757123108
2006-04-20,19.7558871503,0.443849008413,23.3484725627,0,56.7717071735
2006-04-21,14.8169153627,1.33154702524,19.4570604689,0,47.8077534093
2006-04-22,13.8291210052,0.887698016827,19.4570604689,0,55.7757123108
2006-04-23,22.7192702228,0.443849008413,20.7541978335,0,48.803748272
2006-04-24,18.7680927928,0.443849008413,25.9427472919,0,56.7717071735
2006-04-25,13.8291210052,1.33154702524,23.3484725627,0,65.7356609378
2006-04-26,17.7802984352,1.33154702524,27.2398846565,0,67.7276506632
2006-04-27,14.8169153627,0.887698016827,19.4570604689,0,53.7837225855
2006-04-28,16.7925040777,0.887698016827,19.4570604689,0,67.7276506632
2006-04-29,18.7680927928,0.0,18.1599231043,0,59.7596917616
2006-04-30,17.7802984352,1.33154702524,20.7541978335,0,60.7556866243
2006-05-01,19.7558871503,0.443849008413,20.7541978335,0,60.7556866243
2006-05-02,12.8413266477,0.443849008413,24.6456099273,0,58.7636968989
2006-05-03,16.7925040777,0.887698016827,20.7541978335,0,70.7156352512
2006-05-04,15.8047097202,0.443849008413,22.0513351981,0,66.7316558005
2006-05-05,10.8657379326,0.887698016827,18.1599231043,0,66.7316558005
2006-05-06,13.8291210052,1.33154702524,18.1599231043,0,78.6835941528
2006-05-07,24.6948589378,0.887698016827,19.4570604689,0,64.7396660751
2006-05-08,13.8291210052,0.887698016827,22.0513351981,0,80.6755838782
2006-05-09,11.8535322902,0.443849008413,23.3484725627,0,82.6675736036
2006-05-10,13.8291210052,0.443849008413,23.3484725627,0,85.6555581916
2006-05-11,17.7802984352,0.443849008413,20.7541978335,0,81.6715787409
2006-05-12,13.8291210052,1.33154702524,18.1599231043,0,89.6395376424
2006-05-13,14.8169153627,1.33154702524,22.0513351981,0,77.6875992901
2006-05-14,16.7925040777,0.443849008413,16.8627857397,0,68.7236455259
2006-05-15,17.7802984352,0.443849008413,23.3484725627,0,61.751681487
2006-05-16,14.8169153627,0.887698016827,23.3484725627,0,64.7396660751
2006-05-17,11.8535322902,0.887698016827,23.3484725627,0,64.7396660751
2006-05-18,14.8169153627,0.887698016827,19.4570604689,0,61.751681487
2006-05-19,15.8047097202,0.887698016827,22.0513351981,0,67.7276506632
2006-05-20,15.8047097202,0.443849008413,19.4570604689,0,59.7596917616
2006-05-21,21.7314758653,0.0,19.4570604689,0,46.8117585466
2006-05-22,15.8047097202,0.0,16.8627857397,0,56.7717071735
2006-05-23,17.7802984352,0.443849008413,19.4570604689,0,57.7677020362
2006-05-24,14.8169153627,0.887698016827,19.4570604689,0,55.7757123108
2006-05-25,11.8535322902,0.443849008413,19.4570604689,0,52.7877277228
2006-05-26,11.8535322902,0.443849008413,20.7541978335,0,58.7636968989
2006-05-27,15.8047097202,1.77539603365,25.9427472919,0,55.7757123108
2006-05-28,27.6582420104,0.443849008413,18.1599231043,0,36.8518099197
2006-05-29,12.8413266477,1.33154702524,15.5656483751,0,43.8237739585
2006-05-30,17.7802984352,0.443849008413,25.9427472919,0,58.7636968989
2006-05-31,12.8413266477,0.443849008413,23.3484725627,0,60.7556866243
2006-06-01,15.8047097202,1.77539603365,19.4570604689,0,58.7636968989
2006-06-02,17.7802984352,0.443849008413,22.0513351981,0,67.7276506632
2006-06-03,13.8291210052,0.443849008413,19.4570604689,0,67.7276506632
2006-06-04,20.7436815078,1.77539603365,20.7541978335,0,53.7837225855
2006-06-05,14.8169153627,0.887698016827,25.9427472919,0,60.7556866243
2006-06-06,12.8413266477,0.443849008413,19.4570604689,0,63.7436712124
2006-06-07,16.7925040777,0.443849008413,24.6456099273,0,63.7436712124
2006-06-08,15.8047097202,1.33154702524,19.4570604689,0,66.7316558005
2006-06-09,16.7925040777,1.33154702524,16.8627857397,0,67.7276506632
2006-06-10,12.8413266477,1.77539603365,20.7541978335,0,68.7236455259
2006-06-11,15.8047097202,0.443849008413,16.8627857397,0,62.7476763497
2006-06-12,12.8413266477,0.443849008413,24.6456099273,0,67.7276506632
2006-06-13,14.8169153627,0.887698016827,23.3484725627,0,64.7396660751
2006-06-14,17.7802984352,0.443849008413,18.1599231043,0,79.6795890155
2006-06-15,18.7680927928,0.887698016827,19.4570604689,0,76.6916044274
2006-06-16,12.8413266477,0.887698016827,20.7541978335,0,71.7116301139
2006-06-17,16.7925040777,1.33154702524,16.8627857397,0,76.6916044274
2006-06-18,18.7680927928,0.887698016827,23.3484725627,0,65.7356609378
2006-06-19,15.8047097202,0.887698016827,25.9427472919,0,60.7556866243
2006-06-20,14.8169153627,0.443849008413,19.4570604689,0,58.7636968989
2006-06-21,16.7925040777,0.887698016827,23.3484725627,0,59.7596917616
2006-06-22,17.7802984352,0.443849008413,23.3484725627,0,69.7196403885
2006-06-23,12.8413266477,0.443849008413,18.1599231043,0,55.7757123108
2006-06-24,12.8413266477,0.0,16.8627857397,0,58.7636968989
2006-06-25,20.7436815078,0.0,20.7541978335,0,47.8077534093
2006-06-26,20.7436815078,0.887698016827,23.3484725627,0,55.7757123108
2006-06-27,16.7925040777,1.33154702524,22.0513351981,0,50.7957379974
2006-06-28,18.7680927928,1.33154702524,20.7541978335,0,60.7556866243
2006-06-29,13.8291210052,0.887698016827,22.0513351981,0,53.7837225855
2006-06-30,13.8291210052,1.33154702524,14.2685110106,0,54.7797174481
2006-07-01,13.8291210052,0.443849008413,15.5656483751,0,51.7917328601
2006-07-02,24.6948589378,0.887698016827,23.3484725627,0,47.8077534093
2006-07-03,11.8535322902,0.887698016827,18.1599231043,0,54.7797174481
2006-07-04,12.8413266477,0.443849008413,27.2398846565,0,43.8237739585
2006-07-05,12.8413266477,1.33154702524,18.1599231043,0,48.803748272
2006-07-06,17.7802984352,0.887698016827,19.4570604689,0,67.7276506632
2006-07-07,11.8535322902,1.33154702524,14.2685110106,0,57.7677020362
2006-07-08,13.8291210052,1.33154702524,24.6456099273,0,49.7997431347
2006-07-09,24.6948589378,0.887698016827,20.7541978335,0,44.8197688212
2006-07-10,14.8169153627,0.443849008413,19.4570604689,0,53.7837225855
2006-07-11,13.8291210052,0.887698016827,22.0513351981,0,60.7556866243
2006-07-12,16.7925040777,0.887698016827,18.1599231043,0,60.7556866243
2006-07-13,17.7802984352,0.443849008413,23.3484725627,0,56.7717071735
2006-07-14,14.8169153627,0.443849008413,18.1599231043,0,55.7757123108
2006-07-15,9.87794357514,0.443849008413,23.3484725627,0,48.803748272
2006-07-16,24.6948589378,0.887698016827,20.7541978335,0,45.8157636839
2006-07-17,15.8047097202,0.443849008413,20.7541978335,0,55.7757123108
2006-07-18,15.8047097202,0.887698016827,18.1599231043,0,65.7356609378
2006-07-19,17.7802984352,0.443849008413,20.7541978335,0,67.7276506632
2006-07-20,14.8169153627,1.33154702524,20.7541978335,0,59.7596917616
2006-07-21,16.7925040777,0.887698016827,18.1599231043,0,49.7997431347
2006-07-22,12.8413266477,0.887698016827,18.1599231043,0,45.8157636839
2006-07-23,17.7802984352,0.887698016827,15.5656483751,0,46.8117585466
2006-07-24,13.8291210052,0.443849008413,19.4570604689,0,64.7396660751
2006-07-25,14.8169153627,0.443849008413,19.4570604689,0,61.751681487
2006-07-26,14.8169153627,0.887698016827,24.6456099273,0,63.7436712124
2006-07-27,16.7925040777,1.33154702524,22.0513351981,0,58.7636968989
2006-07-28,16.7925040777,1.33154702524,18.1599231043,0,53.7837225855
2006-07-29,13.8291210052,1.33154702524,22.0513351981,0,47.8077534093
2006-07-30,16.7925040777,0.443849008413,18.1599231043,0,54.7797174481
2006-07-31,14.8169153627,0.443849008413,22.0513351981,0,50.7957379974
2006-08-01,14.8169153627,0.443849008413,25.9427472919,0,59.7596917616
2006-08-02,16.7925040777,0.887698016827,20.7541978335,0,64.7396660751
2006-08-03,16.7925040777,0.887698016827,20.7541978335,0,55.7757123108
2006-08-04,13.8291210052,0.887698016827,18.1599231043,0,61.751681487
2006-08-05,13.8291210052,0.443849008413,24.6456099273,0,50.7957379974
2006-08-06,20.7436815078,1.77539603365,22.0513351981,0,53.7837225855
2006-08-07,16.7925040777,0.443849008413,18.1599231043,0,61.751681487
2006-08-08,14.8169153627,0.443849008413,15.5656483751,0,62.7476763497
2006-08-09,17.7802984352,0.887698016827,24.6456099273,0,72.7076249766
2006-08-10,12.8413266477,0.887698016827,22.0513351981,0,62.7476763497
2006-08-11,17.7802984352,0.887698016827,16.8627857397,0,65.7356609378
2006-08-12,15.8047097202,0.443849008413,15.5656483751,0,53.7837225855
2006-08-13,22.7192702228,0.887698016827,16.8627857397,0,51.7917328601
2006-08-14,17.7802984352,1.33154702524,22.0513351981,0,65.7356609378
2006-08-15,16.7925040777,0.887698016827,19.4570604689,0,61.751681487
2006-08-16,16.7925040777,0.887698016827,15.5656483751,0,62.7476763497
2006-08-17,17.7802984352,0.443849008413,20.7541978335,0,65.7356609378
2006-08-18,13.8291210052,0.443849008413,16.8627857397,0,52.7877277228
2006-08-19,13.8291210052,1.33154702524,18.1599231043,0,47.8077534093
2006-08-20,19.7558871503,0.887698016827,15.5656483751,0,49.7997431347
2006-08-21,17.7802984352,0.887698016827,18.1599231043,0,54.7797174481
2006-08-22,16.7925040777,1.33154702524,20.7541978335,0,54.7797174481
2006-08-23,18.7680927928,0.887698016827,19.4570604689,0,57.7677020362
2006-08-24,16.7925040777,1.33154702524,18.1599231043,0,53.7837225855
2006-08-25,15.8047097202,0.887698016827,18.1599231043,0,51.7917328601
2006-08-26,13.8291210052,1.33154702524,18.1599231043,0,52.7877277228
2006-08-27,27.6582420104,0.887698016827,20.7541978335,0,50.7957379974
2006-08-28,16.7925040777,0.887698016827,23.3484725627,0,53.7837225855
2006-08-29,16.7925040777,0.443849008413,18.1599231043,0,61.751681487
2006-08-30,20.7436815078,0.443849008413,19.4570604689,0,62.7476763497
2006-08-31,17.7802984352,0.887698016827,18.1599231043,0,54.7797174481
2006-09-01,14.8169153627,0.443849008413,14.2685110106,0,52.7877277228
2006-09-02,14.8169153627,0.443849008413,16.8627857397,0,54.7797174481
2006-09-03,22.7192702228,0.443849008413,28.5370220211,0,50.7957379974
2006-09-04,13.8291210052,0.443849008413,18.1599231043,0,53.7837225855
2006-09-05,20.7436815078,0.887698016827,16.8627857397,0,58.7636968989
2006-09-06,18.7680927928,1.33154702524,24.6456099273,0,64.7396660751
2006-09-07,16.7925040777,0.887698016827,16.8627857397,0,63.7436712124
2006-09-08,18.7680927928,1.33154702524,20.7541978335,0,55.7757123108
2006-09-09,13.8291210052,0.443849008413,25.9427472919,0,53.7837225855
2006-09-10,21.7314758653,0.887698016827,31.1312967503,0,43.8237739585
2006-09-11,16.7925040777,0.887698016827,19.4570604689,0,59.7596917616
2006-09-12,19.7558871503,1.33154702524,18.1599231043,0,58.7636968989
2006-09-13,16.7925040777,0.887698016827,18.1599231043,0,59.7596917616
2006-09-14,18.7680927928,0.887698016827,10.3770989168,0,56.7717071735
2006-09-15,17.7802984352,0.443849008413,18.1599231043,0,63.7436712124
2006-09-16,19.7558871503,0.887698016827,16.8627857397,0,51.7917328601
2006-09-17,21.7314758653,0.887698016827,19.4570604689,0,45.8157636839
2006-09-18,19.7558871503,0.887698016827,22.0513351981,0,59.7596917616
2006-09-19,16.7925040777,1.33154702524,22.0513351981,0,60.7556866243
2006-09-20,22.7192702228,0.887698016827,23.3484725627,0,65.7356609378
2006-09-21,18.7680927928,0.443849008413,20.7541978335,0,53.7837225855
2006-09-22,15.8047097202,0.887698016827,23.3484725627,0,66.7316558005
2006-09-23,17.7802984352,1.33154702524,16.8627857397,0,55.7757123108
2006-09-24,21.7314758653,0.887698016827,19.4570604689,0,55.7757123108
2006-09-25,13.8291210052,0.887698016827,16.8627857397,0,60.7556866243
2006-09-26,20.7436815078,1.33154702524,19.4570604689,0,62.7476763497
2006-09-27,18.7680927928,0.887698016827,22.0513351981,0,63.7436712124
2006-09-28,16.7925040777,0.887698016827,15.5656483751,0,59.7596917616
2006-09-29,15.8047097202,0.0,18.1599231043,0,58.7636968989
2006-09-30,17.7802984352,0.443849008413,23.3484725627,0,53.7837225855
2006-10-01,22.7192702228,0.887698016827,18.1599231043,0,58.7636968989
2006-10-02,14.8169153627,1.33154702524,19.4570604689,0,62.7476763497
2006-10-03,19.7558871503,0.0,19.4570604689,0,60.7556866243
2006-10-04,19.7558871503,0.443849008413,20.7541978335,0,68.7236455259
2006-10-05,17.7802984352,0.443849008413,20.7541978335,0,55.7757123108
2006-10-06,13.8291210052,0.443849008413,22.0513351981,0,44.8197688212
2006-10-07,10.8657379326,0.887698016827,20.7541978335,0,53.7837225855
2006-10-08,19.7558871503,0.887698016827,18.1599231043,0,55.7757123108
2006-10-09,16.7925040777,1.33154702524,20.7541978335,0,65.7356609378
2006-10-10,17.7802984352,0.887698016827,23.3484725627,0,59.7596917616
2006-10-11,17.7802984352,0.887698016827,20.7541978335,0,67.7276506632
2006-10-12,14.8169153627,0.887698016827,23.3484725627,0,58.7636968989
2006-10-13,14.8169153627,0.719755148779,16.8627857397,0,62.7476763497
2006-10-14,16.7925040777,0.0,16.8627857397,0,56.7717071735
2006-10-15,18.7680927928,0.719755148779,23.3484725627,0,60.7556866243
2006-10-16,15.8047097202,0.0,18.1599231043,0,64.7396660751
2006-10-17,18.7680927928,0.0,23.3484725627,0,69.7196403885
2006-10-18,16.7925040777,0.719755148779,18.1599231043,0,59.7596917616
2006-10-19,14.8169153627,0.719755148779,19.4570604689,0,70.7156352512
2006-10-20,12.8413266477,0.719755148779,16.8627857397,0,63.7436712124
2006-10-21,17.7802984352,0.719755148779,23.3484725627,0,63.7436712124
2006-10-22,21.7314758653,0.719755148779,20.7541978335,0,53.7837225855
2006-10-23,15.8047097202,0.0,22.0513351981,0,76.6916044274
2006-10-24,16.7925040777,0.719755148779,20.7541978335,0,68.7236455259
2006-10-25,17.7802984352,0.0,23.3484725627,0,58.7636968989
2006-10-26,17.7802984352,0.719755148779,23.3484725627,0,67.7276506632
2006-10-27,16.7925040777,0.0,23.3484725627,0,60.7556866243
2006-10-28,14.8169153627,0.719755148779,16.8627857397,0,61.751681487
2006-10-29,17.1250027141,0.0,20.3285746358,0,62.1856491458
2006-10-30,19.9791698332,0.0,20.3285746358,0,71.0693133095
2006-10-31,19.9791698332,0.0,20.3285746358,0,74.0305346974
2006-11-01,17.1250027141,0.719755148779,20.3285746358,0,71.0693133095
2006-11-02,14.2708355951,0.719755148779,24.3942895629,0,79.9529774732
2006-11-03,14.2708355951,0.0,20.3285746358,0,79.9529774732
2006-11-04,11.4166684761,0.719755148779,16.2628597086,0,68.1080919216
2006-11-05,19.9791698332,0.719755148779,20.3285746358,0,74.0305346974
2006-11-06,19.9791698332,0.0,28.4600044901,0,82.9141988611
2006-11-07,17.1250027141,0.719755148779,20.3285746358,0,76.9917560853
2006-11-08,14.2708355951,0.719755148779,16.2628597086,0,88.8366416369
2006-11-09,19.9791698332,0.719755148779,24.3942895629,0,94.7590844127
2006-11-10,17.1250027141,0.719755148779,16.2628597086,0,88.8366416369
2006-11-11,17.1250027141,0.719755148779,16.2628597086,0,85.875420249
2006-11-12,17.1250027141,0.0,16.2628597086,0,94.7590844127
2006-11-13,17.1250027141,0.719755148779,24.3942895629,0,97.7203058006
2006-11-14,19.9791698332,0.719755148779,20.3285746358,0,103.642748576
2006-11-15,17.1250027141,0.0,24.3942895629,0,100.681527188
2006-11-16,19.9791698332,0.0,20.3285746358,0,109.565191352
2006-11-17,14.2708355951,0.719755148779,20.3285746358,0,97.7203058006
2006-11-18,14.2708355951,0.719755148779,20.3285746358,0,118.448855516
2006-11-19,14.2708355951,0.719755148779,16.2628597086,0,118.448855516
2006-11-20,17.1250027141,0.0,16.2628597086,0,115.487634128
2006-11-21,14.2708355951,0.0,20.3285746358,0,130.293741067
2006-11-22,14.2708355951,0.719755148779,20.3285746358,0,103.642748576
2006-11-23,11.4166684761,0.719755148779,20.3285746358,0,103.642748576
2006-11-24,11.4166684761,0.0,20.3285746358,0,139.177405231
2006-11-25,14.2708355951,0.719755148779,20.3285746358,0,156.944733558
2006-11-26,17.1250027141,0.719755148779,20.3285746358,0,162.867176334
2006-11-27,14.2708355951,0.719755148779,24.3942895629,0,156.944733558
2006-11-28,17.1250027141,0.0,24.3942895629,0,153.983512171
2006-11-29,19.9791698332,0.719755148779,24.3942895629,0,153.983512171
2006-11-30,14.2708355951,0.719755148779,20.3285746358,0,168.78961911
2006-12-01,17.1250027141,0.719755148779,16.2628597086,0,153.983512171
2006-12-02,19.9791698332,0.719755148779,20.3285746358,0,192.479390213
2006-12-03,17.1250027141,0.719755148779,24.3942895629,0,177.673283274
2006-12-04,17.1250027141,0.719755148779,20.3285746358,0,189.518168825
2006-12-05,17.1250027141,0.719755148779,24.3942895629,0,204.324275765
2006-12-06,14.2708355951,0.719755148779,20.3285746358,0,201.363054377
2006-12-07,14.2708355951,0.719755148779,20.3285746358,0,213.207939928
2006-12-08,11.4166684761,0.719755148779,20.3285746358,0,222.091604092
2006-12-09,8.56250135707,0.0,20.3285746358,0,228.014046868
2006-12-10,19.9791698332,0.0,20.3285746358,0,228.014046868
2006-12-11,17.1250027141,0.719755148779,24.3942895629,0,257.626260747
2006-12-12,14.2708355951,0.719755148779,24.3942895629,0,248.742596583
2006-12-13,17.1250027141,0.0,16.2628597086,0,278.354810462
2006-12-14,14.2708355951,0.0,20.3285746358,0,251.703817971
2006-12-15,17.1250027141,0.0,16.2628597086,0,269.471146299
2006-12-16,11.4166684761,0.719755148779,16.2628597086,0,269.471146299
2006-12-17,17.1250027141,0.719755148779,20.3285746358,0,296.12213879
2006-12-18,14.2708355951,0.719755148779,20.3285746358,0,296.12213879
2006-12-19,11.4166684761,0.719755148779,20.3285746358,0,296.12213879
2006-12-20,11.4166684761,0.719755148779,16.2628597086,0,281.31603185
2006-12-21,14.2708355951,0.719755148779,16.2628597086,0,257.626260747
2006-12-22,14.2708355951,0.719755148779,20.3285746358,0,248.742596583
2006-12-23,11.4166684761,0.0,12.1971447815,0,257.626260747
2006-12-24,31.3958383093,0.719755148779,16.2628597086,0,204.324275765
2006-12-25,11.4166684761,0.719755148779,16.2628597086,0,142.138626619
2006-12-26,11.4166684761,0.719755148779,20.3285746358,0,121.410076904
2006-12-27,14.2708355951,0.719755148779,24.3942895629,0,103.642748576
2006-12-28,11.4166684761,0.719755148779,24.3942895629,0,88.8366416369
2006-12-29,14.2708355951,0.0,20.3285746358,0,82.9141988611
2006-12-30,17.1250027141,0.719755148779,12.1971447815,0,65.1468705337
2006-12-31,14.2708355951,0.719755148779,16.2628597086,0,68.1080919216
2007-01-01,17.1250027141,0.719755148779,20.3285746358,0,56.26320637
2007-01-02,14.2708355951,0.719755148779,20.3285746358,0,68.1080919216
2007-01-03,11.4166684761,0.0,20.3285746358,0,71.0693133095
2007-01-04,19.9791698332,0.719755148779,24.3942895629,0,68.1080919216
2007-01-05,17.1250027141,0.719755148779,20.3285746358,0,62.1856491458
2007-01-06,14.2708355951,0.0,24.3942895629,0,65.1468705337
2007-01-07,19.9791698332,0.719755148779,24.3942895629,0,59.2244277579
2007-01-08,14.2708355951,0.719755148779,24.3942895629,0,62.1856491458
2007-01-09,17.1250027141,0.719755148779,20.3285746358,0,59.2244277579
2007-01-10,19.9791698332,0.0,20.3285746358,0,53.3019849821
2007-01-11,17.1250027141,0.719755148779,20.3285746358,0,59.2244277579
2007-01-12,14.2708355951,0.719755148779,24.3942895629,0,65.1468705337
2007-01-13,11.4166684761,0.0,24.3942895629,0,56.26320637
2007-01-14,22.8333369522,0.719755148779,20.3285746358,0,53.3019849821
2007-01-15,17.1250027141,0.719755148779,24.3942895629,0,56.26320637
2007-01-16,14.2708355951,0.719755148779,24.3942895629,0,56.26320637
2007-01-17,14.2708355951,0.719755148779,24.3942895629,0,65.1468705337
2007-01-18,17.1250027141,0.0,20.3285746358,0,59.2244277579
2007-01-19,19.9791698332,0.0,20.3285746358,0,62.1856491458
2007-01-20,17.1250027141,0.719755148779,16.2628597086,0,62.1856491458
2007-01-21,25.6875040712,0.719755148779,24.3942895629,0,62.1856491458
2007-01-22,14.2708355951,0.719755148779,24.3942895629,0,53.3019849821
2007-01-23,17.1250027141,0.0,28.4600044901,0,62.1856491458
2007-01-24,14.2708355951,0.0,32.5257194172,0,62.1856491458
2007-01-25,14.2708355951,0.719755148779,24.3942895629,0,68.1080919216
2007-01-26,11.4166684761,0.0,24.3942895629,0,59.2244277579
2007-01-27,19.9791698332,0.719755148779,24.3942895629,0,59.2244277579
2007-01-28,22.8333369522,0.719755148779,20.3285746358,0,56.26320637
2007-01-29,19.9791698332,0.719755148779,24.3942895629,0,65.1468705337
2007-01-30,14.2708355951,0.0,28.4600044901,0,68.1080919216
2007-01-31,17.1250027141,0.719755148779,28.4600044901,0,68.1080919216
2007-02-01,17.1250027141,0.0,24.3942895629,0,65.1468705337
2007-02-02,17.1250027141,0.0,20.3285746358,0,59.2244277579
2007-02-03,11.4166684761,0.719755148779,28.4600044901,0,65.1468705337
2007-02-04,19.9791698332,0.719755148779,32.5257194172,0,62.1856491458
2007-02-05,17.1250027141,0.0,20.3285746358,0,76.9917560853
2007-02-06,14.2708355951,0.719755148779,28.4600044901,0,68.1080919216
2007-02-07,14.2708355951,0.719755148779,20.3285746358,0,88.8366416369
2007-02-08,14.2708355951,0.0,20.3285746358,0,74.0305346974
2007-02-09,11.4166684761,0.0,24.3942895629,0,71.0693133095
2007-02-10,17.1250027141,0.719755148779,24.3942895629,0,88.8366416369
2007-02-11,19.9791698332,0.0,24.3942895629,0,68.1080919216
2007-02-12,14.2708355951,0.0,20.3285746358,0,94.7590844127
2007-02-13,17.1250027141,0.0,24.3942895629,0,88.8366416369
2007-02-14,17.1250027141,0.719755148779,16.2628597086,0,79.9529774732
2007-02-15,17.1250027141,0.0,24.3942895629,0,53.3019849821
2007-02-16,19.9791698332,0.719755148779,20.3285746358,0,53.3019849821
2007-02-17,14.2708355951,0.0,20.3285746358,0,50.3407635942
2007-02-18,14.2708355951,0.719755148779,24.3942895629,0,44.4183208184
2007-02-19,17.1250027141,0.719755148779,28.4600044901,0,50.3407635942
2007-02-20,17.1250027141,0.719755148779,24.3942895629,0,53.3019849821
2007-02-21,14.2708355951,0.719755148779,20.3285746358,0,50.3407635942
2007-02-22,14.2708355951,0.719755148779,24.3942895629,0,47.3795422063
2007-02-23,14.2708355951,0.0,24.3942895629,0,53.3019849821
2007-02-24,14.2708355951,0.719755148779,24.3942895629,0,56.26320637
2007-02-25,14.2708355951,0.719755148779,20.3285746358,0,50.3407635942
2007-02-26,17.1250027141,0.0,20.3285746358,0,50.3407635942
2007-02-27,17.1250027141,0.0,24.3942895629,0,56.26320637
2007-02-28,17.1250027141,0.0,24.3942895629,0,50.3407635942
2007-03-01,14.2708355951,0.719755148779,28.4600044901,0,53.3019849821
2007-03-02,17.1250027141,0.719755148779,24.3942895629,0,47.3795422063
2007-03-03,11.4166684761,0.719755148779,24.3942895629,0,59.2244277579
2007-03-04,17.1250027141,0.719755148779,24.3942895629,0,41.4570994305
2007-03-05,14.2708355951,0.719755148779,24.3942895629,0,53.3019849821
2007-03-06,17.1250027141,0.719755148779,24.3942895629,0,50.3407635942
2007-03-07,17.1250027141,0.0,24.3942895629,0,56.26320637
2007-03-08,11.4166684761,0.0,24.3942895629,0,56.26320637
2007-03-09,19.9791698332,0.719755148779,20.3285746358,0,59.2244277579
2007-03-10,11.4166684761,0.0,20.3285746358,0,56.26320637
2007-03-11,17.1250027141,0.719755148779,20.3285746358,0,53.3019849821
2007-03-12,19.9791698332,0.719755148779,24.3942895629,0,53.3019849821
2007-03-13,17.1250027141,0.0,24.3942895629,0,56.26320637
2007-03-14,14.2708355951,0.0,20.3285746358,0,56.26320637
2007-03-15,14.2708355951,0.0,20.3285746358,0,53.3019849821
2007-03-16,14.2708355951,0.0,20.3285746358,0,53.3019849821
2007-03-17,17.1250027141,0.0,24.3942895629,0,62.1856491458
2007-03-18,17.1250027141,0.719755148779,20.3285746358,0,59.2244277579
2007-03-19,14.2708355951,0.0,28.4600044901,0,53.3019849821
2007-03-20,19.9791698332,0.719755148779,28.4600044901,0,50.3407635942
2007-03-21,17.1250027141,0.719755148779,24.3942895629,0,56.26320637
2007-03-22,17.1250027141,0.719755148779,24.3942895629,0,59.2244277579
2007-03-23,14.2708355951,0.0,20.3285746358,0,47.3795422063
2007-03-24,14.2708355951,0.0,16.2628597086,0,62.1856491458
2007-03-25,19.9791698332,0.0,24.3942895629,0,53.3019849821
2007-03-26,17.1250027141,0.719755148779,28.4600044901,0,50.3407635942
2007-03-27,19.9791698332,0.719755148779,28.4600044901,0,59.2244277579
2007-03-28,17.1250027141,0.719755148779,24.3942895629,0,62.1856491458
2007-03-29,17.1250027141,0.0,24.3942895629,0,50.3407635942
2007-03-30,17.1250027141,0.0,20.3285746358,0,50.3407635942
2007-03-31,14.2708355951,0.0,20.3285746358,0,47.3795422063
2007-04-01,19.9791698332,0.719755148779,24.3942895629,0,53.3019849821
2007-04-02,17.1250027141,0.0,28.4600044901,0,59.2244277579
2007-04-03,14.2708355951,0.0,24.3942895629,0,53.3019849821
2007-04-04,17.1250027141,0.0,20.3285746358,0,62.1856491458
2007-04-05,11.4166684761,0.0,16.2628597086,0,62.1856491458
2007-04-06,19.9791698332,0.719755148779,20.3285746358,0,50.3407635942
2007-04-07,14.2708355951,0.719755148779,20.3285746358,0,50.3407635942
2007-04-08,34.2500054283,0.719755148779,20.3285746358,0,44.4183208184
2007-04-09,19.9791698332,0.0,24.3942895629,0,50.3407635942
2007-04-10,17.1250027141,0.0,24.3942895629,0,56.26320637
2007-04-11,14.2708355951,0.719755148779,28.4600044901,0,50.3407635942
2007-04-12,14.2708355951,0.719755148779,24.3942895629,0,56.26320637
2007-04-13,11.4166684761,0.719755148779,20.3285746358,0,53.3019849821
2007-04-14,11.4166684761,0.0,20.3285746358,0,50.3407635942
2007-04-15,17.1250027141,0.719755148779,20.3285746358,0,56.26320637
2007-04-16,14.2708355951,0.719755148779,24.3942895629,0,47.3795422063
2007-04-17,17.1250027141,0.0,24.3942895629,0,56.26320637
2007-04-18,14.2708355951,0.0,20.3285746358,0,56.26320637
2007-04-19,14.2708355951,0.0,16.2628597086,0,53.3019849821
2007-04-20,14.2708355951,0.0,20.3285746358,0,68.1080919216
2007-04-21,11.4166684761,0.719755148779,24.3942895629,0,50.3407635942
2007-04-22,19.9791698332,0.0,20.3285746358,0,50.3407635942
2007-04-23,14.2708355951,0.719755148779,20.3285746358,0,59.2244277579
2007-04-24,14.2708355951,0.0,24.3942895629,0,62.1856491458
2007-04-25,17.1250027141,0.719755148779,20.3285746358,0,68.1080919216
2007-04-26,14.2708355951,0.0,24.3942895629,0,62.1856491458
2007-04-27,11.4166684761,0.719755148779,24.3942895629,0,59.2244277579
2007-04-28,14.2708355951,0.0,16.2628597086,0,59.2244277579
2007-04-29,14.2708355951,0.719755148779,28.4600044901,0,56.26320637
2007-04-30,17.1250027141,0.719755148779,20.3285746358,0,65.1468705337
2007-05-01,14.2708355951,0.0,28.4600044901,0,71.0693133095
2007-05-02,14.2708355951,0.719755148779,24.3942895629,0,71.0693133095
2007-05-03,17.1250027141,0.0,24.3942895629,0,68.1080919216
2007-05-04,17.1250027141,0.719755148779,20.3285746358,0,68.1080919216
2007-05-05,14.2708355951,0.719755148779,24.3942895629,0,74.0305346974
2007-05-06,14.2708355951,0.719755148779,28.4600044901,0,71.0693133095
2007-05-07,17.1250027141,0.719755148779,24.3942895629,0,74.0305346974
2007-05-08,11.4166684761,0.719755148779,28.4600044901,0,82.9141988611
2007-05-09,17.1250027141,0.719755148779,20.3285746358,0,94.7590844127
2007-05-10,14.2708355951,0.0,24.3942895629,0,88.8366416369
2007-05-11,11.4166684761,0.719755148779,20.3285746358,0,82.9141988611
2007-05-12,11.4166684761,0.719755148779,24.3942895629,0,79.9529774732
2007-05-13,17.1250027141,0.0,24.3942895629,0,85.875420249
2007-05-14,11.4166684761,0.0,28.4600044901,0,68.1080919216
2007-05-15,14.2708355951,0.0,24.3942895629,0,65.1468705337
2007-05-16,14.2708355951,0.0,20.3285746358,0,59.2244277579
2007-05-17,14.2708355951,0.0,20.3285746358,0,65.1468705337
2007-05-18,11.4166684761,0.719755148779,16.2628597086,0,59.2244277579
2007-05-19,11.4166684761,0.719755148779,20.3285746358,0,59.2244277579
2007-05-20,19.9791698332,0.719755148779,16.2628597086,0,62.1856491458
2007-05-21,11.4166684761,0.719755148779,24.3942895629,0,74.0305346974
2007-05-22,14.2708355951,0.719755148779,24.3942895629,0,62.1856491458
2007-05-23,14.2708355951,0.0,24.3942895629,0,62.1856491458
2007-05-24,11.4166684761,0.719755148779,20.3285746358,0,59.2244277579
2007-05-25,17.1250027141,0.0,20.3285746358,0,53.3019849821
2007-05-26,14.2708355951,0.719755148779,16.2628597086,0,62.1856491458
2007-05-27,14.2708355951,0.719755148779,16.2628597086,0,59.2244277579
2007-05-28,14.2708355951,0.719755148779,24.3942895629,0,50.3407635942
2007-05-29,14.2708355951,0.719755148779,24.3942895629,0,62.1856491458
2007-05-30,14.2708355951,0.719755148779,24.3942895629,0,59.2244277579
2007-05-31,11.4166684761,0.0,24.3942895629,0,62.1856491458
2007-06-01,14.2708355951,0.719755148779,20.3285746358,0,65.1468705337
2007-06-02,8.56250135707,0.0,16.2628597086,0,71.0693133095
2007-06-03,19.9791698332,0.719755148779,24.3942895629,0,59.2244277579
2007-06-04,14.2708355951,0.719755148779,20.3285746358,0,65.1468705337
2007-06-05,11.4166684761,0.0,24.3942895629,0,62.1856491458
2007-06-06,11.4166684761,0.719755148779,24.3942895629,0,65.1468705337
2007-06-07,14.2708355951,0.719755148779,20.3285746358,0,71.0693133095
2007-06-08,14.2708355951,0.719755148779,20.3285746358,0,71.0693133095
2007-06-09,14.2708355951,0.0,24.3942895629,0,65.1468705337
2007-06-10,17.1250027141,0.719755148779,20.3285746358,0,59.2244277579
2007-06-11,14.2708355951,0.719755148779,20.3285746358,0,74.0305346974
2007-06-12,14.2708355951,0.0,24.3942895629,0,74.0305346974
2007-06-13,14.2708355951,0.719755148779,20.3285746358,0,71.0693133095
2007-06-14,11.4166684761,0.0,24.3942895629,0,79.9529774732
2007-06-15,8.56250135707,0.719755148779,24.3942895629,0,76.9917560853
2007-06-16,14.2708355951,0.719755148779,24.3942895629,0,76.9917560853
2007-06-17,17.1250027141,0.719755148779,20.3285746358,0,62.1856491458
2007-06-18,14.2708355951,0.719755148779,20.3285746358,0,56.26320637
2007-06-19,14.2708355951,0.0,20.3285746358,0,62.1856491458
2007-06-20,14.2708355951,0.719755148779,20.3285746358,0,62.1856491458
2007-06-21,17.1250027141,0.719755148779,24.3942895629,0,59.2244277579
2007-06-22,14.2708355951,0.719755148779,20.3285746358,0,62.1856491458
2007-06-23,14.2708355951,0.719755148779,20.3285746358,0,53.3019849821
2007-06-24,17.1250027141,0.719755148779,24.3942895629,0,53.3019849821
2007-06-25,14.2708355951,0.0,24.3942895629,0,53.3019849821
2007-06-26,14.2708355951,0.0,24.3942895629,0,56.26320637
2007-06-27,11.4166684761,0.719755148779,24.3942895629,0,56.26320637
2007-06-28,14.2708355951,0.719755148779,20.3285746358,0,65.1468705337
2007-06-29,14.2708355951,0.719755148779,20.3285746358,0,62.1856491458
2007-06-30,14.2708355951,0.719755148779,24.3942895629,0,41.4570994305
2007-07-01,19.9791698332,0.719755148779,16.2628597086,0,50.3407635942
2007-07-02,14.2708355951,0.0,24.3942895629,0,56.26320637
2007-07-03,11.4166684761,0.719755148779,20.3285746358,0,53.3019849821
2007-07-04,11.4166684761,0.719755148779,20.3285746358,0,50.3407635942
2007-07-05,14.2708355951,0.719755148779,20.3285746358,0,56.26320637
2007-07-06,11.4166684761,0.719755148779,20.3285746358,0,47.3795422063
2007-07-07,14.2708355951,0.719755148779,24.3942895629,0,56.26320637
2007-07-08,22.8333369522,0.719755148779,20.3285746358,0,53.3019849821
2007-07-09,11.4166684761,0.719755148779,24.3942895629,0,56.26320637
2007-07-10,13.0593011149,0.719755148779,25.5716528439,0,63.5371848584
2007-07-11,18.2830215609,0.719755148779,25.5716528439,0,58.012212262
2007-07-12,18.2830215609,0.719755148779,21.9185595805,0,66.2996711565
2007-07-13,13.0593011149,0.719755148779,21.9185595805,0,63.5371848584
2007-07-14,13.0593011149,0.719755148779,14.6123730537,0,58.012212262
2007-07-15,15.6711613379,1.43951029756,21.9185595805,0,58.012212262
2007-07-16,15.6711613379,0.719755148779,29.2247461073,0,63.5371848584
2007-07-17,15.6711613379,0.0,29.2247461073,0,60.7746985602
2007-07-18,13.0593011149,0.719755148779,29.2247461073,0,66.2996711565
2007-07-19,13.0593011149,0.719755148779,21.9185595805,0,66.2996711565
2007-07-20,13.0593011149,0.719755148779,18.2654663171,0,63.5371848584
2007-07-21,13.0593011149,0.719755148779,21.9185595805,0,63.5371848584
2007-07-22,18.2830215609,0.719755148779,21.9185595805,0,55.2497259638
2007-07-23,15.6711613379,0.719755148779,18.2654663171,0,58.012212262
2007-07-24,15.6711613379,0.0,21.9185595805,0,63.5371848584
2007-07-25,13.0593011149,0.719755148779,25.5716528439,0,60.7746985602
2007-07-26,13.0593011149,0.719755148779,21.9185595805,0,60.7746985602
2007-07-27,10.4474408919,0.719755148779,21.9185595805,0,63.5371848584
2007-07-28,13.0593011149,0.0,21.9185595805,0,58.012212262
2007-07-29,20.8948817839,0.719755148779,18.2654663171,0,55.2497259638
2007-07-30,13.0593011149,0.719755148779,21.9185595805,0,58.012212262
2007-07-31,15.6711613379,0.719755148779,21.9185595805,0,60.7746985602
2007-08-01,15.6711613379,0.719755148779,25.5716528439,0,58.012212262
2007-08-02,13.0593011149,0.0,25.5716528439,0,66.2996711565
2007-08-03,13.0593011149,0.719755148779,18.2654663171,0,58.012212262
2007-08-04,13.0593011149,0.719755148779,21.9185595805,0,55.2497259638
2007-08-05,15.6711613379,0.719755148779,25.5716528439,0,49.7247533674
2007-08-06,15.6711613379,0.719755148779,18.2654663171,0,58.012212262
2007-08-07,15.6711613379,0.719755148779,25.5716528439,0,71.8246437529
2007-08-08,15.6711613379,0.719755148779,21.9185595805,0,60.7746985602
2007-08-09,15.6711613379,0.719755148779,25.5716528439,0,63.5371848584
2007-08-10,13.0593011149,0.0,21.9185595805,0,69.0621574547
2007-08-11,10.4474408919,0.719755148779,14.6123730537,0,63.5371848584
2007-08-12,18.2830215609,0.719755148779,18.2654663171,0,60.7746985602
2007-08-13,15.6711613379,0.0,29.2247461073,0,55.2497259638
2007-08-14,13.0593011149,0.719755148779,21.9185595805,0,60.7746985602
2007-08-15,15.6711613379,0.719755148779,29.2247461073,0,63.5371848584
2007-08-16,15.6711613379,0.719755148779,18.2654663171,0,69.0621574547
2007-08-17,15.6711613379,0.0,21.9185595805,0,58.012212262
2007-08-18,10.4474408919,0.719755148779,18.2654663171,0,52.4872396656
2007-08-19,23.5067420068,0.719755148779,21.9185595805,0,46.9622670692
2007-08-20,18.2830215609,0.0,18.2654663171,0,60.7746985602
2007-08-21,18.2830215609,0.719755148779,21.9185595805,0,69.0621574547
2007-08-22,18.2830215609,0.719755148779,18.2654663171,0,63.5371848584
2007-08-23,15.6711613379,0.0,21.9185595805,0,58.012212262
2007-08-24,15.6711613379,0.0,21.9185595805,0,66.2996711565
2007-08-25,13.0593011149,0.719755148779,21.9185595805,0,69.0621574547
2007-08-26,20.8948817839,0.0,18.2654663171,0,55.2497259638
2007-08-27,15.6711613379,0.719755148779,21.9185595805,0,58.012212262
2007-08-28,15.6711613379,0.719755148779,18.2654663171,0,69.0621574547
2007-08-29,15.6711613379,0.719755148779,25.5716528439,0,55.2497259638
2007-08-30,18.2830215609,0.719755148779,21.9185595805,0,58.012212262
2007-08-31,13.0593011149,0.719755148779,21.9185595805,0,52.4872396656
2007-09-01,10.4474408919,0.719755148779,18.2654663171,0,58.012212262
2007-09-02,23.5067420068,0.719755148779,21.9185595805,0,49.7247533674
2007-09-03,13.0593011149,0.719755148779,18.2654663171,0,58.012212262
2007-09-04,15.6711613379,0.719755148779,21.9185595805,0,60.7746985602
2007-09-05,18.2830215609,0.0,21.9185595805,0,55.2497259638
2007-09-06,18.2830215609,0.719755148779,21.9185595805,0,63.5371848584
2007-09-07,15.6711613379,0.0,25.5716528439,0,66.2996711565
2007-09-08,15.6711613379,0.0,18.2654663171,0,55.2497259638
2007-09-09,18.2830215609,0.719755148779,18.2654663171,0,55.2497259638
2007-09-10,18.2830215609,0.0,21.9185595805,0,58.012212262
2007-09-11,15.6711613379,0.719755148779,21.9185595805,0,63.5371848584
2007-09-12,15.6711613379,0.0,29.2247461073,0,63.5371848584
2007-09-13,18.2830215609,0.719755148779,18.2654663171,0,63.5371848584
2007-09-14,18.2830215609,0.719755148779,21.9185595805,0,63.5371848584
2007-09-15,15.6711613379,0.719755148779,18.2654663171,0,66.2996711565
2007-09-16,20.8948817839,0.719755148779,18.2654663171,0,52.4872396656
2007-09-17,18.2830215609,0.0,21.9185595805,0,63.5371848584
2007-09-18,15.6711613379,0.0,21.9185595805,0,60.7746985602
2007-09-19,15.6711613379,0.719755148779,21.9185595805,0,60.7746985602
2007-09-20,15.6711613379,0.719755148779,25.5716528439,0,55.2497259638
2007-09-21,15.6711613379,0.719755148779,21.9185595805,0,60.7746985602
2007-09-22,15.6711613379,0.719755148779,21.9185595805,0,60.7746985602
2007-09-23,20.8948817839,0.719755148779,14.6123730537,0,49.7247533674
2007-09-24,15.6711613379,0.719755148779,18.2654663171,0,63.5371848584
2007-09-25,15.6711613379,0.0,21.9185595805,0,60.7746985602
2007-09-26,15.6711613379,0.719755148779,25.5716528439,0,63.5371848584
2007-09-27,13.0593011149,0.0,21.9185595805,0,52.4872396656
2007-09-28,15.6711613379,0.0,25.5716528439,0,58.012212262
2007-09-29,15.6711613379,0.719755148779,21.9185595805,0,60.7746985602
2007-09-30,20.8948817839,0.719755148779,25.5716528439,0,58.012212262
2007-10-01,18.2830215609,0.719755148779,21.9185595805,0,63.5371848584
2007-10-02,13.0593011149,0.719755148779,25.5716528439,0,69.0621574547
2007-10-03,13.0593011149,0.0,21.9185595805,0,69.0621574547
2007-10-04,15.6711613379,0.719755148779,25.5716528439,0,60.7746985602
2007-10-05,15.6711613379,0.719755148779,21.9185595805,0,63.5371848584
2007-10-06,13.0593011149,0.719755148779,18.2654663171,0,71.8246437529
2007-10-07,18.2830215609,0.0,21.9185595805,0,58.012212262
2007-10-08,15.6711613379,0.719755148779,21.9185595805,0,66.2996711565
2007-10-09,13.0593011149,0.719755148779,29.2247461073,0,63.5371848584
2007-10-10,15.6711613379,0.719755148779,25.5716528439,0,69.0621574547
2007-10-11,13.0593011149,0.719755148779,25.5716528439,0,71.8246437529
2007-10-12,15.6711613379,0.719755148779,25.5716528439,0,71.8246437529
2007-10-13,13.0593011149,0.719755148779,18.2654663171,0,63.5371848584
2007-10-14,20.8948817839,0.719755148779,21.9185595805,0,58.012212262
2007-10-15,18.2830215609,0.719755148779,21.9185595805,0,74.5871300511
2007-10-16,15.6711613379,0.719755148779,21.9185595805,0,69.0621574547
2007-10-17,18.2830215609,0.719755148779,21.9185595805,0,69.0621574547
2007-10-18,18.2830215609,0.0,21.9185595805,0,66.2996711565
2007-10-19,15.6711613379,0.0,25.5716528439,0,69.0621574547
2007-10-20,13.0593011149,0.719755148779,14.6123730537,0,63.5371848584
2007-10-21,23.5067420068,0.719755148779,25.5716528439,0,58.012212262
2007-10-22,13.0593011149,0.719755148779,21.9185595805,0,66.2996711565
2007-10-23,20.8948817839,0.719755148779,21.9185595805,0,69.0621574547
2007-10-24,18.2830215609,0.719755148779,25.5716528439,0,66.2996711565
2007-10-25,13.0593011149,0.719755148779,21.9185595805,0,63.5371848584
2007-10-26,18.2830215609,0.719755148779,21.9185595805,0,69.0621574547
2007-10-27,13.0593011149,0.0,21.9185595805,0,69.0621574547
2007-10-28,18.2830215609,0.719755148779,18.2654663171,0,69.0621574547
2007-10-29,20.8948817839,0.719755148779,25.5716528439,0,74.5871300511
2007-10-30,15.6711613379,0.719755148779,25.5716528439,0,69.0621574547
2007-10-31,20.8948817839,0.719755148779,21.9185595805,0,74.5871300511
2007-11-01,18.2830215609,0.719755148779,25.5716528439,0,74.5871300511
2007-11-02,15.6711613379,0.719755148779,25.5716528439,0,74.5871300511
2007-11-03,13.0593011149,0.719755148779,18.2654663171,0,80.1121026475
2007-11-04,15.6711613379,0.0,29.2247461073,0,82.8745889457
2007-11-05,15.6711613379,0.719755148779,25.5716528439,0,80.1121026475
2007-11-06,15.6711613379,0.0,25.5716528439,0,88.3995615421
2007-11-07,18.2830215609,0.719755148779,25.5716528439,0,88.3995615421
2007-11-08,15.6711613379,0.0,21.9185595805,0,88.3995615421
2007-11-09,15.6711613379,0.719755148779,18.2654663171,0,93.9245341384
2007-11-10,7.83558066894,0.719755148779,21.9185595805,0,82.8745889457
2007-11-11,15.6711613379,0.0,21.9185595805,0,88.3995615421
2007-11-12,15.6711613379,0.719755148779,25.5716528439,0,107.736965629
2007-11-13,15.6711613379,0.0,25.5716528439,0,107.736965629
2007-11-14,15.6711613379,0.0,21.9185595805,0,102.211993033
2007-11-15,18.2830215609,0.719755148779,21.9185595805,0,107.736965629
2007-11-16,15.6711613379,0.719755148779,21.9185595805,0,99.4495067348
2007-11-17,13.0593011149,0.719755148779,21.9185595805,0,110.499451928
2007-11-18,15.6711613379,0.719755148779,21.9185595805,0,113.261938226
2007-11-19,18.2830215609,0.719755148779,21.9185595805,0,110.499451928
2007-11-20,13.0593011149,0.719755148779,18.2654663171,0,124.311883419
2007-11-21,13.0593011149,0.719755148779,21.9185595805,0,118.786910822
2007-11-22,7.83558066894,0.719755148779,21.9185595805,0,96.6870204366
2007-11-23,7.83558066894,0.0,21.9185595805,0,135.361828611
2007-11-24,10.4474408919,0.719755148779,14.6123730537,0,143.649287506
2007-11-25,18.2830215609,1.43951029756,14.6123730537,0,154.699232699
2007-11-26,18.2830215609,0.0,25.5716528439,0,160.224205295
2007-11-27,15.6711613379,0.719755148779,25.5716528439,0,157.461718997
2007-11-28,15.6711613379,0.719755148779,25.5716528439,0,162.986691593
2007-11-29,15.6711613379,0.719755148779,21.9185595805,0,151.9367464
2007-11-30,13.0593011149,0.719755148779,25.5716528439,0,149.174260102
2007-12-01,13.0593011149,0.719755148779,14.6123730537,0,165.749177891
2007-12-02,15.6711613379,0.0,18.2654663171,0,179.561609382
2007-12-03,15.6711613379,0.719755148779,21.9185595805,0,190.611554575
2007-12-04,18.2830215609,0.719755148779,21.9185595805,0,187.849068277
2007-12-05,15.6711613379,0.719755148779,18.2654663171,0,198.89901347
2007-12-06,15.6711613379,0.719755148779,21.9185595805,0,190.611554575
2007-12-07,15.6711613379,0.719755148779,18.2654663171,0,193.374040873
2007-12-08,13.0593011149,0.719755148779,18.2654663171,0,207.186472364
2007-12-09,18.2830215609,0.719755148779,18.2654663171,0,207.186472364
2007-12-10,15.6711613379,0.0,25.5716528439,0,229.28636275
2007-12-11,15.6711613379,0.0,18.2654663171,0,215.473931259
2007-12-12,13.0593011149,0.719755148779,25.5716528439,0,232.048849048
2007-12-13,13.0593011149,0.0,21.9185595805,0,229.28636275
2007-12-14,13.0593011149,0.0,18.2654663171,0,234.811335346
2007-12-15,13.0593011149,0.719755148779,14.6123730537,0,248.623766837
2007-12-16,18.2830215609,0.719755148779,14.6123730537,0,256.911225732
2007-12-17,15.6711613379,0.0,18.2654663171,0,273.486143521
2007-12-18,13.0593011149,0.719755148779,21.9185595805,0,276.248629819
2007-12-19,13.0593011149,0.719755148779,18.2654663171,0,270.723657223
2007-12-20,13.0593011149,0.0,18.2654663171,0,259.67371203
2007-12-21,15.6711613379,0.719755148779,18.2654663171,0,254.148739433
2007-12-22,7.83558066894,0.719755148779,14.6123730537,0,240.336307942
2007-12-23,18.2830215609,0.719755148779,14.6123730537,0,207.186472364
2007-12-24,18.2830215609,0.719755148779,18.2654663171,0,220.998903855
2007-12-25,10.4474408919,0.0,21.9185595805,0,179.561609382
2007-12-26,13.0593011149,0.719755148779,18.2654663171,0,132.599342313
2007-12-27,13.0593011149,0.719755148779,25.5716528439,0,107.736965629
2007-12-28,10.4474408919,0.719755148779,18.2654663171,0,96.6870204366
2007-12-29,15.6711613379,0.0,18.2654663171,0,88.3995615421
2007-12-30,18.2830215609,0.719755148779,25.5716528439,0,85.6370752439
2007-12-31,15.6711613379,0.719755148779,18.2654663171,0,82.8745889457
2008-01-01,13.0593011149,1.43951029756,25.5716528439,0,74.5871300511
2008-01-02,13.0593011149,0.719755148779,25.5716528439,0,80.1121026475
2008-01-03,13.0593011149,0.719755148779,21.9185595805,0,74.5871300511
2008-01-04,18.2830215609,0.719755148779,18.2654663171,0,63.5371848584
2008-01-05,18.2830215609,0.719755148779,21.9185595805,0,71.8246437529
2008-01-06,18.2830215609,0.719755148779,29.2247461073,0,69.0621574547
2008-01-07,18.2830215609,0.719755148779,25.5716528439,0,60.7746985602
2008-01-08,18.2830215609,0.719755148779,21.9185595805,0,63.5371848584
2008-01-09,15.6711613379,0.0,25.5716528439,0,63.5371848584
2008-01-10,15.6711613379,0.719755148779,29.2247461073,0,58.012212262
2008-01-11,18.2830215609,0.719755148779,25.5716528439,0,58.012212262
2008-01-12,15.6711613379,0.719755148779,21.9185595805,0,66.2996711565
2008-01-13,18.2830215609,0.719755148779,25.5716528439,0,63.5371848584
2008-01-14,15.6711613379,0.719755148779,21.9185595805,0,60.7746985602
2008-01-15,18.2830215609,0.0,25.5716528439,0,58.012212262
2008-01-16,18.2830215609,0.719755148779,21.9185595805,0,63.5371848584
2008-01-17,15.6711613379,0.719755148779,21.9185595805,0,63.5371848584
2008-01-18,13.0593011149,0.0,21.9185595805,0,55.2497259638
2008-01-19,15.6711613379,0.0,21.9185595805,0,60.7746985602
2008-01-20,18.2830215609,0.719755148779,21.9185595805,0,58.012212262
2008-01-21,15.6711613379,0.719755148779,25.5716528439,0,55.2497259638
2008-01-22,15.6711613379,0.719755148779,25.5716528439,0,58.012212262
2008-01-23,13.0593011149,0.719755148779,21.9185595805,0,58.012212262
2008-01-24,15.6711613379,0.719755148779,21.9185595805,0,58.012212262
2008-01-25,15.6711613379,0.0,25.5716528439,0,55.2497259638
2008-01-26,13.0593011149,0.0,21.9185595805,0,63.5371848584
2008-01-27,20.8948817839,0.719755148779,21.9185595805,0,58.012212262
2008-01-28,15.6711613379,0.719755148779,25.5716528439,0,63.5371848584
2008-01-29,15.6711613379,0.719755148779,25.5716528439,0,69.0621574547
2008-01-30,13.0593011149,0.719755148779,21.9185595805,0,63.5371848584
2008-01-31,18.2830215609,0.719755148779,21.9185595805,0,60.7746985602
2008-02-01,15.6711613379,0.719755148779,21.9185595805,0,69.0621574547
2008-02-02,15.6711613379,0.719755148779,18.2654663171,0,66.2996711565
2008-02-03,15.6711613379,0.719755148779,21.9185595805,0,69.0621574547
2008-02-04,15.6711613379,0.0,21.9185595805,0,66.2996711565
2008-02-05,10.4474408919,0.719755148779,25.5716528439,0,71.8246437529
2008-02-06,13.0593011149,0.719755148779,21.9185595805,0,69.0621574547
2008-02-07,15.6711613379,0.719755148779,21.9185595805,0,71.8246437529
2008-02-08,15.6711613379,0.719755148779,25.5716528439,0,80.1121026475
2008-02-09,13.0593011149,0.719755148779,21.9185595805,0,77.3496163493
2008-02-10,18.2830215609,0.719755148779,25.5716528439,0,69.0621574547
2008-02-11,15.6711613379,0.719755148779,29.2247461073,0,91.1620478402
2008-02-12,15.6711613379,0.719755148779,29.2247461073,0,96.6870204366
2008-02-13,13.0593011149,0.719755148779,25.5716528439,0,99.4495067348
2008-02-14,13.0593011149,0.719755148779,21.9185595805,0,91.1620478402
2008-02-15,15.6711613379,0.719755148779,21.9185595805,0,55.2497259638
2008-02-16,13.0593011149,0.719755148779,25.5716528439,0,58.012212262
2008-02-17,15.6711613379,0.719755148779,18.2654663171,0,52.4872396656
2008-02-18,15.6711613379,0.719755148779,25.5716528439,0,52.4872396656
2008-02-19,15.6711613379,0.719755148779,29.2247461073,0,55.2497259638
2008-02-20,18.2830215609,0.0,21.9185595805,0,55.2497259638
2008-02-21,13.0593011149,0.719755148779,25.5716528439,0,44.199780771
2008-02-22,15.6711613379,0.719755148779,25.5716528439,0,49.7247533674
2008-02-23,15.6711613379,0.719755148779,18.2654663171,0,46.9622670692
2008-02-24,20.8948817839,0.719755148779,25.5716528439,0,46.9622670692
2008-02-25,15.6711613379,0.719755148779,25.5716528439,0,49.7247533674
2008-02-26,15.6711613379,0.0,25.5716528439,0,49.7247533674
2008-02-27,15.6711613379,0.719755148779,29.2247461073,0,52.4872396656
2008-02-28,15.6711613379,0.719755148779,29.2247461073,0,49.7247533674
2008-02-29,15.6711613379,0.719755148779,18.2654663171,0,49.7247533674
2008-03-01,13.0593011149,0.719755148779,25.5716528439,0,49.7247533674
2008-03-02,20.8948817839,0.719755148779,25.5716528439,0,55.2497259638
2008-03-03,15.6711613379,0.719755148779,21.9185595805,0,52.4872396656
2008-03-04,18.2830215609,1.03964632601,25.5716528439,0,60.7746985602
2008-03-05,13.0593011149,0.519823163007,29.2247461073,0,55.2497259638
2008-03-06,15.6711613379,0.519823163007,25.5716528439,0,46.9622670692
2008-03-07,13.0593011149,0.519823163007,25.5716528439,0,52.4872396656
2008-03-08,13.0593011149,0.519823163007,21.9185595805,0,49.7247533674
2008-03-09,20.8948817839,1.03964632601,25.5716528439,0,46.9622670692
2008-03-10,15.6711613379,0.519823163007,25.5716528439,0,49.7247533674
2008-03-11,13.0593011149,1.03964632601,25.5716528439,0,52.4872396656
2008-03-12,13.0593011149,0.519823163007,29.2247461073,0,49.7247533674
2008-03-13,13.0593011149,0.519823163007,21.9185595805,0,52.4872396656
2008-03-14,13.0593011149,0.519823163007,25.5716528439,0,52.4872396656
2008-03-15,13.0593011149,1.03964632601,18.2654663171,0,46.9622670692
2008-03-16,15.6711613379,1.03964632601,25.5716528439,0,44.199780771
2008-03-17,15.6711613379,0.519823163007,21.9185595805,0,52.4872396656
2008-03-18,13.0593011149,0.519823163007,21.9185595805,0,58.012212262
2008-03-19,15.6711613379,0.519823163007,21.9185595805,0,58.012212262
2008-03-20,12.715747019,1.03964632601,20.0808036553,0,49.1891927302
2008-03-21,17.3396550259,1.03964632601,21.7542039599,0,55.6614549315
2008-03-22,18.4956320276,0.519823163007,21.7542039599,0,54.3670024912
2008-03-23,27.7434480414,0.519823163007,25.1010045691,0,55.6614549315
2008-03-24,17.3396550259,0.519823163007,25.1010045691,0,56.9559073718
2008-03-25,15.0277010224,0.519823163007,26.7744048737,0,53.072550051
2008-03-26,17.3396550259,1.03964632601,26.7744048737,0,55.6614549315
2008-03-27,11.5597700172,1.03964632601,30.1212054829,0,55.6614549315
2008-03-28,12.715747019,1.03964632601,25.1010045691,0,47.8947402899
2008-03-29,12.715747019,0.519823163007,25.1010045691,0,49.1891927302
2008-03-30,16.1836780241,1.03964632601,26.7744048737,0,47.8947402899
2008-03-31,13.8717240207,1.03964632601,28.4478051783,0,54.3670024912
2008-04-01,17.3396550259,1.03964632601,23.4276042645,0,54.3670024912
2008-04-02,13.8717240207,0.519823163007,26.7744048737,0,51.7780976107
2008-04-03,16.1836780241,0.519823163007,23.4276042645,0,54.3670024912
2008-04-04,15.0277010224,1.03964632601,25.1010045691,0,58.250359812
2008-04-05,12.715747019,1.03964632601,20.0808036553,0,51.7780976107
2008-04-06,19.6516090293,1.03964632601,26.7744048737,0,53.072550051
2008-04-07,12.715747019,1.03964632601,30.1212054829,0,55.6614549315
2008-04-08,13.8717240207,0.519823163007,26.7744048737,0,59.5448122523
2008-04-09,18.4956320276,0.519823163007,23.4276042645,0,58.250359812
2008-04-10,11.5597700172,0.519823163007,25.1010045691,0,49.1891927302
2008-04-11,15.0277010224,1.03964632601,23.4276042645,0,47.8947402899
2008-04-12,13.8717240207,1.55946948902,21.7542039599,0,59.5448122523
2008-04-13,15.0277010224,0.519823163007,28.4478051783,0,53.072550051
2008-04-14,15.0277010224,0.519823163007,23.4276042645,0,56.9559073718
2008-04-15,12.715747019,0.519823163007,28.4478051783,0,56.9559073718
2008-04-16,13.8717240207,1.03964632601,21.7542039599,0,62.1337171328
2008-04-17,12.715747019,1.55946948902,25.1010045691,0,63.4281695731
2008-04-18,13.8717240207,1.03964632601,21.7542039599,0,64.7226220134
2008-04-19,12.715747019,0.519823163007,25.1010045691,0,56.9559073718
2008-04-20,13.8717240207,1.03964632601,25.1010045691,0,50.4836451704
2008-04-21,17.3396550259,0.519823163007,28.4478051783,0,59.5448122523
2008-04-22,11.5597700172,1.03964632601,25.1010045691,0,62.1337171328
2008-04-23,12.715747019,1.03964632601,23.4276042645,0,62.1337171328
2008-04-24,13.8717240207,1.03964632601,25.1010045691,0,63.4281695731
2008-04-25,9.24781601379,1.03964632601,21.7542039599,0,60.8392646926
2008-04-26,9.24781601379,1.03964632601,25.1010045691,0,53.072550051
2008-04-27,13.8717240207,1.55946948902,25.1010045691,0,58.250359812
2008-04-28,12.715747019,1.03964632601,21.7542039599,0,64.7226220134
2008-04-29,11.5597700172,1.03964632601,28.4478051783,0,71.1948842147
2008-04-30,12.715747019,1.03964632601,21.7542039599,0,64.7226220134
2008-05-01,12.715747019,1.03964632601,30.1212054829,0,76.3726939758
2008-05-02,13.8717240207,0.519823163007,25.1010045691,0,69.9004317744
2008-05-03,11.5597700172,0.519823163007,26.7744048737,0,77.667146416
2008-05-04,15.0277010224,1.03964632601,21.7542039599,0,71.1948842147
2008-05-05,13.8717240207,0.519823163007,23.4276042645,0,77.667146416
2008-05-06,13.8717240207,0.519823163007,25.1010045691,0,85.4338610577
2008-05-07,10.4037930155,1.03964632601,25.1010045691,0,94.4950281395
2008-05-08,12.715747019,0.519823163007,21.7542039599,0,90.6116708187
2008-05-09,13.8717240207,0.519823163007,20.0808036553,0,94.4950281395
2008-05-10,11.5597700172,1.03964632601,18.4074033507,0,89.3172183785
2008-05-11,18.4956320276,1.03964632601,20.0808036553,0,84.1394086174
2008-05-12,15.0277010224,1.03964632601,23.4276042645,0,60.8392646926
2008-05-13,12.715747019,0.519823163007,23.4276042645,0,69.9004317744
2008-05-14,10.4037930155,1.03964632601,25.1010045691,0,68.6059793342
2008-05-15,11.5597700172,1.03964632601,21.7542039599,0,66.0170744536
2008-05-16,11.5597700172,1.03964632601,23.4276042645,0,56.9559073718
2008-05-17,9.24781601379,1.03964632601,20.0808036553,0,62.1337171328
2008-05-18,15.0277010224,1.55946948902,26.7744048737,0,55.6614549315
2008-05-19,12.715747019,0.519823163007,25.1010045691,0,67.3115268939
2008-05-20,11.5597700172,0.519823163007,23.4276042645,0,66.0170744536
2008-05-21,13.8717240207,1.03964632601,25.1010045691,0,63.4281695731
2008-05-22,11.5597700172,0.519823163007,21.7542039599,0,63.4281695731
2008-05-23,10.4037930155,1.03964632601,23.4276042645,0,62.1337171328
2008-05-24,12.715747019,1.55946948902,21.7542039599,0,64.7226220134
2008-05-25,20.807586031,1.03964632601,23.4276042645,0,54.3670024912
2008-05-26,12.715747019,1.55946948902,25.1010045691,0,47.8947402899
2008-05-27,13.8717240207,0.519823163007,26.7744048737,0,60.8392646926
2008-05-28,11.5597700172,1.03964632601,21.7542039599,0,63.4281695731
2008-05-29,12.715747019,1.03964632601,26.7744048737,0,69.9004317744
2008-05-30,12.715747019,1.03964632601,23.4276042645,0,66.0170744536
2008-05-31,11.5597700172,1.03964632601,26.7744048737,0,62.1337171328
2008-06-01,16.1836780241,0.519823163007,21.7542039599,0,55.6614549315
2008-06-02,15.0277010224,0.519823163007,23.4276042645,0,68.6059793342
2008-06-03,11.5597700172,1.03964632601,20.0808036553,0,68.6059793342
2008-06-04,12.715747019,0.519823163007,23.4276042645,0,67.3115268939
2008-06-05,11.5597700172,1.03964632601,25.1010045691,0,76.3726939758
2008-06-06,10.4037930155,0.519823163007,25.1010045691,0,67.3115268939
2008-06-07,11.5597700172,1.55946948902,20.0808036553,0,62.1337171328
2008-06-08,15.0277010224,0.519823163007,23.4276042645,0,68.6059793342
2008-06-09,11.5597700172,1.03964632601,25.1010045691,0,81.5505037369
2008-06-10,10.4037930155,1.03964632601,25.1010045691,0,86.7283134979
2008-06-11,12.715747019,0.519823163007,20.0808036553,0,73.7837890952
2008-06-12,10.4037930155,1.03964632601,23.4276042645,0,75.0782415355
2008-06-13,11.5597700172,1.03964632601,21.7542039599,0,76.3726939758
2008-06-14,10.4037930155,1.03964632601,18.4074033507,0,78.9615988563
2008-06-15,15.0277010224,1.03964632601,20.0808036553,0,75.0782415355
2008-06-16,12.715747019,0.519823163007,20.0808036553,0,59.5448122523
2008-06-17,12.715747019,1.03964632601,25.1010045691,0,64.7226220134
2008-06-18,13.8717240207,1.03964632601,26.7744048737,0,62.1337171328
2008-06-19,11.5597700172,1.03964632601,20.0808036553,0,58.250359812
2008-06-20,13.8717240207,0.519823163007,16.7340030461,0,59.5448122523
2008-06-21,9.24781601379,1.55946948902,25.1010045691,0,60.8392646926
2008-06-22,12.715747019,1.55946948902,21.7542039599,0,56.9559073718
2008-06-23,12.715747019,0.519823163007,21.7542039599,0,60.8392646926
2008-06-24,13.8717240207,0.519823163007,26.7744048737,0,59.5448122523
2008-06-25,12.715747019,1.03964632601,28.4478051783,0,62.1337171328
2008-06-26,12.715747019,1.55946948902,25.1010045691,0,62.1337171328
2008-06-27,11.5597700172,0.519823163007,23.4276042645,0,63.4281695731
2008-06-28,11.5597700172,1.03964632601,26.7744048737,0,59.5448122523
2008-06-29,18.4956320276,0.519823163007,20.0808036553,0,53.072550051
2008-06-30,15.0277010224,1.03964632601,23.4276042645,0,58.250359812
2008-07-01,12.715747019,1.03964632601,21.7542039599,0,55.6614549315
2008-07-02,12.715747019,1.55946948902,23.4276042645,0,58.250359812
2008-07-03,12.715747019,1.03964632601,25.1010045691,0,50.4836451704
2008-07-04,9.24781601379,1.03964632601,20.0808036553,0,44.0113829691
2008-07-05,12.715747019,0.519823163007,26.7744048737,0,49.1891927302
2008-07-06,15.0277010224,0.519823163007,20.0808036553,0,49.1891927302
2008-07-07,12.715747019,1.03964632601,21.7542039599,0,62.1337171328
2008-07-08,13.8717240207,1.03964632601,21.7542039599,0,55.6614549315
2008-07-09,12.715747019,1.03964632601,21.7542039599,0,64.7226220134
2008-07-10,10.4037930155,1.03964632601,25.1010045691,0,62.1337171328
2008-07-11,11.5597700172,1.03964632601,23.4276042645,0,54.3670024912
2008-07-12,9.24781601379,1.55946948902,21.7542039599,0,54.3670024912
2008-07-13,20.807586031,0.519823163007,26.7744048737,0,54.3670024912
2008-07-14,13.8717240207,1.03964632601,25.1010045691,0,51.7780976107
2008-07-15,11.5597700172,0.519823163007,28.4478051783,0,67.3115268939
2008-07-16,12.715747019,0.519823163007,25.1010045691,0,55.6614549315
2008-07-17,13.8717240207,1.03964632601,23.4276042645,0,62.1337171328
2008-07-18,11.5597700172,0.519823163007,25.1010045691,0,58.250359812
2008-07-19,10.4037930155,1.03964632601,20.0808036553,0,55.6614549315
2008-07-20,16.1836780241,1.55946948902,25.1010045691,0,56.9559073718
2008-07-21,15.0277010224,1.03964632601,21.7542039599,0,58.250359812
2008-07-22,13.8717240207,0.519823163007,25.1010045691,0,58.250359812
2008-07-23,11.5597700172,1.03964632601,26.7744048737,0,63.4281695731
2008-07-24,13.8717240207,1.03964632601,31.7946057875,0,54.3670024912
2008-07-25,13.8717240207,1.03964632601,20.0808036553,0,58.250359812
2008-07-26,11.5597700172,1.55946948902,20.0808036553,0,55.6614549315
2008-07-27,16.1836780241,0.519823163007,20.0808036553,0,50.4836451704
2008-07-28,12.715747019,1.03964632601,20.0808036553,0,62.1337171328
2008-07-29,12.715747019,1.03964632601,23.4276042645,0,55.6614549315
2008-07-30,13.8717240207,1.03964632601,23.4276042645,0,58.250359812
2008-07-31,13.8717240207,1.03964632601,23.4276042645,0,63.4281695731
2008-08-01,10.4037930155,1.03964632601,26.7744048737,0,58.250359812
2008-08-02,11.5597700172,1.03964632601,23.4276042645,0,55.6614549315
2008-08-03,17.3396550259,1.03964632601,28.4478051783,0,55.6614549315
2008-08-04,11.5597700172,1.03964632601,26.7744048737,0,60.8392646926
2008-08-05,13.8717240207,1.03964632601,26.7744048737,0,66.0170744536
2008-08-06,11.5597700172,0.519823163007,23.4276042645,0,55.6614549315
2008-08-07,13.8717240207,1.03964632601,25.1010045691,0,56.9559073718
2008-08-08,13.8717240207,0.519823163007,20.0808036553,0,58.250359812
2008-08-09,9.24781601379,1.55946948902,23.4276042645,0,46.6002878496
2008-08-10,16.1836780241,1.03964632601,21.7542039599,0,53.072550051
2008-08-11,12.715747019,1.03964632601,23.4276042645,0,58.250359812
2008-08-12,13.8717240207,0.519823163007,20.0808036553,0,60.8392646926
2008-08-13,12.715747019,0.519823163007,18.4074033507,0,64.7226220134
2008-08-14,9.24781601379,1.03964632601,23.4276042645,0,58.250359812
2008-08-15,11.5597700172,0.519823163007,23.4276042645,0,56.9559073718
2008-08-16,10.4037930155,1.03964632601,18.4074033507,0,58.250359812
2008-08-17,16.1836780241,1.03964632601,21.7542039599,0,56.9559073718
2008-08-18,13.8717240207,1.03964632601,21.7542039599,0,59.5448122523
2008-08-19,12.715747019,1.55946948902,21.7542039599,0,62.1337171328
2008-08-20,12.715747019,1.03964632601,20.0808036553,0,59.5448122523
2008-08-21,13.8717240207,1.03964632601,18.4074033507,0,56.9559073718
2008-08-22,10.4037930155,1.03964632601,20.0808036553,0,58.250359812
2008-08-23,11.5597700172,0.519823163007,23.4276042645,0,51.7780976107
2008-08-24,15.0277010224,0.519823163007,21.7542039599,0,58.250359812
2008-08-25,13.8717240207,0.519823163007,26.7744048737,0,58.250359812
2008-08-26,12.715747019,1.03964632601,20.0808036553,0,60.8392646926
2008-08-27,10.4037930155,0.519823163007,20.0808036553,0,62.1337171328
2008-08-28,13.8717240207,1.03964632601,25.1010045691,0,60.8392646926
2008-08-29,11.5597700172,0.519823163007,16.7340030461,0,58.250359812
2008-08-30,10.4037930155,1.03964632601,18.4074033507,0,56.9559073718
2008-08-31,18.4956320276,1.03964632601,23.4276042645,0,46.6002878496
2008-09-01,12.715747019,1.03964632601,23.4276042645,0,49.1891927302
2008-09-02,18.4956320276,1.03964632601,21.7542039599,0,53.072550051
2008-09-03,12.715747019,0.519823163007,25.1010045691,0,56.9559073718
2008-09-04,16.1836780241,0.519823163007,25.1010045691,0,51.7780976107
2008-09-05,12.715747019,0.519823163007,25.1010045691,0,54.3670024912
2008-09-06,12.715747019,1.03964632601,26.7744048737,0,53.072550051
2008-09-07,15.0277010224,1.03964632601,25.1010045691,0,58.250359812
2008-09-08,15.0277010224,1.03964632601,20.0808036553,0,60.8392646926
2008-09-09,12.715747019,0.519823163007,28.4478051783,0,56.9559073718
2008-09-10,15.0277010224,0.519823163007,21.7542039599,0,56.9559073718
2008-09-11,13.8717240207,0.519823163007,21.7542039599,0,59.5448122523
2008-09-12,12.715747019,0.519823163007,23.4276042645,0,51.7780976107
2008-09-13,10.4037930155,1.03964632601,16.7340030461,0,45.3058354094
2008-09-14,17.3396550259,0.519823163007,23.4276042645,0,59.5448122523
2008-09-15,13.8717240207,1.03964632601,21.7542039599,0,53.072550051
2008-09-16,16.1836780241,0.519823163007,20.0808036553,0,63.4281695731
2008-09-17,15.0277010224,1.03964632601,21.7542039599,0,58.250359812
2008-09-18,13.8717240207,0.519823163007,21.7542039599,0,56.9559073718
2008-09-19,11.5597700172,1.03964632601,23.4276042645,0,58.250359812
2008-09-20,11.5597700172,1.03964632601,23.4276042645,0,55.6614549315
2008-09-21,16.1836780241,1.03964632601,25.1010045691,0,53.072550051
2008-09-22,15.0277010224,0.519823163007,23.4276042645,0,59.5448122523
2008-09-23,16.1836780241,0.519823163007,26.7744048737,0,63.4281695731
2008-09-24,15.0277010224,0.519823163007,23.4276042645,0,56.9559073718
2008-09-25,15.0277010224,1.03964632601,28.4478051783,0,58.250359812
2008-09-26,11.5597700172,0.519823163007,21.7542039599,0,59.5448122523
2008-09-27,10.4037930155,0.519823163007,21.7542039599,0,56.9559073718
2008-09-28,17.3396550259,0.519823163007,20.0808036553,0,59.5448122523
2008-09-29,15.0277010224,1.03964632601,18.4074033507,0,55.6614549315
2008-09-30,12.715747019,1.03964632601,28.4478051783,0,58.250359812
2008-10-01,16.1836780241,1.03964632601,25.1010045691,0,64.7226220134
2008-10-02,12.715747019,1.03964632601,23.4276042645,0,64.7226220134
2008-10-03,10.4037930155,1.03964632601,23.4276042645,0,59.5448122523
2008-10-04,11.5597700172,1.55946948902,18.4074033507,0,49.1891927302
2008-10-05,15.0277010224,0.519823163007,25.1010045691,0,53.072550051
2008-10-06,15.0277010224,1.55946948902,28.4478051783,0,66.0170744536
2008-10-07,12.715747019,1.03964632601,26.7744048737,0,63.4281695731
2008-10-08,15.0277010224,1.03964632601,25.1010045691,0,63.4281695731
2008-10-09,12.715747019,0.519823163007,26.7744048737,0,58.250359812
2008-10-10,12.715747019,1.03964632601,21.7542039599,0,60.8392646926
2008-10-11,13.8717240207,0.519823163007,16.7340030461,0,54.3670024912
2008-10-12,16.1836780241,1.03964632601,21.7542039599,0,56.9559073718
2008-10-13,13.8717240207,1.55946948902,25.1010045691,0,67.3115268939
2008-10-14,13.8717240207,1.03964632601,26.7744048737,0,58.250359812
2008-10-15,12.715747019,0.519823163007,28.4478051783,0,66.0170744536
2008-10-16,11.5597700172,1.03964632601,26.7744048737,0,62.1337171328
2008-10-17,12.715747019,1.03964632601,21.7542039599,0,68.6059793342
2008-10-18,10.4037930155,1.03964632601,20.0808036553,0,64.7226220134
2008-10-19,16.1836780241,1.03964632601,25.1010045691,0,53.072550051
2008-10-20,15.0277010224,1.03964632601,25.1010045691,0,64.7226220134
2008-10-21,16.1836780241,1.03964632601,26.7744048737,0,59.5448122523
2008-10-22,13.8717240207,1.03964632601,23.4276042645,0,62.1337171328
2008-10-23,13.8717240207,1.03964632601,25.1010045691,0,64.7226220134
2008-10-24,12.715747019,1.55946948902,23.4276042645,0,63.4281695731
2008-10-25,12.715747019,1.03964632601,18.4074033507,0,66.0170744536
2008-10-26,17.3396550259,1.03964632601,20.0808036553,0,56.9559073718
2008-10-27,17.3396550259,1.03964632601,21.7542039599,0,62.1337171328
2008-10-28,15.0277010224,1.03964632601,26.7744048737,0,67.3115268939
2008-10-29,15.0277010224,0.519823163007,25.1010045691,0,64.7226220134
2008-10-30,12.715747019,0.519823163007,25.1010045691,0,68.6059793342
2008-10-31,11.5597700172,0.519823163007,21.7542039599,0,62.1337171328
2008-11-01,15.0277010224,1.03964632601,23.4276042645,0,66.0170744536
2008-11-02,16.1836780241,1.03964632601,21.7542039599,0,68.6059793342
2008-11-03,15.0277010224,1.03964632601,20.0808036553,0,69.9004317744
2008-11-04,12.715747019,0.519823163007,23.4276042645,0,71.1948842147
2008-11-05,10.4037930155,1.03964632601,20.0808036553,0,69.9004317744
2008-11-06,12.715747019,0.519823163007,26.7744048737,0,80.2560512966
2008-11-07,11.5597700172,1.55946948902,25.1010045691,0,77.667146416
2008-11-08,12.715747019,1.03964632601,20.0808036553,0,77.667146416
2008-11-09,19.6516090293,0.519823163007,30.1212054829,0,80.2560512966
2008-11-10,15.0277010224,1.03964632601,26.7744048737,0,90.6116708187
2008-11-11,17.3396550259,1.03964632601,28.4478051783,0,95.7894805798
2008-11-12,12.715747019,1.03964632601,25.1010045691,0,90.6116708187
2008-11-13,12.715747019,0.792111486486,25.1010045691,0,94.4950281395
2008-11-14,13.8717240207,0.792111486486,23.4276042645,0,91.906123259
2008-11-15,12.715747019,0.792111486486,23.4276042645,0,94.4950281395
2008-11-16,16.1836780241,1.58422297297,20.0808036553,0,99.6728379006
2008-11-17,17.3396550259,0.792111486486,30.1212054829,0,93.2005756993
2008-11-18,13.8717240207,0.792111486486,25.1010045691,0,100.967290341
2008-11-19,16.1836780241,0.792111486486,25.1010045691,0,117.795172064
2008-11-20,13.8717240207,0.792111486486,20.0808036553,0,108.734004982
2008-11-21,11.5597700172,0.792111486486,23.4276042645,0,104.850647662
2008-11-22,15.0277010224,0.792111486486,20.0808036553,0,106.145100102
2008-11-23,15.0277010224,0.792111486486,23.4276042645,0,112.617362303
2008-11-24,13.8717240207,0.792111486486,28.4478051783,0,117.795172064
2008-11-25,12.715747019,0.792111486486,25.1010045691,0,129.445244027
2008-11-26,11.5597700172,0.792111486486,20.0808036553,0,112.617362303
2008-11-27,9.24781601379,0.792111486486,16.7340030461,0,88.0227659382
2008-11-28,9.24781601379,0.792111486486,16.7340030461,0,125.561886706
2008-11-29,11.7575934625,0.792111486486,20.3460077214,0,140.151427693
2008-11-30,16.4606308475,0.792111486486,20.3460077214,0,160.914602166
2008-12-01,14.109112155,0.792111486486,23.7370090083,0,155.723808548
2008-12-02,11.7575934625,0.792111486486,27.1280102952,0,158.319205357
2008-12-03,16.4606308475,0.0,23.7370090083,0,166.105395784
2008-12-04,14.109112155,0.792111486486,23.7370090083,0,166.105395784
2008-12-05,11.7575934625,0.792111486486,23.7370090083,0,176.486983021
2008-12-06,11.7575934625,0.792111486486,20.3460077214,0,160.914602166
2008-12-07,14.109112155,0.792111486486,23.7370090083,0,186.868570257
2008-12-08,14.109112155,0.792111486486,23.7370090083,0,186.868570257
2008-12-09,11.7575934625,0.792111486486,27.1280102952,0,189.463967066
2008-12-10,11.7575934625,0.792111486486,27.1280102952,0,194.654760685
2008-12-11,11.7575934625,0.792111486486,27.1280102952,0,194.654760685
2008-12-12,11.7575934625,0.792111486486,20.3460077214,0,207.63174473
2008-12-13,11.7575934625,0.792111486486,23.7370090083,0,207.63174473
2008-12-14,14.109112155,0.792111486486,27.1280102952,0,236.181109631
2008-12-15,14.109112155,0.792111486486,20.3460077214,0,246.562696867
2008-12-16,14.109112155,0.792111486486,23.7370090083,0,243.967300058
2008-12-17,11.7575934625,0.792111486486,23.7370090083,0,256.944284104
2008-12-18,9.40607476998,0.792111486486,27.1280102952,0,259.539680913
2008-12-19,11.7575934625,0.792111486486,20.3460077214,0,225.799522394
2008-12-20,11.7575934625,0.792111486486,16.9550064345,0,236.181109631
2008-12-21,16.4606308475,0.792111486486,23.7370090083,0,236.181109631
2008-12-22,14.109112155,0.792111486486,20.3460077214,0,243.967300058
2008-12-23,11.7575934625,0.792111486486,23.7370090083,0,246.562696867
2008-12-24,14.109112155,0.792111486486,16.9550064345,0,236.181109631
2008-12-25,11.7575934625,0.792111486486,16.9550064345,0,168.700792593
2008-12-26,9.40607476998,0.792111486486,20.3460077214,0,129.769840456
2008-12-27,7.05455607748,1.58422297297,23.7370090083,0,103.815872365
2008-12-28,14.109112155,0.792111486486,23.7370090083,0,83.0526978921
2008-12-29,14.109112155,1.58422297297,27.1280102952,0,90.8388883195
2008-12-30,11.7575934625,0.792111486486,20.3460077214,0,80.4573010829
2008-12-31,14.109112155,0.792111486486,27.1280102952,0,77.8619042738
2009-01-01,9.40607476998,0.0,23.7370090083,0,64.8849202282
2009-01-02,11.7575934625,1.58422297297,23.7370090083,0,70.0757138464
2009-01-03,11.7575934625,0.792111486486,20.3460077214,0,75.2665074647
2009-01-04,18.81214954,0.792111486486,30.5190115821,0,67.4803170373
2009-01-05,18.81214954,0.792111486486,23.7370090083,0,62.2895234191
2009-01-06,16.4606308475,0.0,30.5190115821,0,59.6941266099
2009-01-07,16.4606308475,0.792111486486,23.7370090083,0,54.5033329917
2009-01-08,16.4606308475,0.792111486486,27.1280102952,0,59.6941266099
2009-01-09,14.109112155,0.792111486486,23.7370090083,0,59.6941266099
2009-01-10,11.7575934625,0.792111486486,23.7370090083,0,62.2895234191
2009-01-11,21.1636682324,0.792111486486,27.1280102952,0,57.0987298008
2009-01-12,14.109112155,0.792111486486,23.7370090083,0,54.5033329917
2009-01-13,16.4606308475,0.792111486486,23.7370090083,0,54.5033329917
2009-01-14,16.4606308475,0.792111486486,27.1280102952,0,57.0987298008
2009-01-15,16.4606308475,0.792111486486,27.1280102952,0,57.0987298008
2009-01-16,14.109112155,0.792111486486,27.1280102952,0,59.6941266099
2009-01-17,14.109112155,0.792111486486,23.7370090083,0,59.6941266099
2009-01-18,16.4606308475,0.792111486486,23.7370090083,0,59.6941266099
2009-01-19,14.109112155,0.792111486486,27.1280102952,0,54.5033329917
2009-01-20,14.109112155,0.792111486486,27.1280102952,0,59.6941266099
2009-01-21,16.4606308475,0.792111486486,30.5190115821,0,59.6941266099
2009-01-22,14.109112155,0.792111486486,30.5190115821,0,57.0987298008
2009-01-23,14.109112155,0.792111486486,23.7370090083,0,59.6941266099
2009-01-24,11.7575934625,0.792111486486,20.3460077214,0,57.0987298008
2009-01-25,16.4606308475,0.792111486486,27.1280102952,0,62.2895234191
2009-01-26,16.4606308475,0.792111486486,30.5190115821,0,59.6941266099
2009-01-27,14.109112155,0.792111486486,30.5190115821,0,57.0987298008
2009-01-28,16.4606308475,0.792111486486,40.6920154428,0,57.0987298008
2009-01-29,14.109112155,0.792111486486,40.6920154428,0,57.0987298008
2009-01-30,14.109112155,0.792111486486,33.910012869,0,57.0987298008
2009-01-31,14.109112155,0.792111486486,37.3010141559,0,62.2895234191
2009-02-01,14.109112155,0.792111486486,44.0830167297,0,57.0987298008
2009-02-02,14.109112155,0.792111486486,33.910012869,0,67.4803170373
2009-02-03,14.109112155,0.792111486486,30.5190115821,0,59.6941266099
2009-02-04,14.109112155,0.792111486486,30.5190115821,0,64.8849202282
2009-02-05,11.7575934625,0.792111486486,23.7370090083,0,67.4803170373
2009-02-06,14.109112155,0.792111486486,30.5190115821,0,64.8849202282
2009-02-07,14.109112155,0.792111486486,33.910012869,0,62.2895234191
2009-02-08,18.81214954,0.792111486486,30.5190115821,0,70.0757138464
2009-02-09,14.109112155,0.792111486486,30.5190115821,0,80.4573010829
2009-02-10,14.109112155,0.792111486486,23.7370090083,0,80.4573010829
2009-02-11,14.109112155,0.792111486486,27.1280102952,0,83.0526978921
2009-02-12,16.4606308475,0.792111486486,27.1280102952,0,83.0526978921
2009-02-13,14.109112155,0.792111486486,23.7370090083,0,83.0526978921
2009-02-14,9.40607476998,0.792111486486,23.7370090083,0,72.6711106556
2009-02-15,16.4606308475,0.792111486486,27.1280102952,0,49.3125393734
2009-02-16,14.109112155,0.792111486486,27.1280102952,0,49.3125393734
2009-02-17,14.109112155,0.792111486486,27.1280102952,0,46.7171425643
2009-02-18,14.109112155,0.792111486486,30.5190115821,0,44.1217457552
2009-02-19,14.109112155,0.792111486486,27.1280102952,0,49.3125393734
2009-02-20,11.7575934625,0.792111486486,27.1280102952,0,51.9079361825
2009-02-21,11.7575934625,0.792111486486,20.3460077214,0,51.9079361825
2009-02-22,14.109112155,0.792111486486,27.1280102952,0,54.5033329917
2009-02-23,11.7575934625,0.792111486486,27.1280102952,0,54.5033329917
2009-02-24,14.109112155,0.792111486486,23.7370090083,0,49.3125393734
2009-02-25,16.4606308475,0.792111486486,27.1280102952,0,49.3125393734
2009-02-26,14.109112155,0.792111486486,27.1280102952,0,49.3125393734
2009-02-27,11.7575934625,0.792111486486,27.1280102952,0,54.5033329917
2009-02-28,11.7575934625,0.792111486486,30.5190115821,0,49.3125393734
2009-03-01,16.4606308475,0.0,27.1280102952,0,51.9079361825
2009-03-02,14.109112155,2.37633445946,23.7370090083,0,49.3125393734
2009-03-03,14.109112155,1.58422297297,27.1280102952,0,54.5033329917
2009-03-04,14.109112155,0.792111486486,27.1280102952,0,46.7171425643
2009-03-05,11.7575934625,1.58422297297,30.5190115821,0,49.3125393734
2009-03-06,11.7575934625,2.37633445946,27.1280102952,0,51.9079361825
2009-03-07,14.109112155,1.58422297297,27.1280102952,0,51.9079361825
2009-03-08,16.4606308475,1.58422297297,30.5190115821,0,51.9079361825
2009-03-09,14.109112155,0.792111486486,33.910012869,0,54.5033329917
2009-03-10,14.109112155,0.792111486486,27.1280102952,0,54.5033329917
2009-03-11,11.7575934625,3.16844594595,23.7370090083,0,54.5033329917
2009-03-12,14.109112155,1.58422297297,33.910012869,0,54.5033329917
2009-03-13,14.109112155,0.792111486486,23.7370090083,0,49.3125393734
2009-03-14,11.7575934625,0.792111486486,23.7370090083,0,51.9079361825
2009-03-15,16.4606308475,0.792111486486,27.1280102952,0,49.3125393734
2009-03-16,16.4606308475,0.792111486486,27.1280102952,0,51.9079361825
2009-03-17,14.109112155,1.58422297297,27.1280102952,0,54.5033329917
2009-03-18,14.109112155,0.792111486486,27.1280102952,0,49.3125393734
2009-03-19,16.4606308475,0.792111486486,27.1280102952,0,51.9079361825
2009-03-20,11.7575934625,0.792111486486,23.7370090083,0,51.9079361825
2009-03-21,11.7575934625,0.792111486486,23.7370090083,0,51.9079361825
2009-03-22,16.4606308475,0.792111486486,30.5190115821,0,51.9079361825
2009-03-23,14.109112155,0.792111486486,33.910012869,0,51.9079361825
2009-03-24,11.7575934625,0.792111486486,27.1280102952,0,49.3125393734
2009-03-25,14.109112155,0.792111486486,27.1280102952,0,49.3125393734
2009-03-26,11.7575934625,0.792111486486,27.1280102952,0,46.7171425643
2009-03-27,11.7575934625,0.792111486486,27.1280102952,0,54.5033329917
2009-03-28,11.7575934625,0.792111486486,20.3460077214,0,46.7171425643
2009-03-29,14.109112155,0.792111486486,20.3460077214,0,46.7171425643
2009-03-30,11.7575934625,0.792111486486,27.1280102952,0,54.5033329917
2009-03-31,11.7575934625,0.792111486486,30.5190115821,0,51.9079361825
2009-04-01,14.109112155,0.0,23.7370090083,0,51.9079361825
2009-04-02,14.109112155,0.792111486486,27.1280102952,0,51.9079361825
2009-04-03,14.109112155,0.792111486486,30.5190115821,0,57.0987298008
2009-04-04,11.7575934625,0.792111486486,23.7370090083,0,51.9079361825
2009-04-05,18.81214954,0.792111486486,23.7370090083,0,59.6941266099
2009-04-06,14.109112155,0.792111486486,30.5190115821,0,49.3125393734
2009-04-07,16.4606308475,0.792111486486,27.1280102952,0,59.6941266099
2009-04-08,14.109112155,0.792111486486,27.1280102952,0,57.0987298008
2009-04-09,16.4606308475,0.792111486486,27.1280102952,0,59.6941266099
2009-04-10,18.81214954,0.792111486486,27.1280102952,0,54.5033329917
2009-04-11,14.109112155,0.792111486486,27.1280102952,0,59.6941266099
2009-04-12,23.5151869249,0.792111486486,23.7370090083,0,44.1217457552
2009-04-13,14.109112155,0.792111486486,30.5190115821,0,57.0987298008
2009-04-14,11.7575934625,0.792111486486,30.5190115821,0,57.0987298008
2009-04-15,14.109112155,0.792111486486,30.5190115821,0,59.6941266099
2009-04-16,14.109112155,0.792111486486,27.1280102952,0,49.3125393734
2009-04-17,11.7575934625,0.792111486486,27.1280102952,0,54.5033329917
2009-04-18,11.7575934625,0.792111486486,23.7370090083,0,54.5033329917
2009-04-19,14.109112155,0.792111486486,27.1280102952,0,54.5033329917
2009-04-20,16.4606308475,0.792111486486,27.1280102952,0,57.0987298008
2009-04-21,11.7575934625,0.792111486486,27.1280102952,0,59.6941266099
2009-04-22,11.7575934625,0.792111486486,27.1280102952,0,57.0987298008
2009-04-23,11.7575934625,0.792111486486,30.5190115821,0,57.0987298008
2009-04-24,11.7575934625,0.792111486486,23.7370090083,0,51.9079361825
2009-04-25,9.40607476998,0.792111486486,23.7370090083,0,57.0987298008
2009-04-26,16.4606308475,0.792111486486,23.7370090083,0,54.5033329917
2009-04-27,16.4606308475,0.0,27.1280102952,0,57.0987298008
2009-04-28,11.7575934625,0.792111486486,27.1280102952,0,67.4803170373
2009-04-29,11.7575934625,0.792111486486,30.5190115821,0,59.6941266099
2009-04-30,11.7575934625,0.792111486486,27.1280102952,0,64.8849202282
2009-05-01,11.7575934625,0.792111486486,30.5190115821,0,62.2895234191
2009-05-02,9.40607476998,0.792111486486,27.1280102952,0,67.4803170373
2009-05-03,14.109112155,0.792111486486,27.1280102952,0,64.8849202282
2009-05-04,11.7575934625,0.792111486486,27.1280102952,0,77.8619042738
2009-05-05,11.7575934625,0.792111486486,27.1280102952,0,85.6480947012
2009-05-06,11.7575934625,0.792111486486,30.5190115821,0,80.4573010829
2009-05-07,11.7575934625,0.792111486486,27.1280102952,0,85.6480947012
2009-05-08,11.7575934625,0.792111486486,30.5190115821,0,93.4342851286
2009-05-09,9.40607476998,0.792111486486,23.7370090083,0,88.2434915103
2009-05-10,11.7575934625,0.792111486486,27.1280102952,0,77.8619042738
2009-05-11,14.109112155,0.792111486486,23.7370090083,0,59.6941266099
2009-05-12,14.109112155,0.792111486486,27.1280102952,0,62.2895234191
2009-05-13,14.109112155,0.792111486486,30.5190115821,0,57.0987298008
2009-05-14,11.7575934625,0.792111486486,27.1280102952,0,59.6941266099
2009-05-15,9.40607476998,0.792111486486,27.1280102952,0,59.6941266099
2009-05-16,11.7575934625,0.792111486486,30.5190115821,0,57.0987298008
2009-05-17,14.109112155,0.792111486486,27.1280102952,0,57.0987298008
2009-05-18,11.7575934625,0.792111486486,27.1280102952,0,59.6941266099
2009-05-19,9.40607476998,0.792111486486,27.1280102952,0,59.6941266099
2009-05-20,11.7575934625,0.792111486486,27.1280102952,0,59.6941266099
2009-05-21,14.109112155,0.792111486486,27.1280102952,0,59.6941266099
2009-05-22,11.7575934625,0.792111486486,27.1280102952,0,54.5033329917
2009-05-23,9.40607476998,0.792111486486,23.7370090083,0,62.2895234191
2009-05-24,14.109112155,0.792111486486,33.910012869,0,49.3125393734
2009-05-25,9.40607476998,0.792111486486,30.5190115821,0,57.0987298008
2009-05-26,11.7575934625,0.792111486486,30.5190115821,0,59.6941266099
2009-05-27,9.40607476998,0.792111486486,30.5190115821,0,64.8849202282
2009-05-28,11.7575934625,0.792111486486,30.5190115821,0,70.0757138464
2009-05-29,9.40607476998,0.792111486486,30.5190115821,0,64.8849202282
2009-05-30,9.40607476998,0.792111486486,27.1280102952,0,67.4803170373
2009-05-31,14.109112155,1.58422297297,27.1280102952,0,54.5033329917
2009-06-01,11.7575934625,0.792111486486,30.5190115821,0,59.6941266099
2009-06-02,11.7575934625,0.792111486486,30.5190115821,0,62.2895234191
2009-06-03,11.7575934625,0.792111486486,27.1280102952,0,64.8849202282
2009-06-04,11.7575934625,0.792111486486,33.910012869,0,62.2895234191
2009-06-05,11.7575934625,0.792111486486,30.5190115821,0,62.2895234191
2009-06-06,9.40607476998,0.792111486486,23.7370090083,0,57.0987298008
2009-06-07,11.7575934625,0.792111486486,27.1280102952,0,54.5033329917
2009-06-08,14.109112155,0.792111486486,27.1280102952,0,67.4803170373
2009-06-09,11.7575934625,0.792111486486,27.1280102952,0,62.2895234191
2009-06-10,11.7575934625,0.0,27.1280102952,0,67.4803170373
2009-06-11,9.40607476998,0.792111486486,27.1280102952,0,62.2895234191
2009-06-12,9.40607476998,0.792111486486,27.1280102952,0,67.4803170373
2009-06-13,9.40607476998,1.58422297297,27.1280102952,0,62.2895234191
2009-06-14,11.7575934625,0.792111486486,27.1280102952,0,62.2895234191
2009-06-15,11.7575934625,0.0,27.1280102952,0,67.4803170373
2009-06-16,14.109112155,0.792111486486,27.1280102952,0,72.6711106556
2009-06-17,16.4606308475,0.792111486486,30.5190115821,0,72.6711106556
2009-06-18,14.109112155,0.792111486486,27.1280102952,0,70.0757138464
2009-06-19,11.7575934625,0.792111486486,23.7370090083,0,72.6711106556
2009-06-20,11.7575934625,0.792111486486,23.7370090083,0,62.2895234191
2009-06-21,14.109112155,0.792111486486,30.5190115821,0,64.8849202282
2009-06-22,11.7575934625,0.0,33.910012869,0,57.0987298008
2009-06-23,11.7575934625,0.792111486486,23.7370090083,0,62.2895234191
2009-06-24,14.109112155,0.792111486486,27.1280102952,0,62.2895234191
2009-06-25,9.40607476998,0.792111486486,23.7370090083,0,54.5033329917
2009-06-26,9.40607476998,0.792111486486,23.7370090083,0,57.0987298008
2009-06-27,9.40607476998,0.792111486486,23.7370090083,0,54.5033329917
2009-06-28,18.81214954,0.792111486486,23.7370090083,0,46.7171425643
2009-06-29,14.109112155,0.792111486486,27.1280102952,0,59.6941266099
2009-06-30,11.7575934625,0.792111486486,30.5190115821,0,64.8849202282
2009-07-01,14.109112155,0.792111486486,27.1280102952,0,57.0987298008
2009-07-02,11.7575934625,0.792111486486,23.7370090083,0,51.9079361825
2009-07-03,9.40607476998,0.792111486486,23.7370090083,0,54.5033329917
2009-07-04,9.40607476998,0.792111486486,23.7370090083,0,49.3125393734
2009-07-05,16.4606308475,0.792111486486,23.7370090083,0,46.7171425643
2009-07-06,9.40607476998,0.792111486486,23.7370090083,0,62.2895234191
2009-07-07,11.7575934625,0.792111486486,27.1280102952,0,59.6941266099
2009-07-08,11.7575934625,0.792111486486,30.5190115821,0,62.2895234191
2009-07-09,11.7575934625,0.792111486486,27.1280102952,0,57.0987298008
2009-07-10,11.7575934625,0.792111486486,23.7370090083,0,62.2895234191
2009-07-11,11.7575934625,0.792111486486,23.7370090083,0,59.6941266099
2009-07-12,16.4606308475,0.792111486486,23.7370090083,0,49.3125393734
2009-07-13,14.109112155,0.792111486486,30.5190115821,0,62.2895234191
2009-07-14,11.7575934625,0.792111486486,30.5190115821,0,59.6941266099
2009-07-15,14.109112155,0.792111486486,27.1280102952,0,64.8849202282
2009-07-16,9.40607476998,0.792111486486,30.5190115821,0,57.0987298008
2009-07-17,11.7575934625,0.792111486486,30.5190115821,0,59.6941266099
2009-07-18,9.40607476998,0.792111486486,30.5190115821,0,54.5033329917
2009-07-19,18.81214954,0.792111486486,30.5190115821,0,54.5033329917
2009-07-20,14.109112155,0.792111486486,27.1280102952,0,59.6941266099
2009-07-21,11.7575934625,0.792111486486,27.1280102952,0,62.2895234191
2009-07-22,14.109112155,0.792111486486,30.5190115821,0,62.2895234191
2009-07-23,11.7575934625,0.792111486486,27.1280102952,0,54.5033329917
2009-07-24,9.40607476998,0.792111486486,23.7370090083,0,57.0987298008
2009-07-25,11.7575934625,0.792111486486,30.5190115821,0,57.0987298008
2009-07-26,16.4606308475,0.792111486486,30.5190115821,0,57.0987298008
2009-07-27,14.109112155,0.792111486486,23.7370090083,0,54.5033329917
2009-07-28,11.7575934625,0.792111486486,27.1280102952,0,64.8849202282
2009-07-29,11.7575934625,0.792111486486,33.910012869,0,62.2895234191
2009-07-30,9.40607476998,0.792111486486,30.5190115821,0,62.2895234191
2009-07-31,11.7575934625,0.792111486486,23.7370090083,0,64.8849202282
2009-08-01,11.7575934625,0.792111486486,27.1280102952,0,62.2895234191
2009-08-02,18.81214954,0.792111486486,27.1280102952,0,59.6941266099
2009-08-03,11.7575934625,0.792111486486,27.1280102952,0,67.4803170373
2009-08-04,14.109112155,0.792111486486,27.1280102952,0,62.2895234191
2009-08-05,11.7575934625,0.792111486486,33.910012869,0,62.2895234191
2009-08-06,11.7575934625,0.792111486486,27.1280102952,0,62.2895234191
2009-08-07,11.7575934625,0.792111486486,27.1280102952,0,62.2895234191
2009-08-08,9.40607476998,0.792111486486,27.1280102952,0,59.6941266099
2009-08-09,16.4606308475,0.792111486486,27.1280102952,0,54.5033329917
2009-08-10,14.6759961255,0.792111486486,25.5914628371,0,59.5064773149
2009-08-11,9.78399741698,0.792111486486,25.5914628371,0,62.3401190918
2009-08-12,12.2299967712,0.792111486486,29.2473860995,0,62.3401190918
2009-08-13,9.78399741698,0.792111486486,25.5914628371,0,59.5064773149
2009-08-14,12.2299967712,0.792111486486,25.5914628371,0,62.3401190918
2009-08-15,12.2299967712,0.792111486486,25.5914628371,0,59.5064773149
2009-08-16,17.1219954797,0.792111486486,32.9033093619,0,59.5064773149
2009-08-17,12.2299967712,0.792111486486,25.5914628371,0,56.672835538
2009-08-18,9.78399741698,0.792111486486,29.2473860995,0,56.672835538
2009-08-19,12.2299967712,0.792111486486,25.5914628371,0,59.5064773149
2009-08-20,12.2299967712,0.792111486486,25.5914628371,0,65.1737608687
2009-08-21,12.2299967712,0.792111486486,25.5914628371,0,59.5064773149
2009-08-22,12.2299967712,0.792111486486,25.5914628371,0,56.672835538
2009-08-23,14.6759961255,0.792111486486,29.2473860995,0,56.672835538
2009-08-24,12.2299967712,0.792111486486,29.2473860995,0,62.3401190918
2009-08-25,12.2299967712,0.792111486486,29.2473860995,0,65.1737608687
2009-08-26,12.2299967712,0.792111486486,21.9355395746,0,62.3401190918
2009-08-27,12.2299967712,0.792111486486,25.5914628371,0,53.8391937611
2009-08-28,12.2299967712,0.792111486486,21.9355395746,0,56.672835538
2009-08-29,12.2299967712,0.792111486486,25.5914628371,0,53.8391937611
2009-08-30,17.1219954797,0.792111486486,21.9355395746,0,53.8391937611
2009-08-31,14.6759961255,0.792111486486,25.5914628371,0,59.5064773149
2009-09-01,14.6759961255,0.792111486486,25.5914628371,0,51.0055519842
2009-09-02,14.6759961255,0.792111486486,25.5914628371,0,65.1737608687
2009-09-03,12.2299967712,0.792111486486,25.5914628371,0,59.5064773149
2009-09-04,12.2299967712,0.792111486486,25.5914628371,0,56.672835538
2009-09-05,9.78399741698,0.792111486486,25.5914628371,0,59.5064773149
2009-09-06,14.6759961255,0.792111486486,29.2473860995,0,53.8391937611
2009-09-07,12.2299967712,0.792111486486,25.5914628371,0,53.8391937611
2009-09-08,14.6759961255,0.792111486486,25.5914628371,0,59.5064773149
2009-09-09,14.6759961255,0.792111486486,29.2473860995,0,59.5064773149
2009-09-10,12.2299967712,0.792111486486,29.2473860995,0,62.3401190918
2009-09-11,14.6759961255,0.792111486486,29.2473860995,0,62.3401190918
2009-09-12,12.2299967712,0.792111486486,25.5914628371,0,56.672835538
2009-09-13,14.6759961255,0.792111486486,29.2473860995,0,51.0055519842
2009-09-14,12.2299967712,0.792111486486,25.5914628371,0,59.5064773149
2009-09-15,12.2299967712,0.792111486486,32.9033093619,0,59.5064773149
2009-09-16,12.2299967712,0.792111486486,29.2473860995,0,65.1737608687
2009-09-17,12.2299967712,0.792111486486,32.9033093619,0,59.5064773149
2009-09-18,12.2299967712,0.792111486486,29.2473860995,0,59.5064773149
2009-09-19,9.78399741698,0.792111486486,29.2473860995,0,59.5064773149
2009-09-20,14.6759961255,0.792111486486,29.2473860995,0,51.0055519842
2009-09-21,14.6759961255,0.792111486486,29.2473860995,0,65.1737608687
2009-09-22,12.2299967712,0.792111486486,32.9033093619,0,56.672835538
2009-09-23,14.6759961255,0.792111486486,29.2473860995,0,65.1737608687
2009-09-24,14.6759961255,0.792111486486,32.9033093619,0,62.3401190918
2009-09-25,12.2299967712,0.792111486486,25.5914628371,0,59.5064773149
2009-09-26,12.2299967712,0.0,25.5914628371,0,51.0055519842
2009-09-27,17.1219954797,0.792111486486,29.2473860995,0,56.672835538
2009-09-28,14.6759961255,0.792111486486,29.2473860995,0,59.5064773149
2009-09-29,14.6759961255,0.792111486486,32.9033093619,0,62.3401190918
2009-09-30,14.6759961255,0.792111486486,29.2473860995,0,62.3401190918
2009-10-01,9.78399741698,0.792111486486,29.2473860995,0,62.3401190918
2009-10-02,12.2299967712,0.792111486486,25.5914628371,0,62.3401190918
2009-10-03,12.2299967712,0.0,25.5914628371,0,53.8391937611
2009-10-04,14.6759961255,0.792111486486,25.5914628371,0,53.8391937611
2009-10-05,14.6759961255,0.792111486486,29.2473860995,0,62.3401190918
2009-10-06,12.2299967712,0.792111486486,29.2473860995,0,65.1737608687
2009-10-07,12.2299967712,0.792111486486,29.2473860995,0,62.3401190918
2009-10-08,14.6759961255,0.792111486486,32.9033093619,0,68.0074026456
2009-10-09,12.2299967712,0.792111486486,25.5914628371,0,59.5064773149
2009-10-10,9.78399741698,0.792111486486,25.5914628371,0,56.672835538
2009-10-11,14.6759961255,0.792111486486,25.5914628371,0,59.5064773149
2009-10-12,14.6759961255,0.792111486486,32.9033093619,0,68.0074026456
2009-10-13,12.2299967712,0.792111486486,29.2473860995,0,65.1737608687
2009-10-14,12.2299967712,0.792111486486,29.2473860995,0,68.0074026456
2009-10-15,14.6759961255,0.792111486486,21.9355395746,0,65.1737608687
2009-10-16,12.2299967712,0.792111486486,21.9355395746,0,59.5064773149
2009-10-17,12.2299967712,0.792111486486,29.2473860995,0,59.5064773149
2009-10-18,14.6759961255,0.792111486486,29.2473860995,0,59.5064773149
2009-10-19,14.6759961255,0.792111486486,29.2473860995,0,65.1737608687
2009-10-20,14.6759961255,0.792111486486,25.5914628371,0,68.0074026456
2009-10-21,14.6759961255,0.792111486486,29.2473860995,0,68.0074026456
2009-10-22,12.2299967712,0.792111486486,29.2473860995,0,59.5064773149
2009-10-23,9.78399741698,0.0,25.5914628371,0,68.0074026456
2009-10-24,12.2299967712,0.792111486486,25.5914628371,0,65.1737608687
2009-10-25,9.78399741698,0.792111486486,21.9355395746,0,65.1737608687
2009-10-26,14.6759961255,0.792111486486,29.2473860995,0,62.3401190918
2009-10-27,17.1219954797,0.792111486486,29.2473860995,0,62.3401190918
2009-10-28,14.6759961255,0.792111486486,29.2473860995,0,62.3401190918
2009-10-29,14.6759961255,0.792111486486,25.5914628371,0,65.1737608687
2009-10-30,14.6759961255,0.792111486486,25.5914628371,0,62.3401190918
2009-10-31,14.6759961255,0.792111486486,21.9355395746,0,56.672835538
2009-11-01,14.6759961255,0.792111486486,29.2473860995,0,65.1737608687
2009-11-02,14.6759961255,0.792111486486,29.2473860995,0,76.5083279763
2009-11-03,17.1219954797,0.792111486486,29.2473860995,0,79.3419697533
2009-11-04,17.1219954797,0.792111486486,29.2473860995,0,82.1756115302
2009-11-05,12.2299967712,0.792111486486,25.5914628371,0,79.3419697533
2009-11-06,12.2299967712,0.792111486486,25.5914628371,0,76.5083279763
2009-11-07,9.78399741698,0.0,18.2796163122,0,70.8410444225
2009-11-08,14.6759961255,0.792111486486,29.2473860995,0,85.0092533071
2009-11-09,14.6759961255,0.792111486486,29.2473860995,0,85.0092533071
2009-11-10,17.1219954797,0.792111486486,29.2473860995,0,87.842895084
2009-11-11,12.2299967712,0.792111486486,29.2473860995,0,96.3438204147
2009-11-12,9.78399741698,0.792111486486,29.2473860995,0,90.6765368609
2009-11-13,14.6759961255,0.792111486486,25.5914628371,0,90.6765368609
2009-11-14,9.78399741698,0.792111486486,25.5914628371,0,87.842895084
2009-11-15,14.6759961255,0.792111486486,29.2473860995,0,93.5101786378
2009-11-16,14.6759961255,0.792111486486,32.9033093619,0,96.3438204147
2009-11-17,12.2299967712,0.792111486486,29.2473860995,0,102.011103968
2009-11-18,12.2299967712,0.792111486486,29.2473860995,0,110.512029299
2009-11-19,12.2299967712,0.792111486486,29.2473860995,0,99.1774621916
2009-11-20,12.2299967712,0.792111486486,25.5914628371,0,99.1774621916
2009-11-21,9.78399741698,0.792111486486,21.9355395746,0,107.678387522
2009-11-22,14.6759961255,0.0,25.5914628371,0,110.512029299
2009-11-23,12.2299967712,0.792111486486,29.2473860995,0,124.680238184
2009-11-24,12.2299967712,0.792111486486,25.5914628371,0,116.179312853
2009-11-25,12.2299967712,0.792111486486,25.5914628371,0,116.179312853
2009-11-26,7.33799806274,0.792111486486,18.2796163122,0,99.1774621916
2009-11-27,7.33799806274,0.792111486486,18.2796163122,0,138.848447068
2009-11-28,9.78399741698,0.792111486486,21.9355395746,0,153.016655953
2009-11-29,17.1219954797,0.792111486486,25.5914628371,0,144.515730622
2009-11-30,17.1219954797,0.792111486486,29.2473860995,0,158.683939507
2009-12-01,14.6759961255,0.792111486486,25.5914628371,0,172.852148391
2009-12-02,9.78399741698,0.792111486486,36.5592326244,0,161.517581283
2009-12-03,14.6759961255,0.792111486486,32.9033093619,0,170.018506614
2009-12-04,12.2299967712,0.792111486486,25.5914628371,0,172.852148391
2009-12-05,9.78399741698,0.792111486486,25.5914628371,0,175.685790168
2009-12-06,14.6759961255,0.792111486486,32.9033093619,0,198.354924383
2009-12-07,12.2299967712,0.792111486486,29.2473860995,0,201.18856616
2009-12-08,14.6759961255,0.792111486486,29.2473860995,0,195.521282606
2009-12-09,12.2299967712,0.0,29.2473860995,0,215.356775045
2009-12-10,9.78399741698,0.792111486486,29.2473860995,0,218.190416821
2009-12-11,12.2299967712,0.792111486486,25.5914628371,0,223.857700375
2009-12-12,9.78399741698,0.792111486486,25.5914628371,0,235.192267483
2009-12-13,14.6759961255,0.792111486486,21.9355395746,0,235.192267483
2009-12-14,12.2299967712,0.792111486486,29.2473860995,0,252.194118144
2009-12-15,9.78399741698,0.792111486486,25.5914628371,0,260.695043475
2009-12-16,12.2299967712,0.792111486486,25.5914628371,0,272.029610583
2009-12-17,9.78399741698,0.792111486486,25.5914628371,0,252.194118144
2009-12-18,9.78399741698,0.792111486486,21.9355395746,0,252.194118144
2009-12-19,9.78399741698,0.0,21.9355395746,0,257.861401698
2009-12-20,14.6759961255,0.792111486486,25.5914628371,0,212.523133268
2009-12-21,12.2299967712,0.792111486486,25.5914628371,0,266.362327029
2009-12-22,12.2299967712,0.792111486486,18.2796163122,0,283.36417769
2009-12-23,9.78399741698,0.792111486486,21.9355395746,0,260.695043475
2009-12-24,17.1219954797,0.792111486486,21.9355395746,0,235.192267483
2009-12-25,9.78399741698,0.792111486486,18.2796163122,0,178.519431945
2009-12-26,7.33799806274,0.0,25.5914628371,0,130.347521737
2009-12-27,14.6759961255,0.792111486486,21.9355395746,0,116.179312853
2009-12-28,9.78399741698,1.58422297297,25.5914628371,0,96.3438204147
2009-12-29,12.2299967712,0.792111486486,29.2473860995,0,99.1774621916
2009-12-30,12.2299967712,0.792111486486,25.5914628371,0,87.842895084
2009-12-31,12.2299967712,0.792111486486,29.2473860995,0,79.3419697533
2010-01-01,9.78399741698,0.792111486486,21.9355395746,0,76.5083279763
2010-01-02,12.2299967712,0.792111486486,21.9355395746,0,70.8410444225
2010-01-03,17.1219954797,0.792111486486,25.5914628371,0,70.8410444225
2010-01-04,14.6759961255,0.792111486486,29.2473860995,0,73.6746861994
2010-01-05,14.6759961255,0.792111486486,32.9033093619,0,70.8410444225
2010-01-06,14.6759961255,0.792111486486,32.9033093619,0,65.1737608687
2010-01-07,12.2299967712,0.792111486486,29.2473860995,0,65.1737608687
2010-01-08,12.2299967712,0.792111486486,25.5914628371,0,62.3401190918
2010-01-09,14.6759961255,0.792111486486,25.5914628371,0,65.1737608687
2010-01-10,17.1219954797,0.792111486486,36.5592326244,0,59.5064773149
2010-01-11,14.6759961255,0.792111486486,25.5914628371,0,62.3401190918
2010-01-12,17.1219954797,0.792111486486,25.5914628371,0,70.8410444225
2010-01-13,14.6759961255,0.792111486486,25.5914628371,0,62.3401190918
2010-01-14,14.6759961255,0.792111486486,32.9033093619,0,59.5064773149
2010-01-15,12.2299967712,0.792111486486,29.2473860995,0,59.5064773149
2010-01-16,9.78399741698,0.792111486486,21.9355395746,0,62.3401190918
2010-01-17,14.6759961255,0.792111486486,25.5914628371,0,65.1737608687
2010-01-18,12.2299967712,0.792111486486,29.2473860995,0,56.672835538
2010-01-19,14.6759961255,0.792111486486,29.2473860995,0,62.3401190918
2010-01-20,12.2299967712,0.792111486486,29.2473860995,0,56.672835538
2010-01-21,12.2299967712,0.792111486486,32.9033093619,0,53.8391937611
2010-01-22,12.2299967712,0.792111486486,29.2473860995,0,59.5064773149
2010-01-23,12.2299967712,0.792111486486,29.2473860995,0,59.5064773149
2010-01-24,17.1219954797,0.792111486486,32.9033093619,0,59.5064773149
2010-01-25,14.6759961255,0.792111486486,32.9033093619,0,62.3401190918
2010-01-26,14.6759961255,0.792111486486,36.5592326244,0,62.3401190918
2010-01-27,17.1219954797,0.792111486486,32.9033093619,0,56.672835538
2010-01-28,12.2299967712,0.792111486486,32.9033093619,0,62.3401190918
2010-01-29,12.2299967712,0.792111486486,29.2473860995,0,56.672835538
2010-01-30,12.2299967712,0.792111486486,21.9355395746,0,65.1737608687
2010-01-31,19.567994834,0.792111486486,29.2473860995,0,62.3401190918
2010-02-01,17.1219954797,0.792111486486,29.2473860995,0,65.1737608687
2010-02-02,14.6759961255,0.792111486486,32.9033093619,0,68.0074026456
2010-02-03,14.6759961255,0.792111486486,36.5592326244,0,65.1737608687
2010-02-04,17.1219954797,0.792111486486,29.2473860995,0,68.0074026456
2010-02-05,14.6759961255,0.792111486486,29.2473860995,0,68.0074026456
2010-02-06,14.6759961255,0.792111486486,29.2473860995,0,70.8410444225
2010-02-07,17.1219954797,0.792111486486,32.9033093619,0,73.6746861994
2010-02-08,14.6759961255,0.792111486486,29.2473860995,0,79.3419697533
2010-02-09,14.6759961255,0.792111486486,29.2473860995,0,73.6746861994
2010-02-10,14.6759961255,0.792111486486,29.2473860995,0,79.3419697533
2010-02-11,12.2299967712,0.792111486486,25.5914628371,0,85.0092533071
2010-02-12,9.78399741698,0.792111486486,25.5914628371,0,90.6765368609
2010-02-13,9.78399741698,0.792111486486,29.2473860995,0,73.6746861994
2010-02-14,14.6759961255,0.792111486486,25.5914628371,0,79.3419697533
2010-02-15,12.2299967712,0.792111486486,29.2473860995,0,62.3401190918
2010-02-16,12.2299967712,0.792111486486,32.9033093619,0,51.0055519842
2010-02-17,14.6759961255,0.792111486486,29.2473860995,0,53.8391937611
2010-02-18,9.78399741698,0.792111486486,32.9033093619,0,53.8391937611
2010-02-19,12.2299967712,0.792111486486,25.5914628371,0,56.672835538
2010-02-20,9.78399741698,0.792111486486,25.5914628371,0,51.0055519842
2010-02-21,14.6759961255,0.792111486486,32.9033093619,0,56.672835538
2010-02-22,12.2299967712,0.792111486486,29.2473860995,0,56.672835538
2010-02-23,14.6759961255,0.792111486486,32.9033093619,0,56.672835538
2010-02-24,14.6759961255,0.792111486486,32.9033093619,0,53.8391937611
2010-02-25,12.2299967712,0.792111486486,29.2473860995,0,56.672835538
2010-02-26,14.6759961255,0.792111486486,25.5914628371,0,51.0055519842
2010-02-27,12.2299967712,0.792111486486,25.5914628371,0,53.8391937611
2010-02-28,14.6759961255,0.792111486486,25.5914628371,0,56.672835538
2010-03-01,14.6759961255,0.792111486486,32.9033093619,0,53.8391937611
2010-03-02,14.6759961255,0.792111486486,32.9033093619,0,53.8391937611
2010-03-03,14.6759961255,0.792111486486,32.9033093619,0,56.672835538
2010-03-04,14.6759961255,0.792111486486,32.9033093619,0,53.8391937611
2010-03-05,12.2299967712,0.792111486486,29.2473860995,0,56.672835538
2010-03-06,9.78399741698,0.792111486486,21.9355395746,0,51.0055519842
2010-03-07,14.6759961255,0.792111486486,25.5914628371,0,56.672835538
2010-03-08,17.1219954797,0.792111486486,32.9033093619,0,48.1719102073
2010-03-09,12.2299967712,0.792111486486,36.5592326244,0,59.5064773149
2010-03-10,12.2299967712,0.792111486486,32.9033093619,0,56.672835538
2010-03-11,12.2299967712,0.792111486486,29.2473860995,0,59.5064773149
2010-03-12,12.2299967712,0.792111486486,32.9033093619,0,56.672835538
2010-03-13,12.2299967712,0.792111486486,25.5914628371,0,56.672835538
2010-03-14,12.2299967712,0.792111486486,29.2473860995,0,53.8391937611
2010-03-15,12.2299967712,0.792111486486,32.9033093619,0,56.672835538
2010-03-16,14.6759961255,0.792111486486,32.9033093619,0,59.5064773149
2010-03-17,14.6759961255,0.792111486486,36.5592326244,0,62.3401190918
2010-03-18,12.2299967712,0.792111486486,29.2473860995,0,53.8391937611
2010-03-19,12.2299967712,0.792111486486,32.9033093619,0,59.5064773149
2010-03-20,12.2299967712,0.792111486486,21.9355395746,0,59.5064773149
2010-03-21,14.6759961255,0.792111486486,29.2473860995,0,59.5064773149
2010-03-22,12.2299967712,0.792111486486,32.9033093619,0,56.672835538
2010-03-23,9.78399741698,0.792111486486,32.9033093619,0,59.5064773149
2010-03-24,9.78399741698,0.792111486486,32.9033093619,0,56.672835538
2010-03-25,9.78399741698,0.792111486486,32.9033093619,0,53.8391937611
2010-03-26,9.78399741698,0.792111486486,29.2473860995,0,56.672835538
2010-03-27,9.78399741698,0.792111486486,29.2473860995,0,51.0055519842
2010-03-28,17.1219954797,0.792111486486,32.9033093619,0,56.672835538
2010-03-29,14.6759961255,0.792111486486,32.9033093619,0,65.1737608687
2010-03-30,14.6759961255,0.792111486486,32.9033093619,0,62.3401190918
2010-03-31,14.6759961255,0.792111486486,32.9033093619,0,59.5064773149
2010-04-01,14.6759961255,0.792111486486,29.2473860995,0,59.5064773149
2010-04-02,14.6759961255,0.0,29.2473860995,0,62.3401190918
2010-04-03,17.1219954797,0.792111486486,29.2473860995,0,51.0055519842
2010-04-04,22.0139941882,0.792111486486,29.2473860995,0,51.0055519842
2010-04-05,12.2299967712,0.792111486486,36.5592326244,0,56.672835538
2010-04-06,17.1219954797,0.792111486486,32.9033093619,0,59.5064773149
2010-04-07,14.6759961255,0.792111486486,32.9033093619,0,53.8391937611
2010-04-08,12.2299967712,0.792111486486,36.5592326244,0,51.0055519842
2010-04-09,12.2299967712,0.792111486486,29.2473860995,0,56.672835538
2010-04-10,9.78399741698,0.792111486486,21.9355395746,0,62.3401190918
2010-04-11,14.6759961255,0.792111486486,32.9033093619,0,59.5064773149
2010-04-12,14.6759961255,0.792111486486,32.9033093619,0,59.5064773149
2010-04-13,14.6759961255,0.792111486486,32.9033093619,0,68.0074026456
2010-04-14,14.6759961255,0.792111486486,32.9033093619,0,59.5064773149
2010-04-15,12.2299967712,0.792111486486,29.2473860995,0,56.672835538
2010-04-16,12.2299967712,0.792111486486,25.5914628371,0,65.1737608687
2010-04-17,12.2299967712,0.792111486486,25.5914628371,0,68.0074026456
2010-04-18,14.6759961255,0.792111486486,29.2473860995,0,70.8410444225
2010-04-19,12.2299967712,0.792111486486,29.2473860995,0,59.5064773149
2010-04-20,9.78399741698,0.0,32.9033093619,0,62.3401190918
2010-04-21,11.3045572834,0.792111486486,37.492254707,0,66.1316211018
2010-04-22,11.3045572834,0.792111486486,27.2670943324,0,61.0445733247
2010-04-23,13.5654687401,0.792111486486,30.6754811239,0,66.1316211018
2010-04-24,9.04364582673,0.792111486486,30.6754811239,0,61.0445733247
2010-04-25,15.8263801968,0.792111486486,27.2670943324,0,61.0445733247
2010-04-26,11.3045572834,0.792111486486,30.6754811239,0,63.5880972132
2010-04-27,13.5654687401,0.792111486486,34.0838679154,0,68.6751449903
2010-04-28,11.3045572834,0.792111486486,34.0838679154,0,73.7621927674
2010-04-29,11.3045572834,0.792111486486,30.6754811239,0,66.1316211018
2010-04-30,9.04364582673,0.792111486486,30.6754811239,0,71.2186688788
2010-05-01,13.5654687401,0.0,30.6754811239,0,76.3057166559
2010-05-02,15.8263801968,0.792111486486,27.2670943324,0,83.9362883215
2010-05-03,13.5654687401,0.792111486486,37.492254707,0,83.9362883215
2010-05-04,11.3045572834,0.792111486486,27.2670943324,0,96.6539077641
2010-05-05,11.3045572834,0.792111486486,34.0838679154,0,94.1103838756
2010-05-06,11.3045572834,0.792111486486,34.0838679154,0,106.828003318
2010-05-07,11.3045572834,0.792111486486,27.2670943324,0,111.915051095
2010-05-08,11.3045572834,0.792111486486,30.6754811239,0,117.002098872
2010-05-09,11.3045572834,0.792111486486,23.8587075408,0,89.0233360985
2010-05-10,11.3045572834,0.792111486486,30.6754811239,0,63.5880972132
2010-05-11,11.3045572834,0.792111486486,34.0838679154,0,66.1316211018
2010-05-12,11.3045572834,0.792111486486,34.0838679154,0,63.5880972132
2010-05-13,13.5654687401,0.792111486486,27.2670943324,0,66.1316211018
2010-05-14,11.3045572834,0.792111486486,23.8587075408,0,61.0445733247
2010-05-15,11.3045572834,0.792111486486,20.4503207493,0,66.1316211018
2010-05-16,15.8263801968,0.792111486486,34.0838679154,0,63.5880972132
2010-05-17,11.3045572834,0.792111486486,30.6754811239,0,68.6751449903
2010-05-18,11.3045572834,0.792111486486,27.2670943324,0,66.1316211018
2010-05-19,11.3045572834,0.792111486486,30.6754811239,0,63.5880972132
2010-05-20,13.5654687401,0.792111486486,34.0838679154,0,63.5880972132
2010-05-21,9.04364582673,0.792111486486,27.2670943324,0,66.1316211018
2010-05-22,9.04364582673,0.792111486486,23.8587075408,0,63.5880972132
2010-05-23,15.8263801968,0.792111486486,27.2670943324,0,61.0445733247
2010-05-24,11.3045572834,0.792111486486,34.0838679154,0,63.5880972132
2010-05-25,11.3045572834,0.792111486486,27.2670943324,0,66.1316211018
2010-05-26,11.3045572834,0.792111486486,34.0838679154,0,63.5880972132
2010-05-27,11.3045572834,0.792111486486,37.492254707,0,63.5880972132
2010-05-28,9.04364582673,0.792111486486,30.6754811239,0,53.4140016591
2010-05-29,9.04364582673,0.792111486486,23.8587075408,0,55.9575255476
2010-05-30,11.3045572834,0.792111486486,23.8587075408,0,58.5010494362
2010-05-31,9.04364582673,0.792111486486,27.2670943324,0,58.5010494362
2010-06-01,11.3045572834,0.792111486486,27.2670943324,0,68.6751449903
2010-06-02,11.3045572834,0.792111486486,34.0838679154,0,71.2186688788
2010-06-03,9.04364582673,0.792111486486,34.0838679154,0,68.6751449903
2010-06-04,9.04364582673,0.792111486486,27.2670943324,0,66.1316211018
2010-06-05,9.04364582673,0.792111486486,23.8587075408,0,61.0445733247
2010-06-06,13.5654687401,0.792111486486,27.2670943324,0,66.1316211018
2010-06-07,13.5654687401,0.792111486486,27.2670943324,0,71.2186688788
2010-06-08,11.3045572834,0.792111486486,30.6754811239,0,63.5880972132
2010-06-09,11.3045572834,0.792111486486,30.6754811239,0,76.3057166559
2010-06-10,11.3045572834,1.58422297297,27.2670943324,0,66.1316211018
2010-06-11,9.04364582673,0.792111486486,30.6754811239,0,68.6751449903
2010-06-12,11.3045572834,0.792111486486,27.2670943324,0,61.0445733247
2010-06-13,13.5654687401,0.792111486486,23.8587075408,0,63.5880972132
2010-06-14,11.3045572834,0.792111486486,30.6754811239,0,71.2186688788
2010-06-15,9.04364582673,0.792111486486,30.6754811239,0,73.7621927674
2010-06-16,13.5654687401,0.792111486486,27.2670943324,0,83.9362883215
2010-06-17,11.3045572834,0.792111486486,27.2670943324,0,76.3057166559
2010-06-18,11.3045572834,0.0,23.8587075408,0,76.3057166559
2010-06-19,6.78273437004,0.792111486486,23.8587075408,0,83.9362883215
2010-06-20,13.5654687401,0.792111486486,30.6754811239,0,73.7621927674
2010-06-21,11.3045572834,0.792111486486,23.8587075408,0,58.5010494362
2010-06-22,11.3045572834,0.792111486486,27.2670943324,0,66.1316211018
2010-06-23,11.3045572834,0.792111486486,30.6754811239,0,61.0445733247
2010-06-24,13.5654687401,0.792111486486,30.6754811239,0,63.5880972132
2010-06-25,9.04364582673,0.792111486486,27.2670943324,0,61.0445733247
2010-06-26,11.3045572834,0.792111486486,27.2670943324,0,58.5010494362
2010-06-27,18.0872916535,0.792111486486,27.2670943324,0,58.5010494362
2010-06-28,13.5654687401,0.792111486486,27.2670943324,0,61.0445733247
2010-06-29,9.04364582673,0.792111486486,30.6754811239,0,58.5010494362
2010-06-30,11.3045572834,0.792111486486,27.2670943324,0,53.4140016591
2010-07-01,9.04364582673,0.792111486486,30.6754811239,0,61.0445733247
2010-07-02,9.04364582673,0.792111486486,23.8587075408,0,50.8704777706
2010-07-03,9.04364582673,0.792111486486,30.6754811239,0,50.8704777706
2010-07-04,11.3045572834,0.792111486486,23.8587075408,0,43.239906105
2010-07-05,9.04364582673,0.792111486486,23.8587075408,0,48.3269538821
2010-07-06,9.04364582673,0.792111486486,30.6754811239,0,58.5010494362
2010-07-07,11.3045572834,0.792111486486,30.6754811239,0,55.9575255476
2010-07-08,9.04364582673,0.792111486486,27.2670943324,0,58.5010494362
2010-07-09,9.04364582673,0.792111486486,27.2670943324,0,63.5880972132
2010-07-10,9.04364582673,0.792111486486,23.8587075408,0,53.4140016591
2010-07-11,13.5654687401,0.792111486486,27.2670943324,0,55.9575255476
2010-07-12,11.3045572834,0.792111486486,27.2670943324,0,63.5880972132
2010-07-13,11.3045572834,0.792111486486,27.2670943324,0,63.5880972132
2010-07-14,9.04364582673,0.792111486486,30.6754811239,0,58.5010494362
2010-07-15,11.3045572834,0.792111486486,27.2670943324,0,58.5010494362
2010-07-16,11.3045572834,0.792111486486,30.6754811239,0,55.9575255476
2010-07-17,9.04364582673,0.792111486486,27.2670943324,0,53.4140016591
2010-07-18,15.8263801968,0.792111486486,27.2670943324,0,53.4140016591
2010-07-19,11.3045572834,0.792111486486,34.0838679154,0,55.9575255476
2010-07-20,13.5654687401,0.792111486486,30.6754811239,0,55.9575255476
2010-07-21,9.04364582673,0.792111486486,30.6754811239,0,61.0445733247
2010-07-22,11.3045572834,0.792111486486,30.6754811239,0,53.4140016591
2010-07-23,9.04364582673,0.792111486486,27.2670943324,0,55.9575255476
2010-07-24,9.04364582673,0.792111486486,23.8587075408,0,48.3269538821
2010-07-25,13.5654687401,0.792111486486,30.6754811239,0,50.8704777706
2010-07-26,11.3045572834,0.792111486486,30.6754811239,0,53.4140016591
2010-07-27,11.3045572834,0.792111486486,30.6754811239,0,58.5010494362
2010-07-28,11.3045572834,1.58422297297,34.0838679154,0,55.9575255476
2010-07-29,11.3045572834,0.792111486486,34.0838679154,0,55.9575255476
2010-07-30,11.3045572834,0.792111486486,30.6754811239,0,58.5010494362
2010-07-31,9.04364582673,0.792111486486,23.8587075408,0,50.8704777706
2010-08-01,13.5654687401,0.792111486486,27.2670943324,0,48.3269538821
2010-08-02,11.3045572834,0.792111486486,30.6754811239,0,53.4140016591
2010-08-03,9.04364582673,0.792111486486,30.6754811239,0,58.5010494362
2010-08-04,9.04364582673,0.792111486486,34.0838679154,0,55.9575255476
2010-08-05,11.3045572834,0.792111486486,27.2670943324,0,55.9575255476
2010-08-06,11.3045572834,0.792111486486,30.6754811239,0,58.5010494362
2010-08-07,9.04364582673,0.792111486486,23.8587075408,0,53.4140016591
2010-08-08,15.8263801968,0.792111486486,27.2670943324,0,48.3269538821
2010-08-09,9.04364582673,0.792111486486,27.2670943324,0,53.4140016591
2010-08-10,11.3045572834,0.792111486486,30.6754811239,0,53.4140016591
2010-08-11,11.3045572834,0.792111486486,27.2670943324,0,58.5010494362
2010-08-12,11.3045572834,0.792111486486,27.2670943324,0,53.4140016591
2010-08-13,11.3045572834,0.792111486486,27.2670943324,0,53.4140016591
2010-08-14,9.04364582673,0.792111486486,27.2670943324,0,55.9575255476
2010-08-15,15.8263801968,0.792111486486,30.6754811239,0,50.8704777706
2010-08-16,11.3045572834,0.792111486486,27.2670943324,0,58.5010494362
2010-08-17,9.04364582673,0.792111486486,27.2670943324,0,53.4140016591
2010-08-18,11.3045572834,0.792111486486,30.6754811239,0,58.5010494362
2010-08-19,11.3045572834,0.792111486486,27.2670943324,0,55.9575255476
2010-08-20,11.3045572834,0.792111486486,30.6754811239,0,55.9575255476
2010-08-21,6.78273437004,0.792111486486,27.2670943324,0,50.8704777706
2010-08-22,15.8263801968,0.792111486486,30.6754811239,0,50.8704777706
2010-08-23,11.3045572834,0.792111486486,27.2670943324,0,58.5010494362
2010-08-24,9.04364582673,2.37633445946,30.6754811239,0,50.8704777706
2010-08-25,13.5654687401,0.792111486486,30.6754811239,0,53.4140016591
2010-08-26,11.3045572834,0.792111486486,30.6754811239,0,53.4140016591
2010-08-27,11.3045572834,0.792111486486,27.2670943324,0,53.4140016591
2010-08-28,11.3045572834,0.792111486486,27.2670943324,0,50.8704777706
2010-08-29,15.8263801968,0.792111486486,30.6754811239,0,45.7834299935
2010-08-30,13.5654687401,0.792111486486,30.6754811239,0,53.4140016591
2010-08-31,11.3045572834,0.792111486486,27.2670943324,0,48.3269538821
2010-09-01,11.3045572834,0.792111486486,27.2670943324,0,55.9575255476
2010-09-02,11.3045572834,0.792111486486,30.6754811239,0,55.9575255476
2010-09-03,9.04364582673,0.792111486486,27.2670943324,0,53.4140016591
2010-09-04,6.78273437004,0.792111486486,23.8587075408,0,48.3269538821
2010-09-05,13.5654687401,0.792111486486,20.4503207493,0,43.239906105
2010-09-06,11.3045572834,1.58422297297,23.8587075408,0,45.7834299935
2010-09-07,11.3045572834,0.792111486486,27.2670943324,0,53.4140016591
2010-09-08,11.3045572834,0.792111486486,30.6754811239,0,58.5010494362
2010-09-09,11.3045572834,0.792111486486,30.6754811239,0,61.0445733247
2010-09-10,11.3045572834,0.0,27.2670943324,0,50.8704777706
2010-09-11,9.04364582673,0.792111486486,27.2670943324,0,50.8704777706
2010-09-12,15.8263801968,0.792111486486,30.6754811239,0,45.7834299935
2010-09-13,13.5654687401,0.792111486486,30.6754811239,0,55.9575255476
2010-09-14,13.5654687401,0.792111486486,30.6754811239,0,53.4140016591
2010-09-15,11.3045572834,0.792111486486,34.0838679154,0,53.4140016591
2010-09-16,11.3045572834,0.792111486486,30.6754811239,0,53.4140016591
2010-09-17,11.3045572834,0.792111486486,27.2670943324,0,58.5010494362
2010-09-18,11.3045572834,0.792111486486,23.8587075408,0,50.8704777706
2010-09-19,15.8263801968,0.792111486486,27.2670943324,0,53.4140016591
2010-09-20,13.5654687401,0.792111486486,30.6754811239,0,50.8704777706
2010-09-21,13.5654687401,0.792111486486,30.6754811239,0,55.9575255476
2010-09-22,13.5654687401,0.0,30.6754811239,0,53.4140016591
2010-09-23,11.3045572834,0.792111486486,30.6754811239,0,55.9575255476
2010-09-24,13.5654687401,0.792111486486,27.2670943324,0,55.9575255476
2010-09-25,9.04364582673,0.792111486486,27.2670943324,0,55.9575255476
2010-09-26,15.8263801968,0.792111486486,30.6754811239,0,48.3269538821
2010-09-27,13.5654687401,0.792111486486,27.2670943324,0,53.4140016591
2010-09-28,11.3045572834,0.792111486486,30.6754811239,0,55.9575255476
2010-09-29,11.3045572834,0.792111486486,27.2670943324,0,53.4140016591
2010-09-30,11.3045572834,0.792111486486,30.6754811239,0,61.0445733247
2010-10-01,13.5654687401,0.792111486486,27.2670943324,0,55.9575255476
2010-10-02,9.04364582673,0.792111486486,23.8587075408,0,50.8704777706
2010-10-03,13.5654687401,0.792111486486,23.8587075408,0,55.9575255476
2010-10-04,11.3045572834,0.792111486486,27.2670943324,0,53.4140016591
2010-10-05,11.3045572834,0.792111486486,30.6754811239,0,55.9575255476
2010-10-06,11.3045572834,0.792111486486,30.6754811239,0,58.5010494362
2010-10-07,11.3045572834,0.792111486486,30.6754811239,0,58.5010494362
2010-10-08,11.3045572834,0.792111486486,27.2670943324,0,55.9575255476
2010-10-09,11.3045572834,0.792111486486,27.2670943324,0,53.4140016591
2010-10-10,13.5654687401,0.792111486486,27.2670943324,0,55.9575255476
2010-10-11,11.3045572834,0.792111486486,30.6754811239,0,61.0445733247
2010-10-12,11.3045572834,0.792111486486,30.6754811239,0,55.9575255476
2010-10-13,11.3045572834,0.792111486486,30.6754811239,0,58.5010494362
2010-10-14,11.3045572834,0.792111486486,30.6754811239,0,58.5010494362
2010-10-15,11.3045572834,0.792111486486,27.2670943324,0,53.4140016591
2010-10-16,9.04364582673,0.792111486486,23.8587075408,0,53.4140016591
2010-10-17,13.5654687401,0.792111486486,27.2670943324,0,55.9575255476
2010-10-18,11.3045572834,0.792111486486,34.0838679154,0,53.4140016591
2010-10-19,11.3045572834,0.792111486486,30.6754811239,0,61.0445733247
2010-10-20,11.3045572834,0.792111486486,30.6754811239,0,55.9575255476
2010-10-21,13.5654687401,0.792111486486,30.6754811239,0,55.9575255476
2010-10-22,11.3045572834,0.792111486486,30.6754811239,0,61.0445733247
2010-10-23,9.04364582673,0.792111486486,27.2670943324,0,55.9575255476
2010-10-24,11.3045572834,0.792111486486,27.2670943324,0,50.8704777706
2010-10-25,13.5654687401,0.792111486486,30.6754811239,0,63.5880972132
2010-10-26,13.5654687401,0.792111486486,30.6754811239,0,58.5010494362
2010-10-27,13.5654687401,0.792111486486,34.0838679154,0,58.5010494362
2010-10-28,13.5654687401,0.792111486486,30.6754811239,0,58.5010494362
2010-10-29,11.3045572834,0.792111486486,30.6754811239,0,55.9575255476
2010-10-30,11.3045572834,0.792111486486,23.8587075408,0,55.9575255476
2010-10-31,15.8263801968,0.792111486486,27.2670943324,0,50.8704777706
2010-11-01,11.3045572834,0.792111486486,30.6754811239,0,68.6751449903
2010-11-02,13.5654687401,0.792111486486,30.6754811239,0,73.7621927674
2010-11-03,11.3045572834,0.792111486486,34.0838679154,0,63.5880972132
2010-11-04,13.5654687401,0.792111486486,30.6754811239,0,73.7621927674
2010-11-05,11.3045572834,0.792111486486,27.2670943324,0,66.1316211018
2010-11-06,9.04364582673,0.792111486486,23.8587075408,0,68.6751449903
2010-11-07,13.5654687401,0.792111486486,30.6754811239,0,68.6751449903
2010-11-08,13.5654687401,0.792111486486,34.0838679154,0,71.2186688788
2010-11-09,11.3045572834,0.792111486486,30.6754811239,0,81.3927644329
2010-11-10,11.3045572834,0.792111486486,30.6754811239,0,81.3927644329
2010-11-11,11.3045572834,0.792111486486,30.6754811239,0,83.9362883215
2010-11-12,11.3045572834,0.792111486486,30.6754811239,0,76.3057166559
2010-11-13,9.04364582673,0.792111486486,27.2670943324,0,76.3057166559
2010-11-14,15.8263801968,0.792111486486,23.8587075408,0,81.3927644329
2010-11-15,15.8263801968,0.792111486486,30.6754811239,0,83.9362883215
2010-11-16,13.5654687401,0.792111486486,27.2670943324,0,91.5668599871
2010-11-17,13.5654687401,0.792111486486,27.2670943324,0,96.6539077641
2010-11-18,11.3045572834,0.792111486486,27.2670943324,0,96.6539077641
2010-11-19,11.3045572834,0.792111486486,30.6754811239,0,94.1103838756
2010-11-20,9.04364582673,0.792111486486,23.8587075408,0,96.6539077641
2010-11-21,13.5654687401,0.792111486486,27.2670943324,0,99.1974316526
2010-11-22,11.3045572834,0.792111486486,27.2670943324,0,106.828003318
2010-11-23,11.3045572834,0.792111486486,27.2670943324,0,111.915051095
2010-11-24,11.3045572834,0.792111486486,27.2670943324,0,99.1974316526
2010-11-25,4.52182291336,0.0,23.8587075408,0,86.47981221
2010-11-26,6.78273437004,0.792111486486,20.4503207493,0,127.176194426
2010-11-27,6.78273437004,0.792111486486,27.2670943324,0,127.176194426
2010-11-28,9.04364582673,0.0,27.2670943324,0,134.806766092
2010-11-29,11.3045572834,0.792111486486,27.2670943324,0,137.350289981
2010-11-30,13.5654687401,0.792111486486,30.6754811239,0,147.524385535
2010-12-01,13.5654687401,0.792111486486,30.6754811239,0,150.067909423
2010-12-02,11.3045572834,0.792111486486,30.6754811239,0,150.067909423
2010-12-03,9.04364582673,0.792111486486,27.2670943324,0,144.980861646
2010-12-04,9.04364582673,0.792111486486,23.8587075408,0,147.524385535
2010-12-05,11.3045572834,0.792111486486,27.2670943324,0,160.242004977
2010-12-06,11.3045572834,0.792111486486,27.2670943324,0,170.416100531
2010-12-07,9.04364582673,0.792111486486,27.2670943324,0,185.677243863
2010-12-08,9.04364582673,0.792111486486,30.6754811239,0,198.394863305
2010-12-09,9.04364582673,0.792111486486,34.0838679154,0,198.394863305
2010-12-10,9.04364582673,0.792111486486,23.8587075408,0,193.307815528
2010-12-11,9.04364582673,0.792111486486,23.8587075408,0,193.307815528
2010-12-12,11.3045572834,0.792111486486,27.2670943324,0,198.394863305
2010-12-13,11.3045572834,0.792111486486,30.6754811239,0,213.656006636
2010-12-14,11.3045572834,0.792111486486,27.2670943324,0,218.743054414
2010-12-15,11.3045572834,0.848690878378,27.2670943324,0,241.63476941
2010-12-16,11.3045572834,0.848690878378,27.2670943324,0,223.830102191
2010-12-17,11.3045572834,0.848690878378,23.8587075408,0,254.352388853
2010-12-18,11.3045572834,0.848690878378,23.8587075408,0,244.178293299
2010-12-19,11.3045572834,0.848690878378,23.8587075408,0,223.830102191
2010-12-20,11.3045572834,0.848690878378,27.2670943324,0,251.808864964
2010-12-21,9.04364582673,0.848690878378,27.2670943324,0,244.178293299
2010-12-22,9.04364582673,0.848690878378,27.2670943324,0,246.721817187
2010-12-23,9.04364582673,0.848690878378,23.8587075408,0,246.721817187
2010-12-24,13.5654687401,0.848690878378,23.8587075408,0,234.004197745
2010-12-25,6.78273437004,0.0,17.0419339577,0,193.307815528
2010-12-26,11.3045572834,0.848690878378,23.8587075408,0,134.806766092
2010-12-27,9.04364582673,0.848690878378,23.8587075408,0,109.371527207
2010-12-28,9.04364582673,0.848690878378,30.6754811239,0,101.740955541
2010-12-29,9.04364582673,0.848690878378,27.2670943324,0,89.0233360985
2010-12-30,9.04364582673,0.848690878378,30.6754811239,0,91.5668599871
2010-12-31,9.05306629113,0.848690878378,27.6782648024,0,82.8637041623
2011-01-01,11.3163328639,0.848690878378,27.6782648024,0,82.8637041623
2011-01-02,18.1061325823,0.848690878378,31.1380479027,0,82.8637041623
2011-01-03,13.5795994367,1.69738175676,38.0576141034,0,85.4531949174
2011-01-04,13.5795994367,0.848690878378,38.0576141034,0,80.2742134072
2011-01-05,15.8428660095,0.848690878378,31.1380479027,0,77.6847226522
2011-01-06,13.5795994367,0.848690878378,38.0576141034,0,72.505741142
2011-01-07,13.5795994367,0.848690878378,31.1380479027,0,75.0952318971
2011-01-08,11.3163328639,0.848690878378,31.1380479027,0,77.6847226522
2011-01-09,18.1061325823,0.848690878378,34.5978310031,0,69.916250387
2011-01-10,13.5795994367,0.848690878378,38.0576141034,0,69.916250387
2011-01-11,13.5795994367,0.848690878378,34.5978310031,0,62.1477781217
2011-01-12,13.5795994367,0.848690878378,38.0576141034,0,69.916250387
2011-01-13,15.8428660095,0.848690878378,34.5978310031,0,67.3267596319
2011-01-14,15.8428660095,0.848690878378,34.5978310031,0,67.3267596319
2011-01-15,13.5795994367,0.848690878378,34.5978310031,0,69.916250387
2011-01-16,18.1061325823,1.69738175676,34.5978310031,0,67.3267596319
2011-01-17,15.8428660095,1.69738175676,34.5978310031,0,69.916250387
2011-01-18,11.3163328639,0.848690878378,31.1380479027,0,67.3267596319
2011-01-19,15.8428660095,0.848690878378,38.0576141034,0,69.916250387
2011-01-20,13.5795994367,0.848690878378,38.0576141034,0,75.0952318971
2011-01-21,13.5795994367,0.848690878378,34.5978310031,0,67.3267596319
2011-01-22,11.3163328639,0.848690878378,31.1380479027,0,67.3267596319
2011-01-23,18.1061325823,0.848690878378,38.0576141034,0,67.3267596319
2011-01-24,15.8428660095,0.848690878378,38.0576141034,0,69.916250387
2011-01-25,13.5795994367,0.848690878378,38.0576141034,0,72.505741142
2011-01-26,13.5795994367,0.848690878378,38.0576141034,0,69.916250387
2011-01-27,11.3163328639,0.848690878378,34.5978310031,0,67.3267596319
2011-01-28,11.3163328639,0.848690878378,34.5978310031,0,64.7372688768
2011-01-29,13.5795994367,0.848690878378,34.5978310031,0,75.0952318971
2011-01-30,15.8428660095,0.848690878378,34.5978310031,0,75.0952318971
2011-01-31,13.5795994367,0.848690878378,38.0576141034,0,67.3267596319
2011-02-01,13.5795994367,0.848690878378,38.0576141034,0,67.3267596319
2011-02-02,13.5795994367,0.848690878378,34.5978310031,0,69.916250387
2011-02-03,13.5795994367,0.848690878378,34.5978310031,0,72.505741142
2011-02-04,11.3163328639,0.848690878378,34.5978310031,0,69.916250387
2011-02-05,11.3163328639,0.848690878378,31.1380479027,0,77.6847226522
2011-02-06,13.5795994367,0.848690878378,34.5978310031,0,72.505741142
2011-02-07,13.5795994367,0.848690878378,38.0576141034,0,72.505741142
2011-02-08,13.5795994367,0.848690878378,38.0576141034,0,82.8637041623
2011-02-09,13.5795994367,1.69738175676,41.5173972037,0,80.2742134072
2011-02-10,15.8428660095,0.848690878378,34.5978310031,0,85.4531949174
2011-02-11,11.3163328639,0.848690878378,34.5978310031,0,90.6321764275
2011-02-12,11.3163328639,0.848690878378,31.1380479027,0,93.2216671826
2011-02-13,18.1061325823,0.848690878378,34.5978310031,0,82.8637041623
2011-02-14,13.5795994367,0.848690878378,41.5173972037,0,93.2216671826
2011-02-15,13.5795994367,0.848690878378,34.5978310031,0,64.7372688768
2011-02-16,11.3163328639,0.848690878378,38.0576141034,0,62.1477781217
2011-02-17,13.5795994367,0.848690878378,34.5978310031,0,56.9687966116
2011-02-18,13.5795994367,0.848690878378,41.5173972037,0,59.5582873667
2011-02-19,13.5795994367,0.848690878378,31.1380479027,0,59.5582873667
2011-02-20,15.8428660095,0.848690878378,31.1380479027,0,59.5582873667
2011-02-21,11.3163328639,0.848690878378,34.5978310031,0,56.9687966116
2011-02-22,13.5795994367,0.848690878378,38.0576141034,0,54.3793058565
2011-02-23,13.5795994367,0.848690878378,38.0576141034,0,59.5582873667
2011-02-24,11.3163328639,0.848690878378,38.0576141034,0,62.1477781217
2011-02-25,11.3163328639,0.848690878378,31.1380479027,0,59.5582873667
2011-02-26,11.3163328639,0.848690878378,31.1380479027,0,64.7372688768
2011-02-27,13.5795994367,0.848690878378,34.5978310031,0,67.3267596319
2011-02-28,13.5795994367,0.848690878378,38.0576141034,0,64.7372688768
2011-03-01,11.3163328639,0.848690878378,38.0576141034,0,64.7372688768
2011-03-02,13.5795994367,0.848690878378,38.0576141034,0,56.9687966116
2011-03-03,11.3163328639,0.848690878378,38.0576141034,0,64.7372688768
2011-03-04,11.3163328639,0.848690878378,34.5978310031,0,64.7372688768
2011-03-05,11.3163328639,0.848690878378,27.6782648024,0,67.3267596319
2011-03-06,18.1061325823,1.69738175676,31.1380479027,0,67.3267596319
2011-03-07,13.5795994367,0.848690878378,38.0576141034,0,62.1477781217
2011-03-08,11.3163328639,0.848690878378,41.5173972037,0,59.5582873667
2011-03-09,15.8428660095,0.848690878378,38.0576141034,0,56.9687966116
2011-03-10,11.3163328639,0.848690878378,34.5978310031,0,62.1477781217
2011-03-11,11.3163328639,0.848690878378,34.5978310031,0,54.3793058565
2011-03-12,9.05306629113,0.848690878378,31.1380479027,0,56.9687966116
2011-03-13,13.5795994367,0.848690878378,38.0576141034,0,62.1477781217
2011-03-14,11.3163328639,0.848690878378,31.1380479027,0,51.7898151015
2011-03-15,11.3163328639,0.848690878378,34.5978310031,0,56.9687966116
2011-03-16,11.3163328639,0.848690878378,34.5978310031,0,59.5582873667
2011-03-17,13.5795994367,0.848690878378,38.0576141034,0,56.9687966116
2011-03-18,11.3163328639,0.848690878378,34.5978310031,0,56.9687966116
2011-03-19,9.05306629113,0.848690878378,34.5978310031,0,62.1477781217
2011-03-20,15.8428660095,0.848690878378,31.1380479027,0,59.5582873667
2011-03-21,13.5795994367,0.848690878378,34.5978310031,0,59.5582873667
2011-03-22,13.5795994367,0.848690878378,38.0576141034,0,62.1477781217
2011-03-23,11.3163328639,0.848690878378,34.5978310031,0,56.9687966116
2011-03-24,11.3163328639,0.848690878378,38.0576141034,0,62.1477781217
2011-03-25,11.3163328639,0.848690878378,31.1380479027,0,56.9687966116
2011-03-26,9.05306629113,0.848690878378,34.5978310031,0,59.5582873667
2011-03-27,15.8428660095,0.848690878378,34.5978310031,0,56.9687966116
2011-03-28,13.5795994367,0.848690878378,38.0576141034,0,56.9687966116
2011-03-29,13.5795994367,0.848690878378,41.5173972037,0,56.9687966116
2011-03-30,13.5795994367,0.848690878378,38.0576141034,0,64.7372688768
2011-03-31,11.3163328639,0.848690878378,38.0576141034,0,62.1477781217
2011-04-01,13.5795994367,0.848690878378,34.5978310031,0,62.1477781217
2011-04-02,9.05306629113,0.848690878378,31.1380479027,0,59.5582873667
2011-04-03,18.1061325823,0.848690878378,38.0576141034,0,56.9687966116
2011-04-04,13.5795994367,0.848690878378,34.5978310031,0,62.1477781217
2011-04-05,15.8428660095,0.848690878378,38.0576141034,0,62.1477781217
2011-04-06,13.5795994367,0.848690878378,38.0576141034,0,64.7372688768
2011-04-07,13.5795994367,0.848690878378,38.0576141034,0,59.5582873667
2011-04-08,11.3163328639,0.848690878378,38.0576141034,0,64.7372688768
2011-04-09,11.3163328639,0.848690878378,34.5978310031,0,62.1477781217
2011-04-10,15.8428660095,0.848690878378,34.5978310031,0,59.5582873667
2011-04-11,13.5795994367,0.848690878378,38.0576141034,0,59.5582873667
2011-04-12,13.5795994367,0.848690878378,38.0576141034,0,64.7372688768
2011-04-13,11.3163328639,0.848690878378,41.5173972037,0,64.7372688768
2011-04-14,13.5795994367,0.848690878378,38.0576141034,0,64.7372688768
2011-04-15,13.5795994367,0.848690878378,34.5978310031,0,56.9687966116
2011-04-16,11.3163328639,0.848690878378,27.6782648024,0,62.1477781217
2011-04-17,15.8428660095,1.69738175676,34.5978310031,0,62.1477781217
2011-04-18,13.5795994367,0.848690878378,38.0576141034,0,67.3267596319
2011-04-19,13.5795994367,0.848690878378,38.0576141034,0,67.3267596319
2011-04-20,13.5795994367,0.848690878378,34.5978310031,0,62.1477781217
2011-04-21,11.3163328639,0.848690878378,34.5978310031,0,64.7372688768
2011-04-22,13.5795994367,0.848690878378,31.1380479027,0,64.7372688768
2011-04-23,18.1061325823,0.848690878378,31.1380479027,0,64.7372688768
2011-04-24,24.8959323006,0.848690878378,31.1380479027,0,56.9687966116
2011-04-25,13.5795994367,0.848690878378,38.0576141034,0,67.3267596319
2011-04-26,13.5795994367,0.848690878378,41.5173972037,0,69.916250387
2011-04-27,13.5795994367,0.848690878378,41.5173972037,0,69.916250387
2011-04-28,11.3163328639,0.848690878378,41.5173972037,0,69.916250387
2011-04-29,6.78979971835,0.848690878378,31.1380479027,0,69.916250387
2011-04-30,11.3163328639,0.848690878378,27.6782648024,0,72.505741142
2011-05-01,15.8428660095,0.848690878378,34.5978310031,0,77.6847226522
2011-05-02,9.05306629113,0.848690878378,34.5978310031,0,82.8637041623
2011-05-03,11.3163328639,0.848690878378,38.0576141034,0,93.2216671826
2011-05-04,13.5795994367,1.69738175676,34.5978310031,0,100.990139448
2011-05-05,11.3163328639,0.848690878378,38.0576141034,0,98.4006486928
2011-05-06,11.3163328639,1.69738175676,34.5978310031,0,106.169120958
2011-05-07,9.05306629113,0.848690878378,31.1380479027,0,116.527083978
2011-05-08,13.5795994367,0.848690878378,31.1380479027,0,100.990139448
2011-05-09,11.3163328639,0.848690878378,38.0576141034,0,67.3267596319
2011-05-10,11.3163328639,0.848690878378,38.0576141034,0,67.3267596319
2011-05-11,11.3163328639,1.69738175676,38.0576141034,0,67.3267596319
2011-05-12,11.3163328639,0.848690878378,41.5173972037,0,67.3267596319
2011-05-13,9.05306629113,0.848690878378,34.5978310031,0,67.3267596319
2011-05-14,9.05306629113,0.848690878378,27.6782648024,0,64.7372688768
2011-05-15,15.8428660095,1.69738175676,41.5173972037,0,62.1477781217
2011-05-16,11.3163328639,0.848690878378,38.0576141034,0,67.3267596319
2011-05-17,11.3163328639,0.848690878378,38.0576141034,0,67.3267596319
2011-05-18,11.3163328639,1.69738175676,38.0576141034,0,72.505741142
2011-05-19,11.3163328639,0.848690878378,31.1380479027,0,67.3267596319
2011-05-20,9.05306629113,0.848690878378,31.1380479027,0,64.7372688768
2011-05-21,11.3163328639,1.69738175676,31.1380479027,0,67.3267596319
2011-05-22,18.1061325823,0.848690878378,38.0576141034,0,64.7372688768
2011-05-23,11.3163328639,0.848690878378,38.0576141034,0,72.505741142
2011-05-24,11.3163328639,0.848690878378,38.0576141034,0,69.916250387
2011-05-25,11.3163328639,0.848690878378,38.0576141034,0,64.7372688768
2011-05-26,11.3163328639,0.848690878378,34.5978310031,0,64.7372688768
2011-05-27,9.05306629113,0.848690878378,38.0576141034,0,64.7372688768
2011-05-28,11.3163328639,1.69738175676,38.0576141034,0,64.7372688768
2011-05-29,15.8428660095,0.848690878378,27.6782648024,0,62.1477781217
2011-05-30,9.05306629113,1.69738175676,31.1380479027,0,62.1477781217
2011-05-31,9.05306629113,0.848690878378,34.5978310031,0,67.3267596319
2011-06-01,11.3163328639,0.848690878378,34.5978310031,0,72.505741142
2011-06-02,11.3163328639,1.69738175676,34.5978310031,0,72.505741142
2011-06-03,11.3163328639,0.848690878378,34.5978310031,0,72.505741142
2011-06-04,9.05306629113,1.69738175676,31.1380479027,0,69.916250387
2011-06-05,15.8428660095,1.69738175676,34.5978310031,0,67.3267596319
2011-06-06,11.3163328639,1.69738175676,41.5173972037,0,67.3267596319
2011-06-07,11.3163328639,0.848690878378,34.5978310031,0,69.916250387
2011-06-08,13.5795994367,0.848690878378,38.0576141034,0,72.505741142
2011-06-09,11.3163328639,0.848690878378,38.0576141034,0,69.916250387
2011-06-10,9.05306629113,0.848690878378,31.1380479027,0,75.0952318971
2011-06-11,11.3163328639,1.69738175676,31.1380479027,0,75.0952318971
2011-06-12,15.8428660095,1.69738175676,31.1380479027,0,69.916250387
2011-06-13,11.3163328639,0.848690878378,34.5978310031,0,72.505741142
2011-06-14,13.5795994367,1.69738175676,34.5978310031,0,77.6847226522
2011-06-15,13.5795994367,0.848690878378,38.0576141034,0,82.8637041623
2011-06-16,11.3163328639,1.69738175676,31.1380479027,0,85.4531949174
2011-06-17,11.3163328639,0.848690878378,38.0576141034,0,82.8637041623
2011-06-18,11.3163328639,1.69738175676,31.1380479027,0,88.0426856725
2011-06-19,13.5795994367,1.69738175676,34.5978310031,0,93.2216671826
2011-06-20,13.5795994367,0.848690878378,34.5978310031,0,62.1477781217
2011-06-21,11.3163328639,0.848690878378,31.1380479027,0,62.1477781217
2011-06-22,11.3163328639,0.848690878378,41.5173972037,0,72.505741142
2011-06-23,11.3163328639,0.848690878378,34.5978310031,0,64.7372688768
2011-06-24,9.05306629113,0.848690878378,31.1380479027,0,67.3267596319
2011-06-25,11.3163328639,0.848690878378,31.1380479027,0,64.7372688768
2011-06-26,15.8428660095,0.848690878378,38.0576141034,0,62.1477781217
2011-06-27,11.3163328639,1.69738175676,34.5978310031,0,64.7372688768
2011-06-28,13.5795994367,0.848690878378,38.0576141034,0,67.3267596319
2011-06-29,11.3163328639,0.848690878378,34.5978310031,0,64.7372688768
2011-06-30,11.3163328639,0.848690878378,38.0576141034,0,62.1477781217
2011-07-01,11.3163328639,0.848690878378,31.1380479027,0,56.9687966116
2011-07-02,11.3163328639,0.848690878378,27.6782648024,0,59.5582873667
2011-07-03,13.5795994367,0.848690878378,34.5978310031,0,56.9687966116
2011-07-04,9.05306629113,0.848690878378,31.1380479027,0,51.7898151015
2011-07-05,11.3163328639,0.848690878378,34.5978310031,0,54.3793058565
2011-07-06,11.3163328639,1.69738175676,34.5978310031,0,64.7372688768
2011-07-07,11.3163328639,1.69738175676,41.5173972037,0,64.7372688768
2011-07-08,9.05306629113,1.69738175676,34.5978310031,0,64.7372688768
2011-07-09,9.05306629113,1.69738175676,31.1380479027,0,59.5582873667
2011-07-10,15.8428660095,0.848690878378,34.5978310031,0,56.9687966116
2011-07-11,13.5795994367,0.848690878378,38.0576141034,0,64.7372688768
2011-07-12,11.3163328639,0.848690878378,34.5978310031,0,62.1477781217
2011-07-13,11.3163328639,0.848690878378,38.0576141034,0,62.1477781217
2011-07-14,11.3163328639,0.848690878378,38.0576141034,0,62.1477781217
2011-07-15,9.05306629113,1.69738175676,31.1380479027,0,56.9687966116
2011-07-16,11.3163328639,0.848690878378,31.1380479027,0,64.7372688768
2011-07-17,15.8428660095,0.848690878378,31.1380479027,0,62.1477781217
2011-07-18,11.3163328639,0.848690878378,34.5978310031,0,62.1477781217
2011-07-19,11.3163328639,0.848690878378,38.0576141034,0,62.1477781217
2011-07-20,11.3163328639,1.69738175676,38.0576141034,0,64.7372688768
2011-07-21,9.05306629113,0.848690878378,34.5978310031,0,62.1477781217
2011-07-22,11.3163328639,0.848690878378,31.1380479027,0,67.3267596319
2011-07-23,9.05306629113,0.848690878378,34.5978310031,0,59.5582873667
2011-07-24,15.8428660095,1.69738175676,34.5978310031,0,62.1477781217
2011-07-25,11.3163328639,0.848690878378,34.5978310031,0,62.1477781217
2011-07-26,11.3163328639,0.848690878378,41.5173972037,0,67.3267596319
2011-07-27,11.3163328639,0.848690878378,34.5978310031,0,62.1477781217
2011-07-28,11.3163328639,0.848690878378,34.5978310031,0,59.5582873667
2011-07-29,9.05306629113,0.848690878378,34.5978310031,0,62.1477781217
2011-07-30,6.78979971835,0.848690878378,34.5978310031,0,64.7372688768
2011-07-31,15.8428660095,0.848690878378,31.1380479027,0,59.5582873667
2011-08-01,11.3163328639,0.848690878378,34.5978310031,0,64.7372688768
2011-08-02,11.3163328639,0.848690878378,38.0576141034,0,67.3267596319
2011-08-03,11.3163328639,0.848690878378,34.5978310031,0,64.7372688768
2011-08-04,11.3163328639,0.848690878378,34.5978310031,0,64.7372688768
2011-08-05,9.05306629113,0.848690878378,34.5978310031,0,64.7372688768
2011-08-06,11.3163328639,0.848690878378,31.1380479027,0,64.7372688768
2011-08-07,13.5795994367,0.848690878378,31.1380479027,0,64.7372688768
2011-08-08,11.3163328639,0.848690878378,34.5978310031,0,62.1477781217
2011-08-09,13.5795994367,0.848690878378,38.0576141034,0,67.3267596319
2011-08-10,9.05306629113,0.848690878378,34.5978310031,0,67.3267596319
2011-08-11,11.3163328639,0.848690878378,34.5978310031,0,62.1477781217
2011-08-12,9.05306629113,0.848690878378,34.5978310031,0,62.1477781217
2011-08-13,11.3163328639,1.69738175676,31.1380479027,0,64.7372688768
2011-08-14,15.8428660095,0.848690878378,34.5978310031,0,64.7372688768
2011-08-15,13.5795994367,0.848690878378,34.5978310031,0,64.7372688768
2011-08-16,11.3163328639,0.848690878378,34.5978310031,0,67.3267596319
2011-08-17,11.3163328639,0.848690878378,38.0576141034,0,67.3267596319
2011-08-18,11.3163328639,0.848690878378,34.5978310031,0,62.1477781217
2011-08-19,11.3163328639,0.848690878378,34.5978310031,0,62.1477781217
2011-08-20,9.05306629113,0.848690878378,27.6782648024,0,64.7372688768
2011-08-21,15.8428660095,0.848690878378,27.6782648024,0,59.5582873667
2011-08-22,13.5795994367,0.848690878378,34.5978310031,0,64.7372688768
2011-08-23,11.3163328639,0.848690878378,34.5978310031,0,59.5582873667
2011-08-24,11.3163328639,0.848690878378,38.0576141034,0,59.5582873667
2011-08-25,11.3163328639,0.848690878378,31.1380479027,0,56.9687966116
2011-08-26,13.5795994367,0.936486486486,34.5978310031,0,59.5582873667
2011-08-27,9.05306629113,0.936486486486,27.6782648024,0,54.3793058565
2011-08-28,18.1061325823,0.936486486486,31.1380479027,0,54.3793058565
2011-08-29,11.3163328639,0.936486486486,34.5978310031,0,59.5582873667
2011-08-30,11.3163328639,0.936486486486,34.5978310031,0,62.1477781217
2011-08-31,13.5795994367,0.936486486486,34.5978310031,0,59.5582873667
2011-09-01,11.3163328639,0.936486486486,31.1380479027,0,59.5582873667
2011-09-02,11.3163328639,0.936486486486,31.1380479027,0,62.1477781217
2011-09-03,9.05306629113,0.936486486486,31.1380479027,0,56.9687966116
2011-09-04,15.8428660095,0.936486486486,34.5978310031,0,62.1477781217
2011-09-05,9.05306629113,0.936486486486,34.5978310031,0,59.5582873667
2011-09-06,11.3163328639,0.936486486486,34.5978310031,0,64.7372688768
2011-09-07,13.5795994367,0.936486486486,34.5978310031,0,64.7372688768
2011-09-08,13.5795994367,0.936486486486,34.5978310031,0,59.5582873667
2011-09-09,11.3163328639,0.936486486486,31.1380479027,0,59.5582873667
2011-09-10,9.05306629113,0.936486486486,31.1380479027,0,59.5582873667
2011-09-11,18.3607500717,1.87297297297,29.5222811424,0,59.788459406
2011-09-12,13.1148214798,0.936486486486,37.9572186116,0,53.8096134654
2011-09-13,13.1148214798,0.936486486486,37.9572186116,0,62.7778823763
2011-09-14,13.1148214798,0.936486486486,37.9572186116,0,59.788459406
2011-09-15,13.1148214798,0.936486486486,37.9572186116,0,59.788459406
2011-09-16,10.4918571838,0.936486486486,37.9572186116,0,62.7778823763
2011-09-17,10.4918571838,0.936486486486,29.5222811424,0,65.7673053466
2011-09-18,13.1148214798,0.936486486486,33.739749877,0,59.788459406
2011-09-19,13.1148214798,0.936486486486,33.739749877,0,62.7778823763
2011-09-20,13.1148214798,0.936486486486,37.9572186116,0,62.7778823763
2011-09-21,10.4918571838,0.936486486486,37.9572186116,0,62.7778823763
2011-09-22,10.4918571838,0.936486486486,33.739749877,0,56.7990364357
2011-09-23,10.4918571838,0.936486486486,37.9572186116,0,62.7778823763
2011-09-24,10.4918571838,0.936486486486,29.5222811424,0,65.7673053466
2011-09-25,15.7377857757,0.936486486486,33.739749877,0,56.7990364357
2011-09-26,13.1148214798,0.936486486486,37.9572186116,0,62.7778823763
2011-09-27,13.1148214798,0.936486486486,33.739749877,0,65.7673053466
2011-09-28,13.1148214798,0.936486486486,37.9572186116,0,62.7778823763
2011-09-29,13.1148214798,0.936486486486,37.9572186116,0,65.7673053466
2011-09-30,13.1148214798,0.936486486486,37.9572186116,0,56.7990364357
2011-10-01,10.4918571838,0.936486486486,33.739749877,0,62.7778823763
2011-10-02,15.7377857757,0.936486486486,33.739749877,0,59.788459406
2011-10-03,13.1148214798,0.936486486486,37.9572186116,0,62.7778823763
2011-10-04,13.1148214798,0.936486486486,33.739749877,0,65.7673053466
2011-10-05,13.1148214798,0.936486486486,42.1746873462,0,65.7673053466
2011-10-06,13.1148214798,0.936486486486,33.739749877,0,62.7778823763
2011-10-07,13.1148214798,0.936486486486,33.739749877,0,62.7778823763
2011-10-08,10.4918571838,0.936486486486,29.5222811424,0,62.7778823763
2011-10-09,15.7377857757,0.936486486486,33.739749877,0,62.7778823763
2011-10-10,10.4918571838,0.936486486486,42.1746873462,0,62.7778823763
2011-10-11,13.1148214798,0.936486486486,46.3921560809,0,68.756728317
2011-10-12,13.1148214798,0.936486486486,42.1746873462,0,65.7673053466
2011-10-13,13.1148214798,0.936486486486,42.1746873462,0,65.7673053466
2011-10-14,10.4918571838,0.936486486486,33.739749877,0,59.788459406
2011-10-15,7.86889288787,0.936486486486,29.5222811424,0,62.7778823763
2011-10-16,13.1148214798,0.936486486486,33.739749877,0,62.7778823763
2011-10-17,13.1148214798,0.936486486486,42.1746873462,0,68.756728317
2011-10-18,13.1148214798,0.936486486486,33.739749877,0,74.7355742576
2011-10-19,13.1148214798,0.936486486486,42.1746873462,0,65.7673053466
2011-10-20,13.1148214798,0.936486486486,37.9572186116,0,71.7461512873
2011-10-21,13.1148214798,0.936486486486,33.739749877,0,68.756728317
2011-10-22,10.4918571838,0.936486486486,29.5222811424,0,68.756728317
2011-10-23,15.7377857757,0.936486486486,29.5222811424,0,68.756728317
2011-10-24,10.4918571838,0.936486486486,37.9572186116,0,71.7461512873
2011-10-25,13.1148214798,0.936486486486,33.739749877,0,65.7673053466
2011-10-26,13.1148214798,0.936486486486,33.739749877,0,68.756728317
2011-10-27,10.4918571838,0.936486486486,42.1746873462,0,68.756728317
2011-10-28,13.1148214798,0.936486486486,29.5222811424,0,71.7461512873
2011-10-29,10.4918571838,0.936486486486,29.5222811424,0,65.7673053466
2011-10-30,15.7377857757,0.936486486486,33.739749877,0,65.7673053466
2011-10-31,13.1148214798,0.936486486486,29.5222811424,0,65.7673053466
2011-11-01,13.1148214798,0.936486486486,37.9572186116,0,80.7144201982
2011-11-02,13.1148214798,0.936486486486,37.9572186116,0,77.7249972279
2011-11-03,13.1148214798,0.936486486486,37.9572186116,0,77.7249972279
2011-11-04,13.1148214798,0.936486486486,33.739749877,0,80.7144201982
2011-11-05,10.4918571838,0.936486486486,33.739749877,0,83.7038431685
2011-11-06,15.7377857757,0.936486486486,37.9572186116,0,86.6932661388
2011-11-07,13.1148214798,0.936486486486,37.9572186116,0,86.6932661388
2011-11-08,13.1148214798,0.936486486486,33.739749877,0,89.6826891091
2011-11-09,13.1148214798,0.936486486486,33.739749877,0,92.6721120794
2011-11-10,10.4918571838,0.936486486486,37.9572186116,0,89.6826891091
2011-11-11,10.4918571838,0.936486486486,29.5222811424,0,86.6932661388
2011-11-12,10.4918571838,0.936486486486,29.5222811424,0,86.6932661388
2011-11-13,15.7377857757,0.936486486486,33.739749877,0,95.6615350497
2011-11-14,13.1148214798,0.936486486486,37.9572186116,0,101.64038099
2011-11-15,13.1148214798,0.936486486486,37.9572186116,0,104.629803961
2011-11-16,13.1148214798,0.936486486486,46.3921560809,0,101.64038099
2011-11-17,13.1148214798,0.936486486486,37.9572186116,0,107.619226931
2011-11-18,13.1148214798,0.936486486486,29.5222811424,0,101.64038099
2011-11-19,10.4918571838,0.936486486486,29.5222811424,0,110.608649901
2011-11-20,13.1148214798,0.936486486486,29.5222811424,0,110.608649901
2011-11-21,10.4918571838,0.936486486486,37.9572186116,0,119.576918812
2011-11-22,10.4918571838,0.936486486486,37.9572186116,0,119.576918812
2011-11-23,10.4918571838,1.87297297297,29.5222811424,0,116.587495842
2011-11-24,5.24592859191,0.936486486486,25.3048124077,0,101.64038099
2011-11-25,7.86889288787,0.936486486486,25.3048124077,0,134.524033664
2011-11-26,7.86889288787,0.936486486486,29.5222811424,0,143.492302575
2011-11-27,13.1148214798,0.936486486486,33.739749877,0,152.460571485
2011-11-28,13.1148214798,0.936486486486,33.739749877,0,155.449994456
2011-11-29,13.1148214798,0.936486486486,37.9572186116,0,161.428840396
2011-11-30,10.4918571838,0.936486486486,37.9572186116,0,149.471148515
2011-12-01,10.4918571838,0.936486486486,37.9572186116,0,158.439417426
2011-12-02,10.4918571838,0.936486486486,33.739749877,0,170.397109307
2011-12-03,10.4918571838,0.936486486486,29.5222811424,0,173.386532278
2011-12-04,15.7377857757,1.87297297297,29.5222811424,0,185.344224159
2011-12-05,13.1148214798,0.936486486486,33.739749877,0,197.30191604
2011-12-06,10.4918571838,0.936486486486,33.739749877,0,200.29133901
2011-12-07,10.4918571838,0.936486486486,37.9572186116,0,203.280761981
2011-12-08,10.4918571838,0.936486486486,33.739749877,0,209.259607921
2011-12-09,10.4918571838,0.936486486486,33.739749877,0,212.249030891
2011-12-10,10.4918571838,0.936486486486,29.5222811424,0,224.206722773
2011-12-11,13.1148214798,0.936486486486,33.739749877,0,224.206722773
2011-12-12,13.1148214798,0.936486486486,33.739749877,0,257.090375446
2011-12-13,10.4918571838,0.936486486486,33.739749877,0,266.058644357
2011-12-14,10.4918571838,0.936486486486,33.739749877,0,269.048067327
2011-12-15,13.1148214798,0.936486486486,33.739749877,0,272.037490298
2011-12-16,10.4918571838,0.936486486486,29.5222811424,0,281.005759208
2011-12-17,7.86889288787,0.936486486486,29.5222811424,0,289.974028119
2011-12-18,15.7377857757,0.936486486486,25.3048124077,0,269.048067327
2011-12-19,10.4918571838,0.936486486486,33.739749877,0,292.96345109
2011-12-20,10.4918571838,0.936486486486,29.5222811424,0,292.96345109
2011-12-21,10.4918571838,0.936486486486,33.739749877,0,298.94229703
2011-12-22,10.4918571838,0.936486486486,33.739749877,0,283.995182179
2011-12-23,10.4918571838,0.936486486486,25.3048124077,0,289.974028119
2011-12-24,15.7377857757,0.936486486486,25.3048124077,0,283.995182179
2011-12-25,10.4918571838,0.936486486486,21.0873436731,0,239.153837624
2011-12-26,7.86889288787,0.936486486486,29.5222811424,0,191.323070099
2011-12-27,10.4918571838,0.936486486486,33.739749877,0,149.471148515
2011-12-28,7.86889288787,0.936486486486,33.739749877,0,119.576918812
2011-12-29,10.4918571838,0.936486486486,33.739749877,0,113.598072871
2011-12-30,10.4918571838,0.936486486486,29.5222811424,0,104.629803961
2011-12-31,10.4918571838,0.936486486486,29.5222811424,0,113.598072871
2012-01-01,15.7377857757,0.936486486486,29.5222811424,0,80.7144201982
2012-01-02,10.4918571838,0.936486486486,33.739749877,0,89.6826891091
2012-01-03,10.4918571838,0.936486486486,33.739749877,0,86.6932661388
2012-01-04,13.1148214798,0.936486486486,42.1746873462,0,83.7038431685
2012-01-05,13.1148214798,0.936486486486,37.9572186116,0,80.7144201982
2012-01-06,13.1148214798,0.936486486486,37.9572186116,0,74.7355742576
2012-01-07,10.4918571838,0.936486486486,37.9572186116,0,83.7038431685
2012-01-08,15.7377857757,0.936486486486,42.1746873462,0,80.7144201982
2012-01-09,13.1148214798,0.936486486486,42.1746873462,0,71.7461512873
2012-01-10,13.1148214798,0.936486486486,42.1746873462,0,71.7461512873
2012-01-11,13.1148214798,0.936486486486,37.9572186116,0,65.7673053466
2012-01-12,13.1148214798,0.936486486486,37.9572186116,0,68.756728317
2012-01-13,13.1148214798,0.936486486486,37.9572186116,0,65.7673053466
2012-01-14,10.4918571838,0.936486486486,33.739749877,0,74.7355742576
2012-01-15,15.7377857757,0.936486486486,33.739749877,0,71.7461512873
2012-01-16,13.1148214798,0.936486486486,37.9572186116,0,68.756728317
2012-01-17,10.4918571838,0.936486486486,42.1746873462,0,65.7673053466
2012-01-18,13.1148214798,0.936486486486,37.9572186116,0,71.7461512873
2012-01-19,10.4918571838,0.936486486486,37.9572186116,0,68.756728317
2012-01-20,10.4918571838,0.936486486486,33.739749877,0,65.7673053466
2012-01-21,10.4918571838,0.936486486486,33.739749877,0,68.756728317
2012-01-22,15.7377857757,0.936486486486,37.9572186116,0,65.7673053466
2012-01-23,13.1148214798,0.936486486486,42.1746873462,0,65.7673053466
2012-01-24,13.1148214798,0.936486486486,42.1746873462,0,68.756728317
2012-01-25,13.1148214798,0.936486486486,37.9572186116,0,68.756728317
2012-01-26,13.1148214798,0.936486486486,42.1746873462,0,65.7673053466
2012-01-27,13.1148214798,0.936486486486,37.9572186116,0,68.756728317
2012-01-28,10.4918571838,0.936486486486,33.739749877,0,71.7461512873
2012-01-29,15.7377857757,0.936486486486,42.1746873462,0,71.7461512873
2012-01-30,13.1148214798,0.936486486486,42.1746873462,0,68.756728317
2012-01-31,13.1148214798,0.936486486486,37.9572186116,0,71.7461512873
2012-02-01,13.1148214798,0.936486486486,42.1746873462,0,68.756728317
2012-02-02,10.4918571838,0.936486486486,37.9572186116,0,71.7461512873
2012-02-03,10.4918571838,0.936486486486,42.1746873462,0,68.756728317
2012-02-04,13.1148214798,0.936486486486,29.5222811424,0,74.7355742576
2012-02-05,15.7377857757,0.936486486486,37.9572186116,0,74.7355742576
2012-02-06,13.1148214798,0.936486486486,42.1746873462,0,77.7249972279
2012-02-07,10.4918571838,0.936486486486,42.1746873462,0,77.7249972279
2012-02-08,13.1148214798,0.936486486486,42.1746873462,0,83.7038431685
2012-02-09,10.4918571838,0.936486486486,42.1746873462,0,83.7038431685
2012-02-10,10.4918571838,0.936486486486,37.9572186116,0,77.7249972279
2012-02-11,10.4918571838,0.936486486486,33.739749877,0,80.7144201982
2012-02-12,13.1148214798,0.936486486486,33.739749877,0,77.7249972279
2012-02-13,13.1148214798,0.936486486486,37.9572186116,0,98.65095802
2012-02-14,10.4918571838,0.936486486486,37.9572186116,0,107.619226931
2012-02-15,13.1148214798,0.936486486486,37.9572186116,0,71.7461512873
2012-02-16,10.4918571838,0.936486486486,37.9572186116,0,62.7778823763
2012-02-17,10.4918571838,0.936486486486,37.9572186116,0,65.7673053466
2012-02-18,10.4918571838,0.936486486486,33.739749877,0,65.7673053466
2012-02-19,15.7377857757,0.936486486486,33.739749877,0,59.788459406
2012-02-20,13.1148214798,0.936486486486,42.1746873462,0,65.7673053466
2012-02-21,10.4918571838,0.936486486486,42.1746873462,0,59.788459406
2012-02-22,13.1148214798,0.936486486486,42.1746873462,0,56.7990364357
2012-02-23,10.4918571838,0.936486486486,42.1746873462,0,62.7778823763
2012-02-24,10.4918571838,0.936486486486,42.1746873462,0,56.7990364357
2012-02-25,10.4918571838,0.936486486486,37.9572186116,0,62.7778823763
2012-02-26,15.7377857757,0.936486486486,37.9572186116,0,62.7778823763
2012-02-27,13.1148214798,0.936486486486,37.9572186116,0,56.7990364357
2012-02-28,13.1148214798,0.936486486486,37.9572186116,0,62.7778823763
2012-02-29,13.1148214798,0.936486486486,42.1746873462,0,56.7990364357
2012-03-01,13.1148214798,0.936486486486,37.9572186116,0,62.7778823763
2012-03-02,10.4918571838,0.936486486486,37.9572186116,0,59.788459406
2012-03-03,10.4918571838,0.936486486486,33.739749877,0,74.7355742576
2012-03-04,15.7377857757,0.936486486486,37.9572186116,0,68.756728317
2012-03-05,13.1148214798,0.936486486486,42.1746873462,0,62.7778823763
2012-03-06,13.1148214798,0.936486486486,42.1746873462,0,62.7778823763
2012-03-07,10.4918571838,0.936486486486,42.1746873462,0,59.788459406
2012-03-08,10.4918571838,0.936486486486,42.1746873462,0,59.788459406
2012-03-09,10.4918571838,0.936486486486,42.1746873462,0,62.7778823763
2012-03-10,10.4918571838,0.936486486486,33.739749877,0,59.788459406
2012-03-11,13.1148214798,0.936486486486,37.9572186116,0,65.7673053466
2012-03-12,13.1148214798,0.936486486486,37.9572186116,0,62.7778823763
2012-03-13,10.4918571838,0.936486486486,37.9572186116,0,56.7990364357
2012-03-14,10.4918571838,0.936486486486,46.3921560809,0,56.7990364357
2012-03-15,13.1148214798,0.936486486486,42.1746873462,0,59.788459406
2012-03-16,10.4918571838,0.936486486486,37.9572186116,0,59.788459406
2012-03-17,10.4918571838,0.936486486486,37.9572186116,0,65.7673053466
2012-03-18,15.7377857757,0.936486486486,37.9572186116,0,59.788459406
2012-03-19,13.1148214798,0.936486486486,37.9572186116,0,65.7673053466
2012-03-20,10.4918571838,0.936486486486,42.1746873462,0,65.7673053466
2012-03-21,10.4918571838,0.936486486486,37.9572186116,0,62.7778823763
2012-03-22,10.4918571838,0.936486486486,33.739749877,0,59.788459406
2012-03-23,10.4918571838,0.936486486486,37.9572186116,0,62.7778823763
2012-03-24,10.4918571838,0.936486486486,33.739749877,0,65.7673053466
2012-03-25,13.1148214798,0.936486486486,33.739749877,0,62.7778823763
2012-03-26,13.1148214798,0.936486486486,37.9572186116,0,62.7778823763
2012-03-27,10.4918571838,0.936486486486,42.1746873462,0,59.788459406
2012-03-28,10.4918571838,0.936486486486,42.1746873462,0,62.7778823763
2012-03-29,13.1148214798,0.936486486486,42.1746873462,0,62.7778823763
2012-03-30,13.1148214798,0.936486486486,37.9572186116,0,65.7673053466
2012-03-31,7.86889288787,0.936486486486,33.739749877,0,59.788459406
2012-04-01,15.7377857757,0.936486486486,37.9572186116,0,59.788459406
2012-04-02,13.1148214798,0.936486486486,46.3921560809,0,62.7778823763
2012-04-03,13.1148214798,0.936486486486,46.3921560809,0,59.788459406
2012-04-04,13.1148214798,0.936486486486,46.3921560809,0,65.7673053466
2012-04-05,13.1148214798,0.936486486486,42.1746873462,0,65.7673053466
2012-04-06,15.7377857757,0.936486486486,37.9572186116,0,62.7778823763
2012-04-07,13.1148214798,0.936486486486,37.9572186116,0,68.756728317
2012-04-08,23.6066786636,0.936486486486,37.9572186116,0,62.7778823763
2012-04-09,13.1148214798,0.936486486486,46.3921560809,0,62.7778823763
2012-04-10,10.4918571838,0.936486486486,42.1746873462,0,59.788459406
2012-04-11,10.4918571838,0.936486486486,42.1746873462,0,68.756728317
2012-04-12,13.1148214798,0.936486486486,42.1746873462,0,62.7778823763
2012-04-13,10.4918571838,0.936486486486,37.9572186116,0,68.756728317
2012-04-14,10.4918571838,0.936486486486,37.9572186116,0,71.7461512873
2012-04-15,15.7377857757,0.936486486486,42.1746873462,0,65.7673053466
2012-04-16,10.4918571838,0.936486486486,37.9572186116,0,65.7673053466
2012-04-17,10.4918571838,0.936486486486,46.3921560809,0,65.7673053466
2012-04-18,10.4918571838,0.936486486486,46.3921560809,0,65.7673053466
2012-04-19,10.4918571838,0.936486486486,42.1746873462,0,65.7673053466
2012-04-20,10.4918571838,0.936486486486,37.9572186116,0,65.7673053466
2012-04-21,10.4918571838,0.936486486486,33.739749877,0,71.7461512873
2012-04-22,15.7377857757,0.936486486486,33.739749877,0,68.756728317
2012-04-23,13.1148214798,0.936486486486,42.1746873462,0,74.7355742576
2012-04-24,13.1148214798,0.936486486486,42.1746873462,0,77.7249972279
2012-04-25,10.4918571838,0.936486486486,42.1746873462,0,71.7461512873
2012-04-26,10.4918571838,0.936486486486,37.9572186116,0,74.7355742576
2012-04-27,10.4918571838,0.936486486486,42.1746873462,0,68.756728317
2012-04-28,7.86889288787,0.936486486486,33.739749877,0,77.7249972279
2012-04-29,15.7377857757,0.936486486486,37.9572186116,0,77.7249972279
2012-04-30,13.1148214798,0.936486486486,42.1746873462,0,77.7249972279
2012-05-01,10.4918571838,0.936486486486,46.3921560809,0,74.7355742576
2012-05-02,13.1148214798,0.936486486486,42.1746873462,0,80.7144201982
2012-05-03,10.4918571838,0.936486486486,46.3921560809,0,80.7144201982
2012-05-04,10.4918571838,1.87297297297,42.1746873462,0,77.7249972279
2012-05-05,7.86889288787,0.936486486486,33.739749877,0,74.7355742576
2012-05-06,13.1148214798,0.936486486486,37.9572186116,0,80.7144201982
2012-05-07,10.4918571838,0.936486486486,46.3921560809,0,95.6615350497
2012-05-08,13.1148214798,0.936486486486,42.1746873462,0,92.6721120794
2012-05-09,13.1148214798,0.936486486486,42.1746873462,0,98.65095802
2012-05-10,10.4918571838,0.936486486486,37.9572186116,0,104.629803961
2012-05-11,10.4918571838,0.936486486486,37.9572186116,0,110.608649901
2012-05-12,10.4918571838,0.936486486486,33.739749877,0,113.598072871
2012-05-13,10.4918571838,0.936486486486,37.9572186116,0,98.65095802
2012-05-14,10.4918571838,0.936486486486,37.9572186116,0,77.7249972279
2012-05-15,10.4918571838,0.936486486486,42.1746873462,0,71.7461512873
2012-05-16,13.1148214798,0.936486486486,42.1746873462,0,74.7355742576
2012-05-17,10.4918571838,0.936486486486,37.9572186116,0,74.7355742576
2012-05-18,7.86889288787,0.936486486486,42.1746873462,0,71.7461512873
2012-05-19,7.86889288787,0.936486486486,37.9572186116,0,71.7461512873
2012-05-20,15.7377857757,0.936486486486,37.9572186116,0,68.756728317
2012-05-21,10.4918571838,0.936486486486,42.1746873462,0,71.7461512873
2012-05-22,10.6448634344,0.936486486486,45.2374775749,0,72.0126966049
2012-05-23,7.98364757582,0.936486486486,41.1249796135,0,75.0132256301
2012-05-24,10.6448634344,0.936486486486,37.0124816522,0,72.0126966049
2012-05-25,7.98364757582,0.936486486486,41.1249796135,0,69.0121675797
2012-05-26,7.98364757582,0.936486486486,37.0124816522,0,78.0137546553
2012-05-27,15.9672951516,0.936486486486,41.1249796135,0,72.0126966049
2012-05-28,10.6448634344,0.936486486486,41.1249796135,0,66.0116385545
2012-05-29,10.6448634344,1.87297297297,41.1249796135,0,69.0121675797
2012-05-30,10.6448634344,0.936486486486,41.1249796135,0,72.0126966049
2012-05-31,10.6448634344,0.936486486486,41.1249796135,0,75.0132256301
2012-06-01,10.6448634344,0.936486486486,37.0124816522,0,72.0126966049
2012-06-02,7.98364757582,0.936486486486,32.8999836908,0,81.0142836805
2012-06-03,13.306079293,0.936486486486,37.0124816522,0,75.0132256301
2012-06-04,10.6448634344,0.936486486486,41.1249796135,0,72.0126966049
2012-06-05,10.6448634344,0.936486486486,41.1249796135,0,72.0126966049
2012-06-06,10.6448634344,0.936486486486,45.2374775749,0,78.0137546553
2012-06-07,10.6448634344,0.936486486486,41.1249796135,0,75.0132256301
2012-06-08,7.98364757582,0.936486486486,37.0124816522,0,75.0132256301
2012-06-09,7.98364757582,0.936486486486,41.1249796135,0,78.0137546553
2012-06-10,15.9672951516,0.936486486486,37.0124816522,0,78.0137546553
2012-06-11,10.6448634344,0.936486486486,41.1249796135,0,78.0137546553
2012-06-12,13.306079293,0.936486486486,41.1249796135,0,87.0153417309
2012-06-13,10.6448634344,0.936486486486,41.1249796135,0,87.0153417309
2012-06-14,10.6448634344,0.936486486486,41.1249796135,0,90.0158707561
2012-06-15,7.98364757582,0.936486486486,32.8999836908,0,90.0158707561
2012-06-16,7.98364757582,0.936486486486,32.8999836908,0,96.0169288066
2012-06-17,13.306079293,0.936486486486,37.0124816522,0,96.0169288066
2012-06-18,10.6448634344,0.936486486486,41.1249796135,0,72.0126966049
2012-06-19,10.6448634344,0.936486486486,41.1249796135,0,69.0121675797
2012-06-20,10.6448634344,0.936486486486,41.1249796135,0,72.0126966049
2012-06-21,10.6448634344,0.936486486486,41.1249796135,0,66.0116385545
2012-06-22,7.98364757582,0.936486486486,32.8999836908,0,72.0126966049
2012-06-23,10.6448634344,0.936486486486,37.0124816522,0,69.0121675797
2012-06-24,15.9672951516,0.936486486486,37.0124816522,0,69.0121675797
2012-06-25,10.6448634344,0.936486486486,37.0124816522,0,63.0111095293
2012-06-26,10.6448634344,0.936486486486,37.0124816522,0,69.0121675797
2012-06-27,10.6448634344,0.936486486486,37.0124816522,0,63.0111095293
2012-06-28,10.6448634344,0.936486486486,41.1249796135,0,66.0116385545
2012-06-29,10.6448634344,0.936486486486,37.0124816522,0,63.0111095293
2012-06-30,7.98364757582,0.936486486486,32.8999836908,0,66.0116385545
2012-07-01,13.306079293,0.936486486486,37.0124816522,0,66.0116385545
2012-07-02,10.6448634344,0.936486486486,37.0124816522,0,66.0116385545
2012-07-03,10.6448634344,0.936486486486,37.0124816522,0,60.0105805041
2012-07-04,7.98364757582,0.936486486486,32.8999836908,0,60.0105805041
2012-07-05,10.6448634344,0.936486486486,37.0124816522,0,63.0111095293
2012-07-06,10.6448634344,0.936486486486,45.2374775749,0,66.0116385545
2012-07-07,10.6448634344,0.936486486486,41.1249796135,0,75.0132256301
2012-07-08,15.9672951516,0.936486486486,37.0124816522,0,69.0121675797
2012-07-09,10.6448634344,0.936486486486,41.1249796135,0,69.0121675797
2012-07-10,10.6448634344,0.936486486486,41.1249796135,0,75.0132256301
2012-07-11,10.6448634344,0.936486486486,41.1249796135,0,72.0126966049
2012-07-12,10.6448634344,0.936486486486,41.1249796135,0,72.0126966049
2012-07-13,10.6448634344,0.936486486486,41.1249796135,0,69.0121675797
2012-07-14,10.6448634344,0.936486486486,37.0124816522,0,78.0137546553
2012-07-15,18.6285110102,0.936486486486,37.0124816522,0,66.0116385545
2012-07-16,13.306079293,0.936486486486,37.0124816522,0,69.0121675797
2012-07-17,10.6448634344,0.936486486486,41.1249796135,0,72.0126966049
2012-07-18,10.6448634344,0.936486486486,41.1249796135,0,75.0132256301
2012-07-19,13.306079293,0.936486486486,41.1249796135,0,63.0111095293
2012-07-20,10.6448634344,0.936486486486,37.0124816522,0,69.0121675797
2012-07-21,7.98364757582,0.936486486486,41.1249796135,0,69.0121675797
2012-07-22,15.9672951516,0.936486486486,37.0124816522,0,66.0116385545
2012-07-23,13.306079293,0.936486486486,37.0124816522,0,66.0116385545
2012-07-24,10.6448634344,0.936486486486,41.1249796135,0,69.0121675797
2012-07-25,13.306079293,0.936486486486,41.1249796135,0,69.0121675797
2012-07-26,13.306079293,0.936486486486,37.0124816522,0,72.0126966049
2012-07-27,10.6448634344,0.936486486486,41.1249796135,0,69.0121675797
2012-07-28,7.98364757582,0.936486486486,37.0124816522,0,66.0116385545
2012-07-29,18.6285110102,0.936486486486,37.0124816522,0,66.0116385545
2012-07-30,10.6448634344,0.936486486486,41.1249796135,0,66.0116385545
2012-07-31,10.6448634344,0.936486486486,37.0124816522,0,69.0121675797
2012-08-01,10.6448634344,0.936486486486,37.0124816522,0,69.0121675797
2012-08-02,10.6448634344,0.936486486486,41.1249796135,0,72.0126966049
2012-08-03,10.6448634344,0.936486486486,37.0124816522,0,69.0121675797
2012-08-04,10.6448634344,0.936486486486,37.0124816522,0,69.0121675797
2012-08-05,15.9672951516,0.936486486486,32.8999836908,0,63.0111095293
2012-08-06,13.306079293,0.936486486486,37.0124816522,0,72.0126966049
2012-08-07,10.6448634344,0.936486486486,41.1249796135,0,72.0126966049
2012-08-08,10.6448634344,0.936486486486,37.0124816522,0,66.0116385545
2012-08-09,10.6448634344,0.936486486486,32.8999836908,0,69.0121675797
2012-08-10,10.6448634344,0.936486486486,37.0124816522,0,66.0116385545
2012-08-11,7.98364757582,0.936486486486,32.8999836908,0,69.0121675797
2012-08-12,13.306079293,0.936486486486,32.8999836908,0,63.0111095293
2012-08-13,13.306079293,0.936486486486,41.1249796135,0,66.0116385545
2012-08-14,13.306079293,0.936486486486,37.0124816522,0,75.0132256301
2012-08-15,10.6448634344,0.936486486486,37.0124816522,0,69.0121675797
2012-08-16,10.6448634344,0.936486486486,37.0124816522,0,69.0121675797
2012-08-17,10.6448634344,0.936486486486,37.0124816522,0,69.0121675797
2012-08-18,10.6448634344,0.936486486486,32.8999836908,0,75.0132256301
2012-08-19,15.9672951516,0.936486486486,32.8999836908,0,69.0121675797
2012-08-20,13.306079293,0.936486486486,41.1249796135,0,66.0116385545
2012-08-21,10.6448634344,0.936486486486,41.1249796135,0,66.0116385545
2012-08-22,13.306079293,0.936486486486,37.0124816522,0,66.0116385545
2012-08-23,13.306079293,0.936486486486,41.1249796135,0,69.0121675797
2012-08-24,10.6448634344,0.936486486486,37.0124816522,0,72.0126966049
2012-08-25,10.6448634344,0.936486486486,37.0124816522,0,72.0126966049
2012-08-26,15.9672951516,0.936486486486,37.0124816522,0,63.0111095293
2012-08-27,13.306079293,0.936486486486,37.0124816522,0,60.0105805041
2012-08-28,13.306079293,0.936486486486,37.0124816522,0,63.0111095293
2012-08-29,13.306079293,0.936486486486,41.1249796135,0,69.0121675797
2012-08-30,10.6448634344,0.936486486486,37.0124816522,0,63.0111095293
2012-08-31,10.6448634344,0.936486486486,37.0124816522,0,63.0111095293
2012-09-01,7.98364757582,0.936486486486,28.7874857295,0,66.0116385545
2012-09-02,15.9672951516,0.936486486486,37.0124816522,0,66.0116385545
2012-09-03,10.6448634344,0.936486486486,32.8999836908,0,63.0111095293
2012-09-04,10.6448634344,0.936486486486,37.0124816522,0,63.0111095293
2012-09-05,10.6448634344,0.936486486486,41.1249796135,0,66.0116385545
2012-09-06,10.6448634344,0.936486486486,37.0124816522,0,66.0116385545
2012-09-07,10.6448634344,0.936486486486,41.1249796135,0,69.0121675797
2012-09-08,10.6448634344,0.936486486486,37.0124816522,0,69.0121675797
2012-09-09,15.9672951516,0.936486486486,32.8999836908,0,63.0111095293
2012-09-10,13.306079293,0.936486486486,37.0124816522,0,69.0121675797
2012-09-11,10.6448634344,0.936486486486,41.1249796135,0,69.0121675797
2012-09-12,10.6448634344,0.936486486486,41.1249796135,0,66.0116385545
2012-09-13,7.98364757582,0.936486486486,37.0124816522,0,66.0116385545
2012-09-14,10.6448634344,0.936486486486,32.8999836908,0,69.0121675797
2012-09-15,10.6448634344,0.936486486486,32.8999836908,0,69.0121675797
2012-09-16,15.9672951516,0.936486486486,37.0124816522,0,63.0111095293
2012-09-17,13.306079293,0.936486486486,45.2374775749,0,69.0121675797
2012-09-18,10.6448634344,0.936486486486,41.1249796135,0,72.0126966049
2012-09-19,13.306079293,0.936486486486,41.1249796135,0,63.0111095293
2012-09-20,10.6448634344,0.936486486486,53.4624734976,0,66.0116385545
2012-09-21,10.6448634344,0.936486486486,57.5749714589,0,69.0121675797
2012-09-22,10.6448634344,0.936486486486,53.4624734976,0,69.0121675797
2012-09-23,18.6285110102,0.936486486486,45.2374775749,0,69.0121675797
2012-09-24,13.306079293,0.936486486486,53.4624734976,0,69.0121675797
2012-09-25,13.306079293,0.936486486486,49.3499755362,0,69.0121675797
2012-09-26,10.6448634344,0.936486486486,57.5749714589,0,72.0126966049
2012-09-27,10.6448634344,0.936486486486,57.5749714589,0,72.0126966049
2012-09-28,10.6448634344,0.936486486486,45.2374775749,0,72.0126966049
2012-09-29,10.6448634344,0.936486486486,41.1249796135,0,75.0132256301
2012-09-30,15.9672951516,0.936486486486,41.1249796135,0,66.0116385545
2012-10-01,13.306079293,0.936486486486,45.2374775749,0,72.0126966049
2012-10-02,13.306079293,0.936486486486,45.2374775749,0,75.0132256301
2012-10-03,13.306079293,0.936486486486,45.2374775749,0,75.0132256301
2012-10-04,10.6448634344,0.936486486486,41.1249796135,0,69.0121675797
2012-10-05,10.6448634344,0.936486486486,41.1249796135,0,66.0116385545
2012-10-06,10.6448634344,0.936486486486,32.8999836908,0,69.0121675797
2012-10-07,13.306079293,0.936486486486,37.0124816522,0,66.0116385545
2012-10-08,10.6448634344,1.87297297297,41.1249796135,0,66.0116385545
2012-10-09,10.6448634344,0.936486486486,41.1249796135,0,72.0126966049
2012-10-10,10.6448634344,0.936486486486,41.1249796135,0,72.0126966049
2012-10-11,10.6448634344,0.936486486486,37.0124816522,0,69.0121675797
2012-10-12,10.6448634344,0.936486486486,37.0124816522,0,69.0121675797
2012-10-13,10.6448634344,0.936486486486,32.8999836908,0,69.0121675797
2012-10-14,15.9672951516,0.936486486486,37.0124816522,0,69.0121675797
2012-10-15,10.6448634344,0.936486486486,41.1249796135,0,72.0126966049
2012-10-16,10.6448634344,0.936486486486,41.1249796135,0,72.0126966049
2012-10-17,13.306079293,0.936486486486,41.1249796135,0,66.0116385545
2012-10-18,10.6448634344,0.936486486486,37.0124816522,0,69.0121675797
2012-10-19,10.6448634344,0.936486486486,37.0124816522,0,72.0126966049
2012-10-20,7.98364757582,0.936486486486,32.8999836908,0,72.0126966049
2012-10-21,15.9672951516,0.936486486486,41.1249796135,0,72.0126966049
2012-10-22,13.306079293,0.936486486486,41.1249796135,0,75.0132256301
2012-10-23,10.6448634344,0.936486486486,37.0124816522,0,72.0126966049
2012-10-24,10.6448634344,0.936486486486,41.1249796135,0,66.0116385545
2012-10-25,10.6448634344,0.936486486486,37.0124816522,0,69.0121675797
2012-10-26,10.6448634344,0.936486486486,32.8999836908,0,75.0132256301
2012-10-27,10.6448634344,0.936486486486,32.8999836908,0,75.0132256301
2012-10-28,13.306079293,0.936486486486,32.8999836908,0,66.0116385545
2012-10-29,10.6448634344,0.936486486486,32.8999836908,0,66.0116385545
2012-10-30,10.6448634344,0.936486486486,37.0124816522,0,66.0116385545
2012-10-31,13.306079293,0.936486486486,37.0124816522,0,63.0111095293
2012-11-01,10.6448634344,0.936486486486,37.0124816522,0,69.0121675797
2012-11-02,10.6448634344,0.936486486486,37.0124816522,0,72.0126966049
2012-11-03,7.98364757582,0.936486486486,41.1249796135,0,81.0142836805
2012-11-04,15.9672951516,0.936486486486,45.2374775749,0,78.0137546553
2012-11-05,13.306079293,0.936486486486,45.2374775749,0,84.0148127057
2012-11-06,10.6448634344,0.936486486486,41.1249796135,0,81.0142836805
2012-11-07,7.98364757582,0.936486486486,37.0124816522,0,75.0132256301
2012-11-08,13.306079293,0.936486486486,37.0124816522,0,93.0163997813
2012-11-09,10.6448634344,0.936486486486,37.0124816522,0,90.0158707561
2012-11-10,10.6448634344,0.936486486486,37.0124816522,0,93.0163997813
2012-11-11,15.9672951516,0.936486486486,37.0124816522,0,99.0174578318
2012-11-12,10.6448634344,0.936486486486,37.0124816522,0,114.020102958
2012-11-13,13.306079293,0.936486486486,45.2374775749,0,111.019573933
2012-11-14,13.306079293,0.936486486486,37.0124816522,0,111.019573933
2012-11-15,13.306079293,0.936486486486,41.1249796135,0,111.019573933
2012-11-16,10.6448634344,0.936486486486,32.8999836908,0,108.019044907
2012-11-17,7.98364757582,0.936486486486,28.7874857295,0,114.020102958
2012-11-18,15.9672951516,0.936486486486,37.0124816522,0,120.021161008
2012-11-19,10.6448634344,0.936486486486,37.0124816522,0,123.021690033
2012-11-20,10.6448634344,0.936486486486,37.0124816522,0,126.022219059
2012-11-21,7.98364757582,0.936486486486,32.8999836908,0,117.020631983
2012-11-22,5.32243171721,0.936486486486,28.7874857295,0,105.018515882
2012-11-23,5.32243171721,0.936486486486,28.7874857295,0,150.02645126
2012-11-24,7.98364757582,0.936486486486,32.8999836908,0,156.027509311
2012-11-25,15.9672951516,0.936486486486,37.0124816522,0,153.026980285
2012-11-26,13.306079293,0.936486486486,37.0124816522,0,159.028038336
2012-11-27,10.6448634344,0.936486486486,41.1249796135,0,165.029096386
2012-11-28,10.6448634344,0.936486486486,41.1249796135,0,156.027509311
2012-11-29,10.6448634344,0.936486486486,37.0124816522,0,156.027509311
2012-11-30,10.6448634344,0.936486486486,37.0124816522,0,153.026980285
2012-12-01,7.98364757582,0.936486486486,32.8999836908,0,162.028567361
2012-12-02,13.306079293,0.936486486486,32.8999836908,0,174.030683462
2012-12-03,10.6448634344,0.936486486486,41.1249796135,0,183.032270537
2012-12-04,10.6448634344,0.936486486486,41.1249796135,0,189.033328588
2012-12-05,13.306079293,0.936486486486,41.1249796135,0,195.034386638
2012-12-06,10.6448634344,0.936486486486,41.1249796135,0,201.035444689
2012-12-07,10.6448634344,0.936486486486,37.0124816522,0,210.037031764
2012-12-08,10.6448634344,0.936486486486,37.0124816522,0,228.040205916
2012-12-09,13.306079293,0.936486486486,32.8999836908,0,213.03756079
2012-12-10,13.306079293,0.936486486486,41.1249796135,0,225.03967689
2012-12-11,13.306079293,0.936486486486,45.2374775749,0,243.042851042
2012-12-12,10.6448634344,0.936486486486,41.1249796135,0,240.042322016
2012-12-13,10.6448634344,0.936486486486,37.0124816522,0,255.044967142
2012-12-14,10.6448634344,0.936486486486,32.8999836908,0,237.041792991
2012-12-15,13.306079293,0.936486486486,28.7874857295,0,264.046554218
2012-12-16,15.9672951516,0.936486486486,32.8999836908,0,258.045496168
2012-12-17,13.306079293,0.936486486486,32.8999836908,0,276.048670319
2012-12-18,10.6448634344,0.936486486486,32.8999836908,0,297.052373495
2012-12-19,10.6448634344,0.936486486486,41.1249796135,0,297.052373495
2012-12-20,10.6448634344,0.936486486486,45.2374775749,0,300.05290252
2012-12-21,10.6448634344,0.936486486486,37.0124816522,0,279.049199344
2012-12-22,10.6448634344,0.936486486486,32.8999836908,0,297.052373495
2012-12-23,18.6285110102,0.936486486486,32.8999836908,0,261.046025193
2012-12-24,18.6285110102,0.936486486486,32.8999836908,0,294.05184447
2012-12-25,7.98364757582,0.936486486486,28.7874857295,0,261.046025193
2012-12-26,7.98364757582,0.936486486486,32.8999836908,0,192.033857613
2012-12-27,10.6448634344,0.936486486486,37.0124816522,0,147.025922235
2012-12-28,10.6448634344,0.936486486486,37.0124816522,0,126.022219059
2012-12-29,10.6448634344,1.87297297297,41.1249796135,0,123.021690033
2012-12-30,15.9672951516,0.936486486486,41.1249796135,0,114.020102958
2012-12-31,10.6448634344,0.936486486486,37.0124816522,0,102.017986857
2013-01-01,10.6448634344,0.936486486486,37.0124816522,0,87.0153417309
2013-01-02,13.306079293,0.936486486486,45.2374775749,0,96.0169288066
2013-01-03,10.6448634344,0.936486486486,45.2374775749,0,90.0158707561
2013-01-04,10.6448634344,0.936486486486,41.1249796135,0,87.0153417309
2013-01-05,10.6448634344,0.936486486486,41.1249796135,0,93.0163997813
2013-01-06,18.6285110102,0.936486486486,37.0124816522,0,90.0158707561
2013-01-07,15.9672951516,0.936486486486,41.1249796135,0,84.0148127057
2013-01-08,13.306079293,0.936486486486,45.2374775749,0,75.0132256301
2013-01-09,13.306079293,0.936486486486,41.1249796135,0,75.0132256301
2013-01-10,13.306079293,0.936486486486,45.2374775749,0,78.0137546553
2013-01-11,10.6448634344,0.936486486486,41.1249796135,0,75.0132256301
2013-01-12,7.98364757582,0.936486486486,37.0124816522,0,81.0142836805
2013-01-13,15.9672951516,0.936486486486,41.1249796135,0,78.0137546553
2013-01-14,10.6448634344,0.936486486486,41.1249796135,0,72.0126966049
2013-01-15,13.306079293,0.832432432432,45.2374775749,0,72.0126966049
2013-01-16,13.306079293,0.832432432432,41.1249796135,0,75.0132256301
2013-01-17,13.306079293,0.832432432432,41.1249796135,0,75.0132256301
2013-01-18,10.6448634344,0.832432432432,41.1249796135,0,69.0121675797
2013-01-19,10.6448634344,0.832432432432,37.0124816522,0,75.0132256301
2013-01-20,13.306079293,1.24864864865,45.2374775749,0,75.0132256301
2013-01-21,10.6448634344,0.832432432432,49.3499755362,0,75.0132256301
2013-01-22,13.306079293,1.24864864865,45.2374775749,0,69.0121675797
2013-01-23,13.306079293,0.832432432432,45.2374775749,0,72.0126966049
2013-01-24,13.306079293,0.832432432432,45.2374775749,0,69.0121675797
2013-01-25,10.6448634344,0.832432432432,41.1249796135,0,66.0116385545
2013-01-26,10.6448634344,0.832432432432,41.1249796135,0,75.0132256301
2013-01-27,15.9672951516,1.24864864865,41.1249796135,0,72.0126966049
2013-01-28,10.6448634344,0.832432432432,41.1249796135,0,66.0116385545
2013-01-29,10.6448634344,1.24864864865,45.2374775749,0,66.0116385545
2013-01-30,10.6448634344,0.832432432432,45.2374775749,0,66.0116385545
2013-01-31,12.8738371352,0.832432432432,47.5832392003,0,71.220063401
2013-02-01,11.8835419709,0.832432432432,41.4434664003,0,70.1243701179
2013-02-02,10.8932468067,1.24864864865,38.3735800002,0,73.4114499672
2013-02-03,15.8447226279,1.24864864865,36.8386368002,0,65.7415969855
2013-02-04,11.8835419709,0.832432432432,39.9085232003,0,69.0286768348
2013-02-05,12.8738371352,1.24864864865,42.9784096003,0,78.8899163827
2013-02-06,12.8738371352,0.832432432432,41.4434664003,0,74.5071432503
2013-02-07,9.90295164244,0.832432432432,39.9085232003,0,78.8899163827
2013-02-08,9.90295164244,1.24864864865,39.9085232003,0,73.4114499672
2013-02-09,10.8932468067,0.832432432432,36.8386368002,0,81.0813029488
2013-02-10,14.8544274637,0.832432432432,38.3735800002,0,82.1769962319
2013-02-11,11.8835419709,1.24864864865,46.0482960003,0,83.272689515
2013-02-12,10.8932468067,1.24864864865,46.0482960003,0,89.8468492136
2013-02-13,12.8738371352,1.24864864865,42.9784096003,0,104.090861894
2013-02-14,10.8932468067,0.832432432432,39.9085232003,0,107.377941743
2013-02-15,9.90295164244,0.832432432432,36.8386368002,0,71.220063401
2013-02-16,10.8932468067,1.66486486486,36.8386368002,0,69.0286768348
2013-02-17,14.8544274637,1.24864864865,39.9085232003,0,65.7415969855
2013-02-18,10.8932468067,0.832432432432,46.0482960003,0,64.6459037025
2013-02-19,10.8932468067,1.24864864865,39.9085232003,0,60.2631305701
2013-02-20,12.8738371352,0.832432432432,44.5133528003,0,61.3588238532
2013-02-21,11.8835419709,0.832432432432,41.4434664003,0,61.3588238532
2013-02-22,9.90295164244,0.832432432432,41.4434664003,0,64.6459037025
2013-02-23,9.90295164244,0.832432432432,42.9784096003,0,66.8372902686
2013-02-24,16.8350177921,0.832432432432,41.4434664003,0,66.8372902686
2013-02-25,10.8932468067,0.832432432432,41.4434664003,0,64.6459037025
2013-02-26,10.8932468067,0.832432432432,42.9784096003,0,59.167437287
2013-02-27,11.8835419709,0.832432432432,50.6531256003,0,60.2631305701
2013-02-28,12.8738371352,0.832432432432,47.5832392003,0,64.6459037025
2013-03-01,11.8835419709,1.24864864865,42.9784096003,0,63.5502104194
2013-03-02,10.8932468067,1.24864864865,35.3036936002,0,65.7415969855
2013-03-03,14.8544274637,1.24864864865,42.9784096003,0,66.8372902686
2013-03-04,10.8932468067,0.832432432432,46.0482960003,0,62.4545171363
2013-03-05,11.8835419709,1.24864864865,39.9085232003,0,63.5502104194
2013-03-06,11.8835419709,0.832432432432,46.0482960003,0,65.7415969855
2013-03-07,10.8932468067,0.832432432432,47.5832392003,0,63.5502104194
2013-03-08,9.90295164244,1.24864864865,41.4434664003,0,63.5502104194
2013-03-09,8.91265647819,1.24864864865,41.4434664003,0,65.7415969855
2013-03-10,14.8544274637,0.832432432432,44.5133528003,0,64.6459037025
2013-03-11,11.8835419709,0.832432432432,47.5832392003,0,62.4545171363
2013-03-12,11.8835419709,0.832432432432,50.6531256003,0,65.7415969855
2013-03-13,11.8835419709,1.24864864865,46.0482960003,0,60.2631305701
2013-03-14,10.8932468067,0.832432432432,47.5832392003,0,61.3588238532
2013-03-15,11.8835419709,0.832432432432,42.9784096003,0,61.3588238532
2013-03-16,11.8835419709,0.832432432432,42.9784096003,0,66.8372902686
2013-03-17,13.8641322994,1.24864864865,41.4434664003,0,62.4545171363
2013-03-18,11.8835419709,0.832432432432,44.5133528003,0,61.3588238532
2013-03-19,12.8738371352,0.832432432432,50.6531256003,0,61.3588238532
2013-03-20,11.8835419709,0.832432432432,47.5832392003,0,62.4545171363
2013-03-21,10.8932468067,0.832432432432,47.5832392003,0,65.7415969855
2013-03-22,10.8932468067,0.832432432432,39.9085232003,0,66.8372902686
2013-03-23,9.90295164244,1.24864864865,38.3735800002,0,70.1243701179
2013-03-24,14.8544274637,1.24864864865,47.5832392003,0,67.9329835517
2013-03-25,12.8738371352,0.832432432432,47.5832392003,0,64.6459037025
2013-03-26,11.8835419709,0.832432432432,47.5832392003,0,65.7415969855
2013-03-27,11.8835419709,0.832432432432,49.1181824003,0,65.7415969855
2013-03-28,10.8932468067,0.832432432432,47.5832392003,0,65.7415969855
2013-03-29,13.8641322994,1.24864864865,44.5133528003,0,66.8372902686
2013-03-30,15.8447226279,0.832432432432,41.4434664003,0,71.220063401
2013-03-31,23.7670839418,0.832432432432,46.0482960003,0,62.4545171363
2013-04-01,12.8738371352,0.832432432432,49.1181824003,0,60.2631305701
2013-04-02,11.8835419709,0.832432432432,53.7230120003,0,65.7415969855
2013-04-03,12.8738371352,1.24864864865,52.1880688003,0,61.3588238532
2013-04-04,12.8738371352,0.832432432432,52.1880688003,0,64.6459037025
2013-04-05,11.8835419709,0.832432432432,44.5133528003,0,63.5502104194
2013-04-06,9.90295164244,0.832432432432,44.5133528003,0,63.5502104194
2013-04-07,15.8447226279,1.24864864865,52.1880688003,0,67.9329835517
2013-04-08,13.8641322994,0.832432432432,56.7928984004,0,61.3588238532
2013-04-09,10.8932468067,0.832432432432,56.7928984004,0,63.5502104194
2013-04-10,11.8835419709,0.832432432432,52.1880688003,0,69.0286768348
2013-04-11,11.8835419709,0.832432432432,53.7230120003,0,65.7415969855
2013-04-12,9.90295164244,0.832432432432,50.6531256003,0,69.0286768348
2013-04-13,9.90295164244,0.832432432432,52.1880688003,0,69.0286768348
2013-04-14,15.8447226279,1.24864864865,58.3278416004,0,67.9329835517
2013-04-15,11.8835419709,0.832432432432,61.3977280004,0,62.4545171363
2013-04-16,10.8932468067,0.832432432432,52.1880688003,0,59.167437287
2013-04-17,10.8932468067,0.832432432432,56.7928984004,0,64.6459037025
2013-04-18,10.8932468067,0.832432432432,53.7230120003,0,64.6459037025
2013-04-19,8.91265647819,0.832432432432,50.6531256003,0,61.3588238532
2013-04-20,8.91265647819,0.832432432432,49.1181824003,0,67.9329835517
2013-04-21,14.8544274637,0.832432432432,58.3278416004,0,70.1243701179
2013-04-22,12.8738371352,0.832432432432,58.3278416004,0,70.1243701179
2013-04-23,10.8932468067,0.832432432432,59.8627848004,0,70.1243701179
2013-04-24,10.8932468067,0.832432432432,70.6073872005,0,73.4114499672
2013-04-25,12.8738371352,1.24864864865,75.2122168005,0,67.9329835517
2013-04-26,10.8932468067,0.832432432432,104.376137601,0,69.0286768348
2013-04-27,9.90295164244,0.832432432432,128.935228801,0,71.220063401
2013-04-28,15.8447226279,0.832432432432,139.679831201,0,71.220063401
2013-04-29,10.8932468067,0.832432432432,96.7014216006,0,72.3157566841
2013-04-30,11.8835419709,0.832432432432,79.8170464005,0,76.6985298165
2013-05-01,11.8835419709,0.832432432432,75.2122168005,0,79.9856096657
2013-05-02,10.8932468067,0.832432432432,66.0025576004,0,73.4114499672
2013-05-03,8.91265647819,0.832432432432,67.5375008004,0,74.5071432503
2013-05-04,7.92236131395,0.832432432432,78.2821032005,0,83.272689515
2013-05-05,11.8835419709,0.832432432432,75.2122168005,0,81.0813029488
2013-05-06,10.8932468067,0.832432432432,64.4676144004,0,88.7511559305
2013-05-07,9.90295164244,0.832432432432,55.2579552004,0,90.9425424967
2013-05-08,10.8932468067,0.832432432432,58.3278416004,0,93.1339290629
2013-05-09,9.90295164244,0.832432432432,53.7230120003,0,96.4210089121
2013-05-10,8.91265647819,0.832432432432,55.2579552004,0,94.2296223459
2013-05-11,8.91265647819,0.832432432432,58.3278416004,0,109.569328309
2013-05-12,12.8738371352,1.24864864865,62.9326712004,0,100.803782045
2013-05-13,10.8932468067,0.832432432432,56.7928984004,0,72.3157566841
2013-05-14,9.90295164244,1.24864864865,52.1880688003,0,71.220063401
2013-05-15,11.8835419709,0.832432432432,50.6531256003,0,73.4114499672
2013-05-16,9.90295164244,1.24864864865,52.1880688003,0,69.0286768348
2013-05-17,9.90295164244,0.832432432432,50.6531256003,0,71.220063401
2013-05-18,9.90295164244,0.832432432432,56.7928984004,0,81.0813029488
2013-05-19,12.8738371352,0.832432432432,53.7230120003,0,71.220063401
2013-05-20,10.8932468067,0.832432432432,53.7230120003,0,72.3157566841
2013-05-21,10.8932468067,0.832432432432,49.1181824003,0,72.3157566841
2013-05-22,9.90295164244,0.832432432432,49.1181824003,0,72.3157566841
2013-05-23,10.8932468067,0.832432432432,47.5832392003,0,63.5502104194
2013-05-24,9.90295164244,0.832432432432,46.0482960003,0,71.220063401
2013-05-25,7.92236131395,0.832432432432,39.9085232003,0,74.5071432503
2013-05-26,13.8641322994,0.832432432432,42.9784096003,0,70.1243701179
2013-05-27,8.91265647819,0.832432432432,47.5832392003,0,70.1243701179
2013-05-28,8.91265647819,0.832432432432,47.5832392003,0,72.3157566841
2013-05-29,8.91265647819,0.832432432432,47.5832392003,0,79.9856096657
2013-05-30,10.8932468067,1.24864864865,46.0482960003,0,73.4114499672
2013-05-31,8.91265647819,0.832432432432,44.5133528003,0,71.220063401
2013-06-01,7.92236131395,0.416216216216,41.4434664003,0,75.6028365334
2013-06-02,12.8738371352,1.24864864865,44.5133528003,0,73.4114499672
2013-06-03,9.90295164244,0.832432432432,46.0482960003,0,77.7942230996
2013-06-04,8.91265647819,0.832432432432,49.1181824003,0,82.1769962319
2013-06-05,9.90295164244,0.416216216216,44.5133528003,0,76.6985298165
2013-06-06,7.92236131395,0.416216216216,41.4434664003,0,76.6985298165
2013-06-07,9.90295164244,0.832432432432,41.4434664003,0,75.6028365334
2013-06-08,8.91265647819,0.832432432432,44.5133528003,0,78.8899163827
2013-06-09,12.8738371352,0.832432432432,44.5133528003,0,77.7942230996
2013-06-10,9.90295164244,0.832432432432,42.9784096003,0,76.6985298165
2013-06-11,9.90295164244,0.832432432432,47.5832392003,0,84.3683827981
2013-06-12,9.90295164244,0.832432432432,42.9784096003,0,81.0813029488
2013-06-13,8.91265647819,0.832432432432,46.0482960003,0,84.3683827981
2013-06-14,7.92236131395,0.832432432432,42.9784096003,0,88.7511559305
2013-06-15,8.91265647819,0.832432432432,39.9085232003,0,94.2296223459
2013-06-16,11.8835419709,0.832432432432,38.3735800002,0,96.4210089121
2013-06-17,8.91265647819,0.832432432432,47.5832392003,0,74.5071432503
2013-06-18,10.8932468067,0.832432432432,44.5133528003,0,74.5071432503
2013-06-19,9.90295164244,0.832432432432,46.0482960003,0,70.1243701179
2013-06-20,8.91265647819,0.832432432432,42.9784096003,0,71.220063401
2013-06-21,8.91265647819,0.832432432432,41.4434664003,0,71.220063401
2013-06-22,8.91265647819,0.832432432432,38.3735800002,0,70.1243701179
2013-06-23,14.8544274637,0.832432432432,46.0482960003,0,66.8372902686
2013-06-24,10.8932468067,0.832432432432,42.9784096003,0,65.7415969855
2013-06-25,9.90295164244,0.832432432432,46.0482960003,0,71.220063401
2013-06-26,11.8835419709,0.832432432432,47.5832392003,0,67.9329835517
2013-06-27,9.90295164244,0.832432432432,44.5133528003,0,66.8372902686
2013-06-28,7.92236131395,0.832432432432,39.9085232003,0,66.8372902686
2013-06-29,8.91265647819,1.24864864865,38.3735800002,0,70.1243701179
2013-06-30,14.8544274637,0.832432432432,42.9784096003,0,62.4545171363
2013-07-01,11.8835419709,0.832432432432,42.9784096003,0,67.9329835517
2013-07-02,11.8835419709,0.832432432432,44.5133528003,0,67.9329835517
2013-07-03,10.8932468067,0.832432432432,44.5133528003,0,65.7415969855
2013-07-04,8.91265647819,0.832432432432,44.5133528003,0,62.4545171363
2013-07-05,7.92236131395,0.832432432432,41.4434664003,0,61.3588238532
2013-07-06,8.91265647819,0.832432432432,42.9784096003,0,62.4545171363
2013-07-07,14.8544274637,0.832432432432,42.9784096003,0,66.8372902686
2013-07-08,10.8932468067,0.832432432432,50.6531256003,0,66.8372902686
2013-07-09,9.90295164244,0.832432432432,42.9784096003,0,70.1243701179
2013-07-10,9.90295164244,0.832432432432,46.0482960003,0,66.8372902686
2013-07-11,9.90295164244,0.832432432432,46.0482960003,0,71.220063401
2013-07-12,8.91265647819,0.832432432432,42.9784096003,0,72.3157566841
2013-07-13,8.91265647819,1.24864864865,44.5133528003,0,69.0286768348
2013-07-14,13.8641322994,0.832432432432,44.5133528003,0,64.6459037025
2013-07-15,10.8932468067,1.24864864865,44.5133528003,0,65.7415969855
2013-07-16,10.8932468067,0.832432432432,46.0482960003,0,70.1243701179
2013-07-17,10.8932468067,0.832432432432,42.9784096003,0,72.3157566841
2013-07-18,11.8835419709,0.832432432432,42.9784096003,0,72.3157566841
2013-07-19,9.90295164244,0.832432432432,42.9784096003,0,69.0286768348
2013-07-20,9.90295164244,0.832432432432,42.9784096003,0,73.4114499672
2013-07-21,14.8544274637,0.832432432432,42.9784096003,0,69.0286768348
2013-07-22,10.8932468067,0.832432432432,42.9784096003,0,66.8372902686
2013-07-23,9.90295164244,0.832432432432,46.0482960003,0,69.0286768348
2013-07-24,10.8932468067,0.832432432432,42.9784096003,0,72.3157566841
2013-07-25,9.90295164244,0.832432432432,44.5133528003,0,70.1243701179
2013-07-26,8.91265647819,0.832432432432,39.9085232003,0,72.3157566841
2013-07-27,8.91265647819,1.24864864865,39.9085232003,0,69.0286768348
2013-07-28,14.8544274637,0.832432432432,46.0482960003,0,73.4114499672
2013-07-29,10.8932468067,0.416216216216,47.5832392003,0,72.3157566841
2013-07-30,10.8932468067,0.832432432432,44.5133528003,0,74.5071432503
2013-07-31,11.8835419709,0.832432432432,41.4434664003,0,75.6028365334
2013-08-01,9.90295164244,2.08108108108,42.9784096003,0,70.1243701179
2013-08-02,8.91265647819,0.832432432432,44.5133528003,0,73.4114499672
2013-08-03,10.8932468067,0.832432432432,42.9784096003,0,70.1243701179
2013-08-04,13.8641322994,1.24864864865,41.4434664003,0,74.5071432503
2013-08-05,11.8835419709,0.416216216216,42.9784096003,0,69.0286768348
2013-08-06,10.8932468067,0.832432432432,42.9784096003,0,72.3157566841
2013-08-07,10.8932468067,0.832432432432,39.9085232003,0,75.6028365334
2013-08-08,9.90295164244,0.832432432432,44.5133528003,0,70.1243701179
2013-08-09,8.91265647819,1.24864864865,39.9085232003,0,69.0286768348
2013-08-10,7.92236131395,0.832432432432,39.9085232003,0,74.5071432503
2013-08-11,15.8447226279,1.24864864865,46.0482960003,0,71.220063401
2013-08-12,11.8835419709,0.832432432432,55.2579552004,0,72.3157566841
2013-08-13,9.90295164244,0.832432432432,55.2579552004,0,73.4114499672
2013-08-14,12.8738371352,0.832432432432,53.7230120003,0,76.6985298165
2013-08-15,12.8738371352,0.832432432432,52.1880688003,0,71.220063401
2013-08-16,9.90295164244,0.832432432432,47.5832392003,0,72.3157566841
2013-08-17,8.91265647819,0.832432432432,49.1181824003,0,76.6985298165
2013-08-18,16.8350177921,0.832432432432,53.7230120003,0,72.3157566841
2013-08-19,11.8835419709,0.832432432432,52.1880688003,0,69.0286768348
2013-08-20,11.8835419709,0.832432432432,49.1181824003,0,75.6028365334
2013-08-21,11.8835419709,0.832432432432,47.5832392003,0,71.220063401
2013-08-22,11.8835419709,0.832432432432,46.0482960003,0,70.1243701179
2013-08-23,9.90295164244,0.832432432432,44.5133528003,0,66.8372902686
2013-08-24,9.90295164244,0.832432432432,44.5133528003,0,70.1243701179
2013-08-25,14.8544274637,0.832432432432,49.1181824003,0,65.7415969855
2013-08-26,10.8932468067,0.832432432432,47.5832392003,0,63.5502104194
2013-08-27,9.90295164244,0.832432432432,56.7928984004,0,65.7415969855
2013-08-28,11.8835419709,1.24864864865,81.3519896005,0,64.6459037025
2013-08-29,10.8932468067,0.832432432432,66.0025576004,0,65.7415969855
2013-08-30,9.90295164244,0.832432432432,64.4676144004,0,65.7415969855
2013-08-31,8.91265647819,0.832432432432,79.8170464005,0,63.5502104194
2013-09-01,14.8544274637,0.832432432432,84.4218760005,0,65.7415969855
2013-09-02,9.90295164244,0.832432432432,85.9568192005,0,64.6459037025
2013-09-03,11.8835419709,0.832432432432,67.5375008004,0,65.7415969855
2013-09-04,11.8835419709,1.24864864865,56.7928984004,0,69.0286768348
2013-09-05,10.8932468067,0.832432432432,55.2579552004,0,70.1243701179
2013-09-06,10.8932468067,1.24864864865,50.6531256003,0,71.220063401
2013-09-07,8.91265647819,0.832432432432,58.3278416004,0,72.3157566841
2013-09-08,16.8350177921,1.24864864865,59.8627848004,0,64.6459037025
2013-09-09,13.8641322994,0.832432432432,53.7230120003,0,67.9329835517
2013-09-10,11.8835419709,0.832432432432,47.5832392003,0,69.0286768348
2013-09-11,11.8835419709,0.832432432432,47.5832392003,0,63.5502104194
2013-09-12,10.8932468067,0.832432432432,46.0482960003,0,66.8372902686
2013-09-13,9.90295164244,0.832432432432,52.1880688003,0,66.8372902686
2013-09-14,8.91265647819,0.832432432432,52.1880688003,0,71.220063401
2013-09-15,15.8447226279,0.832432432432,53.7230120003,0,66.8372902686
2013-09-16,11.8835419709,0.832432432432,49.1181824003,0,66.8372902686
2013-09-17,11.8835419709,0.832432432432,44.5133528003,0,66.8372902686
2013-09-18,11.8835419709,0.832432432432,47.5832392003,0,64.6459037025
2013-09-19,12.8738371352,0.832432432432,42.9784096003,0,63.5502104194
2013-09-20,8.91265647819,0.832432432432,44.5133528003,0,71.220063401
2013-09-21,9.90295164244,0.832432432432,41.4434664003,0,72.3157566841
2013-09-22,14.8544274637,1.24864864865,50.6531256003,0,64.6459037025
2013-09-23,11.8835419709,0.832432432432,47.5832392003,0,69.0286768348
2013-09-24,12.8738371352,0.832432432432,42.9784096003,0,72.3157566841
2013-09-25,12.8738371352,0.832432432432,42.9784096003,0,67.9329835517
2013-09-26,10.8932468067,0.832432432432,47.5832392003,0,66.8372902686
2013-09-27,9.90295164244,1.24864864865,39.9085232003,0,70.1243701179
2013-09-28,9.90295164244,0.832432432432,44.5133528003,0,70.1243701179
2013-09-29,15.8447226279,1.24864864865,47.5832392003,0,64.6459037025
2013-09-30,11.8835419709,0.832432432432,42.9784096003,0,66.8372902686
2013-10-01,12.8738371352,0.832432432432,41.4434664003,0,65.7415969855
2013-10-02,11.8835419709,0.832432432432,42.9784096003,0,65.7415969855
2013-10-03,9.90295164244,1.24864864865,42.9784096003,0,71.220063401
2013-10-04,10.8932468067,1.24864864865,36.8386368002,0,67.9329835517
2013-10-05,9.90295164244,0.832432432432,41.4434664003,0,70.1243701179
2013-10-06,14.8544274637,0.832432432432,42.9784096003,0,72.3157566841
2013-10-07,10.8932468067,1.24864864865,46.0482960003,0,69.0286768348
2013-10-08,10.8932468067,0.832432432432,41.4434664003,0,70.1243701179
2013-10-09,10.8932468067,0.832432432432,44.5133528003,0,72.3157566841
2013-10-10,12.8738371352,0.832432432432,41.4434664003,0,70.1243701179
2013-10-11,9.90295164244,0.832432432432,36.8386368002,0,72.3157566841
2013-10-12,8.98073927074,0.9625,38.2051626214,0,68.9785613182
2013-10-13,14.9678987846,0.9625,42.980807949,0,72.2632547143
2013-10-14,11.9743190276,0.9625,47.7564532767,0,75.5479481104
2013-10-15,11.9743190276,0.9625,47.7564532767,0,72.2632547143
2013-10-16,11.9743190276,0.9625,42.980807949,0,78.8326415065
2013-10-17,8.98073927074,0.9625,47.7564532767,0,75.5479481104
2013-10-18,8.98073927074,0.9625,38.2051626214,0,68.9785613182
2013-10-19,8.98073927074,0.9625,38.2051626214,0,72.2632547143
2013-10-20,14.9678987846,0.9625,42.980807949,0,72.2632547143
2013-10-21,11.9743190276,0.9625,47.7564532767,0,72.2632547143
2013-10-22,11.9743190276,0.9625,42.980807949,0,72.2632547143
2013-10-23,11.9743190276,0.9625,47.7564532767,0,72.2632547143
2013-10-24,11.9743190276,0.9625,42.980807949,0,72.2632547143
2013-10-25,8.98073927074,0.9625,38.2051626214,0,68.9785613182
2013-10-26,8.98073927074,0.9625,38.2051626214,0,72.2632547143
2013-10-27,14.9678987846,0.9625,38.2051626214,0,75.5479481104
2013-10-28,11.9743190276,0.9625,42.980807949,0,75.5479481104
2013-10-29,11.9743190276,0.9625,42.980807949,0,78.8326415065
2013-10-30,11.9743190276,0.9625,42.980807949,0,75.5479481104
2013-10-31,11.9743190276,0.9625,42.980807949,0,72.2632547143
2013-11-01,8.98073927074,0.9625,38.2051626214,0,75.5479481104
2013-11-02,8.98073927074,0.9625,42.980807949,0,91.9714150909
2013-11-03,14.9678987846,0.9625,52.5320986044,0,88.6867216948
2013-11-04,11.9743190276,0.9625,42.980807949,0,88.6867216948
2013-11-05,11.9743190276,0.9625,42.980807949,0,95.256108487
2013-11-06,11.9743190276,0.9625,47.7564532767,0,91.9714150909
2013-11-07,8.98073927074,0.9625,47.7564532767,0,91.9714150909
2013-11-08,8.98073927074,0.9625,38.2051626214,0,95.256108487
2013-11-09,8.98073927074,0.9625,38.2051626214,0,98.5408018831
2013-11-10,14.9678987846,0.9625,42.980807949,0,95.256108487
2013-11-11,8.98073927074,0.9625,42.980807949,0,105.110188675
2013-11-12,11.9743190276,0.9625,42.980807949,0,98.5408018831
2013-11-13,11.9743190276,0.9625,42.980807949,0,101.825495279
2013-11-14,11.9743190276,0.9625,47.7564532767,0,105.110188675
2013-11-15,8.98073927074,0.9625,38.2051626214,0,101.825495279
2013-11-16,8.98073927074,0.9625,38.2051626214,0,108.394882071
2013-11-17,14.9678987846,0.9625,42.980807949,0,114.964268864
2013-11-18,11.9743190276,0.9625,42.980807949,0,111.679575468
2013-11-19,8.98073927074,0.9625,38.2051626214,0,114.964268864
2013-11-20,8.98073927074,0.9625,42.980807949,0,121.533655656
2013-11-21,8.98073927074,0.9625,42.980807949,0,114.964268864
2013-11-22,8.98073927074,0.9625,38.2051626214,0,114.964268864
2013-11-23,8.98073927074,0.9625,33.4295172937,0,128.103042448
2013-11-24,14.9678987846,0.9625,38.2051626214,0,141.241816032
2013-11-25,8.98073927074,0.9625,42.980807949,0,134.67242924
2013-11-26,8.98073927074,0.9625,42.980807949,0,141.241816032
2013-11-27,8.98073927074,0.9625,33.4295172937,0,131.387735844
2013-11-28,5.98715951382,0.9625,28.653871966,0,121.533655656
2013-11-29,5.98715951382,0.9625,33.4295172937,0,167.519363201
2013-11-30,8.98073927074,0.9625,33.4295172937,0,170.804056597
2013-12-01,11.9743190276,0.9625,38.2051626214,0,164.234669805
2013-12-02,11.9743190276,0.9625,42.980807949,0,190.512216974
2013-12-03,11.9743190276,0.9625,38.2051626214,0,193.79691037
2013-12-04,11.9743190276,0.9625,47.7564532767,0,187.227523578
2013-12-05,11.9743190276,0.9625,38.2051626214,0,190.512216974
2013-12-06,11.9743190276,0.9625,38.2051626214,0,187.227523578
2013-12-07,8.98073927074,0.9625,38.2051626214,0,213.505070747
2013-12-08,14.9678987846,0.9625,38.2051626214,0,233.213231123
2013-12-09,11.9743190276,0.9625,38.2051626214,0,220.074457539
2013-12-10,8.98073927074,0.9625,38.2051626214,0,233.213231123
2013-12-11,11.9743190276,0.9625,42.980807949,0,249.636698104
2013-12-12,8.98073927074,0.9625,42.980807949,0,249.636698104
2013-12-13,8.98073927074,0.9625,38.2051626214,0,259.490778292
2013-12-14,11.9743190276,0.9625,33.4295172937,0,285.768325461
2013-12-15,14.9678987846,0.9625,38.2051626214,0,298.907099045
2013-12-16,11.9743190276,0.9625,42.980807949,0,295.622405649
2013-12-17,11.9743190276,0.9625,38.2051626214,0,302.191792442
2013-12-18,11.9743190276,0.9625,38.2051626214,0,318.615259422
2013-12-19,11.9743190276,0.9625,38.2051626214,0,315.330566026
2013-12-20,11.9743190276,0.0,33.4295172937,0,312.04587263
2013-12-21,8.98073927074,0.9625,28.653871966,0,312.04587263
2013-12-22,14.9678987846,0.9625,38.2051626214,0,275.914245273
2013-12-23,11.9743190276,0.9625,38.2051626214,0,328.46933961
2013-12-24,14.9678987846,0.0,28.653871966,0,328.46933961
2013-12-25,8.98073927074,0.0,28.653871966,0,275.914245273
2013-12-26,5.98715951382,0.9625,33.4295172937,0,213.505070747
2013-12-27,8.98073927074,0.9625,42.980807949,0,164.234669805
2013-12-28,8.98073927074,0.9625,38.2051626214,0,147.811202825
2013-12-29,14.9678987846,0.9625,42.980807949,0,121.533655656
2013-12-30,8.98073927074,0.9625,38.2051626214,0,118.24896226
2013-12-31,8.98073927074,0.9625,38.2051626214,0,108.394882071
2014-01-01,11.9743190276,0.9625,38.2051626214,0,95.256108487
2014-01-02,11.9743190276,0.9625,42.980807949,0,98.5408018831
2014-01-03,11.9743190276,0.9625,42.980807949,0,101.825495279
2014-01-04,8.98073927074,0.9625,42.980807949,0,98.5408018831
2014-01-05,17.9614785415,0.9625,42.980807949,0,91.9714150909
2014-01-06,11.9743190276,0.9625,42.980807949,0,82.1173349026
2014-01-07,11.9743190276,0.9625,42.980807949,0,82.1173349026
2014-01-08,11.9743190276,0.9625,47.7564532767,0,78.8326415065
2014-01-09,11.9743190276,0.9625,42.980807949,0,78.8326415065
2014-01-10,11.9743190276,0.9625,42.980807949,0,82.1173349026
2014-01-11,11.9743190276,0.9625,42.980807949,0,85.4020282987
2014-01-12,14.9678987846,0.9625,42.980807949,0,88.6867216948
2014-01-13,11.9743190276,0.9625,47.7564532767,0,78.8326415065
2014-01-14,11.9743190276,0.9625,47.7564532767,0,78.8326415065
2014-01-15,14.9678987846,0.9625,47.7564532767,0,75.5479481104
2014-01-16,11.9743190276,0.9625,47.7564532767,0,75.5479481104
2014-01-17,8.98073927074,0.9625,42.980807949,0,78.8326415065
2014-01-18,11.9743190276,0.9625,42.980807949,0,82.1173349026
2014-01-19,14.9678987846,0.9625,42.980807949,0,75.5479481104
2014-01-20,11.9743190276,0.9625,47.7564532767,0,78.8326415065
2014-01-21,11.9743190276,0.9625,47.7564532767,0,68.9785613182
2014-01-22,11.9743190276,0.9625,42.980807949,0,68.9785613182
2014-01-23,8.98073927074,0.9625,42.980807949,0,72.2632547143
2014-01-24,8.98073927074,0.9625,42.980807949,0,72.2632547143
2014-01-25,8.98073927074,0.9625,42.980807949,0,82.1173349026
2014-01-26,14.9678987846,0.9625,47.7564532767,0,78.8326415065
2014-01-27,11.9743190276,0.9625,47.7564532767,0,68.9785613182
2014-01-28,11.9743190276,0.9625,42.980807949,0,72.2632547143
2014-01-29,11.9743190276,0.9625,42.980807949,0,72.2632547143
2014-01-30,11.9743190276,0.9625,42.980807949,0,72.2632547143
2014-01-31,8.98073927074,0.9625,42.980807949,0,75.5479481104
2014-02-01,11.9743190276,0.9625,38.2051626214,0,78.8326415065
2014-02-02,14.9678987846,0.9625,38.2051626214,0,75.5479481104
2014-02-03,11.9743190276,0.9625,42.980807949,0,68.9785613182
2014-02-04,11.9743190276,0.9625,47.7564532767,0,82.1173349026
2014-02-05,11.9743190276,0.9625,47.7564532767,0,78.8326415065
2014-02-06,11.9743190276,0.9625,47.7564532767,0,75.5479481104
2014-02-07,11.9743190276,0.9625,47.7564532767,0,82.1173349026
2014-02-08,8.98073927074,0.9625,38.2051626214,0,85.4020282987
2014-02-09,14.9678987846,0.9625,47.7564532767,0,85.4020282987
2014-02-10,11.9743190276,0.9625,47.7564532767,0,85.4020282987
2014-02-11,8.98073927074,0.9625,47.7564532767,0,98.5408018831
2014-02-12,8.98073927074,0.9625,47.7564532767,0,91.9714150909
2014-02-13,8.98073927074,0.9625,38.2051626214,0,91.9714150909
2014-02-14,11.9743190276,0.9625,38.2051626214,0,105.110188675
2014-02-15,8.98073927074,0.9625,38.2051626214,0,78.8326415065
2014-02-16,14.9678987846,0.9625,42.980807949,0,72.2632547143
2014-02-17,11.9743190276,0.9625,47.7564532767,0,68.9785613182
2014-02-18,8.98073927074,0.0,42.980807949,0,65.6938679221
2014-02-19,11.9743190276,0.0,47.7564532767,0,62.409174526
2014-02-20,11.9743190276,0.9625,42.980807949,0,62.409174526
2014-02-21,8.98073927074,0.9625,42.980807949,0,68.9785613182
2014-02-22,8.98073927074,0.9625,42.980807949,0,68.9785613182
2014-02-23,14.9678987846,0.9625,47.7564532767,0,65.6938679221
2014-02-24,11.9743190276,0.9625,47.7564532767,0,62.409174526
2014-02-25,11.9743190276,0.9625,47.7564532767,0,65.6938679221
2014-02-26,11.9743190276,0.9625,47.7564532767,0,65.6938679221
2014-02-27,11.9743190276,0.9625,47.7564532767,0,62.409174526
2014-02-28,8.98073927074,0.9625,42.980807949,0,65.6938679221
2014-03-01,8.98073927074,0.9625,38.2051626214,0,72.2632547143
2014-03-02,14.9678987846,0.9625,42.980807949,0,68.9785613182
2014-03-03,11.9743190276,0.9625,47.7564532767,0,62.409174526
2014-03-04,11.9743190276,0.9625,47.7564532767,0,65.6938679221
2014-03-05,11.9743190276,0.9625,47.7564532767,0,68.9785613182
2014-03-06,8.98073927074,0.9625,47.7564532767,0,65.6938679221
2014-03-07,8.98073927074,0.9625,47.7564532767,0,65.6938679221
2014-03-08,8.98073927074,0.9625,42.980807949,0,65.6938679221
2014-03-09,14.9678987846,0.9625,47.7564532767,0,68.9785613182
2014-03-10,11.9743190276,0.9625,47.7564532767,0,65.6938679221
2014-03-11,11.9743190276,0.9625,47.7564532767,0,65.6938679221
2014-03-12,8.98073927074,0.9625,47.7564532767,0,62.409174526
2014-03-13,8.98073927074,0.9625,47.7564532767,0,62.409174526
2014-03-14,8.98073927074,0.9625,47.7564532767,0,68.9785613182
2014-03-15,8.98073927074,0.9625,38.2051626214,0,65.6938679221
2014-03-16,14.9678987846,0.9625,42.980807949,0,65.6938679221
2014-03-17,11.9743190276,0.9625,42.980807949,0,62.409174526
2014-03-18,11.9743190276,0.9625,42.980807949,0,65.6938679221
2014-03-19,11.9743190276,0.9625,42.980807949,0,65.6938679221
2014-03-20,11.9743190276,0.9625,42.980807949,0,68.9785613182
2014-03-21,8.98073927074,0.9625,42.980807949,0,65.6938679221
2014-03-22,8.98073927074,0.9625,42.980807949,0,72.2632547143
2014-03-23,11.9743190276,0.9625,47.7564532767,0,68.9785613182
2014-03-24,11.9743190276,0.9625,47.7564532767,0,62.409174526
2014-03-25,11.9743190276,0.9625,47.7564532767,0,65.6938679221
2014-03-26,8.98073927074,0.9625,42.980807949,0,65.6938679221
2014-03-27,11.9743190276,0.9625,47.7564532767,0,65.6938679221
2014-03-28,8.98073927074,0.9625,42.980807949,0,65.6938679221
2014-03-29,8.98073927074,0.9625,38.2051626214,0,72.2632547143
2014-03-30,11.9743190276,0.9625,47.7564532767,0,72.2632547143
2014-03-31,11.9743190276,0.9625,47.7564532767,0,65.6938679221
2014-04-01,11.9743190276,0.9625,42.980807949,0,65.6938679221
2014-04-02,11.9743190276,0.9625,47.7564532767,0,62.409174526
2014-04-03,11.9743190276,0.9625,47.7564532767,0,68.9785613182
2014-04-04,8.98073927074,0.9625,42.980807949,0,68.9785613182
2014-04-05,8.98073927074,0.9625,42.980807949,0,68.9785613182
2014-04-06,14.9678987846,0.9625,42.980807949,0,68.9785613182
2014-04-07,11.9743190276,0.9625,47.7564532767,0,65.6938679221
2014-04-08,11.9743190276,0.9625,47.7564532767,0,65.6938679221
2014-04-09,8.98073927074,0.9625,52.5320986044,0,68.9785613182
2014-04-10,11.9743190276,0.9625,47.7564532767,0,65.6938679221
2014-04-11,8.98073927074,0.0,42.980807949,0,65.6938679221
2014-04-12,8.98073927074,0.9625,42.980807949,0,72.2632547143
2014-04-13,14.9678987846,0.9625,42.980807949,0,72.2632547143
2014-04-14,11.9743190276,0.9625,52.5320986044,0,68.9785613182
2014-04-15,11.9743190276,0.9625,47.7564532767,0,68.9785613182
2014-04-16,11.9743190276,0.9625,42.980807949,0,75.5479481104
2014-04-17,11.9743190276,0.9625,42.980807949,0,65.6938679221
2014-04-18,11.9743190276,0.9625,42.980807949,0,75.5479481104
2014-04-19,14.9678987846,0.9625,38.2051626214,0,72.2632547143
2014-04-20,23.9486380553,0.9625,42.980807949,0,68.9785613182
2014-04-21,11.9743190276,0.9625,47.7564532767,0,75.5479481104
2014-04-22,11.9743190276,0.9625,52.5320986044,0,72.2632547143
2014-04-23,8.98073927074,0.9625,47.7564532767,0,75.5479481104
2014-04-24,8.98073927074,0.0,47.7564532767,0,78.8326415065
2014-04-25,11.9743190276,0.9625,42.980807949,0,72.2632547143
2014-04-26,8.98073927074,0.9625,38.2051626214,0,78.8326415065
2014-04-27,14.9678987846,0.9625,42.980807949,0,75.5479481104
2014-04-28,11.9743190276,0.9625,42.980807949,0,75.5479481104
2014-04-29,11.9743190276,0.9625,47.7564532767,0,72.2632547143
2014-04-30,8.98073927074,0.9625,47.7564532767,0,75.5479481104
2014-05-01,8.98073927074,0.9625,47.7564532767,0,78.8326415065
2014-05-02,8.98073927074,0.9625,38.2051626214,0,82.1173349026
2014-05-03,8.98073927074,0.9625,42.980807949,0,88.6867216948
2014-05-04,11.9743190276,0.9625,47.7564532767,0,82.1173349026
2014-05-05,8.98073927074,0.9625,42.980807949,0,88.6867216948
2014-05-06,8.98073927074,0.9625,52.5320986044,0,98.5408018831
2014-05-07,11.9743190276,0.9625,47.7564532767,0,95.256108487
2014-05-08,8.98073927074,0.9625,47.7564532767,0,101.825495279
2014-05-09,8.98073927074,0.9625,38.2051626214,0,101.825495279
2014-05-10,8.98073927074,0.9625,42.980807949,0,118.24896226
2014-05-11,11.9743190276,0.9625,42.980807949,0,105.110188675
2014-05-12,8.98073927074,0.9625,52.5320986044,0,72.2632547143
2014-05-13,8.98073927074,0.9625,52.5320986044,0,78.8326415065
2014-05-14,11.9743190276,0.9625,57.307743932,0,72.2632547143
2014-05-15,8.98073927074,0.9625,57.307743932,0,72.2632547143
2014-05-16,8.98073927074,0.9625,52.5320986044,0,75.5479481104
2014-05-17,8.98073927074,0.9625,57.307743932,0,82.1173349026
2014-05-18,14.9678987846,0.9625,57.307743932,0,78.8326415065
2014-05-19,8.98073927074,0.9625,52.5320986044,0,82.1173349026
2014-05-20,8.98073927074,0.9625,52.5320986044,0,82.1173349026
2014-05-21,8.98073927074,0.9625,47.7564532767,0,78.8326415065
2014-05-22,8.98073927074,0.9625,47.7564532767,0,72.2632547143
2014-05-23,8.98073927074,0.9625,47.7564532767,0,75.5479481104
2014-05-24,8.98073927074,0.9625,47.7564532767,0,75.5479481104
2014-05-25,11.9743190276,0.9625,47.7564532767,0,68.9785613182
2014-05-26,8.98073927074,0.9625,47.7564532767,0,72.2632547143
2014-05-27,8.98073927074,0.9625,52.5320986044,0,72.2632547143
2014-05-28,11.9743190276,0.9625,47.7564532767,0,78.8326415065
2014-05-29,8.98073927074,0.9625,42.980807949,0,78.8326415065
2014-05-30,8.98073927074,0.0,42.980807949,0,75.5479481104
2014-05-31,8.98073927074,0.9625,42.980807949,0,85.4020282987
2014-06-01,14.9678987846,0.9625,47.7564532767,0,78.8326415065
2014-06-02,11.9743190276,0.9625,47.7564532767,0,78.8326415065
2014-06-03,8.98073927074,0.9625,47.7564532767,0,82.1173349026
2014-06-04,11.9743190276,0.9625,47.7564532767,0,78.8326415065
2014-06-05,8.98073927074,0.9625,47.7564532767,0,82.1173349026
2014-06-06,8.98073927074,0.9625,38.2051626214,0,78.8326415065
2014-06-07,8.98073927074,0.9625,42.980807949,0,82.1173349026
2014-06-08,14.9678987846,0.9625,47.7564532767,0,82.1173349026
2014-06-09,11.9743190276,0.9625,47.7564532767,0,88.6867216948
2014-06-10,8.98073927074,0.9625,42.980807949,0,88.6867216948
2014-06-11,8.98073927074,0.9625,42.980807949,0,88.6867216948
2014-06-12,8.98073927074,0.9625,38.2051626214,0,91.9714150909
2014-06-13,8.98073927074,0.9625,38.2051626214,0,91.9714150909
2014-06-14,8.98073927074,0.9625,38.2051626214,0,98.5408018831
2014-06-15,11.9743190276,0.0,38.2051626214,0,95.256108487
2014-06-16,8.98073927074,0.9625,42.980807949,0,75.5479481104
2014-06-17,8.98073927074,0.9625,42.980807949,0,78.8326415065
2014-06-18,8.98073927074,0.9625,42.980807949,0,78.8326415065
2014-06-19,8.98073927074,0.9625,42.980807949,0,72.2632547143
2014-06-20,11.9743190276,0.9625,38.2051626214,0,75.5479481104
2014-06-21,8.98073927074,0.9625,38.2051626214,0,78.8326415065
2014-06-22,14.9678987846,0.0,42.980807949,0,68.9785613182
2014-06-23,9.96300762847,0.9625,40.8582989145,0,72.4721187303
2014-06-24,9.96300762847,0.9625,45.9655862788,0,76.0957246668
2014-06-25,9.96300762847,0.0,40.8582989145,0,76.0957246668
2014-06-26,9.96300762847,0.9625,35.7510115502,0,72.4721187303
2014-06-27,9.96300762847,0.9625,45.9655862788,0,72.4721187303
2014-06-28,9.96300762847,0.9625,40.8582989145,0,76.0957246668
2014-06-29,13.2840101713,0.0,40.8582989145,0,65.2249068572
2014-06-30,13.2840101713,0.9625,45.9655862788,0,72.4721187303
2014-07-01,6.64200508565,0.9625,40.8582989145,0,72.4721187303
2014-07-02,9.96300762847,0.9625,40.8582989145,0,72.4721187303
2014-07-03,6.64200508565,0.9625,40.8582989145,0,65.2249068572
2014-07-04,6.64200508565,0.0,40.8582989145,0,57.9776949842
2014-07-05,6.64200508565,0.9625,40.8582989145,0,65.2249068572
2014-07-06,16.6050127141,0.9625,45.9655862788,0,68.8485127937
2014-07-07,9.96300762847,0.9625,40.8582989145,0,79.7193306033
2014-07-08,9.96300762847,0.9625,45.9655862788,0,72.4721187303
2014-07-09,9.96300762847,0.9625,45.9655862788,0,72.4721187303
2014-07-10,9.96300762847,0.0,40.8582989145,0,76.0957246668
2014-07-11,9.96300762847,0.9625,40.8582989145,0,68.8485127937
2014-07-12,9.96300762847,0.9625,40.8582989145,0,68.8485127937
2014-07-13,13.2840101713,0.9625,40.8582989145,0,68.8485127937
2014-07-14,9.96300762847,0.9625,45.9655862788,0,72.4721187303
2014-07-15,9.96300762847,0.0,40.8582989145,0,76.0957246668
2014-07-16,13.2840101713,0.9625,40.8582989145,0,76.0957246668
2014-07-17,9.96300762847,0.9625,45.9655862788,0,76.0957246668
2014-07-18,9.96300762847,0.9625,40.8582989145,0,76.0957246668
2014-07-19,9.96300762847,0.9625,40.8582989145,0,72.4721187303
2014-07-20,13.2840101713,0.9625,45.9655862788,0,72.4721187303
2014-07-21,9.96300762847,0.9625,40.8582989145,0,76.0957246668
2014-07-22,9.96300762847,0.0,45.9655862788,0,76.0957246668
2014-07-23,13.2840101713,0.9625,40.8582989145,0,76.0957246668
2014-07-24,9.96300762847,0.0,45.9655862788,0,76.0957246668
2014-07-25,9.96300762847,0.9625,40.8582989145,0,79.7193306033
2014-07-26,6.64200508565,0.9625,45.9655862788,0,79.7193306033
2014-07-27,13.2840101713,0.9625,45.9655862788,0,72.4721187303
2014-07-28,9.96300762847,0.9625,40.8582989145,0,76.0957246668
2014-07-29,9.96300762847,0.9625,45.9655862788,0,76.0957246668
2014-07-30,9.96300762847,0.9625,40.8582989145,0,76.0957246668
2014-07-31,9.96300762847,0.9625,40.8582989145,0,76.0957246668
2014-08-01,9.96300762847,0.9625,40.8582989145,0,79.7193306033
2014-08-02,9.96300762847,0.9625,40.8582989145,0,79.7193306033
2014-08-03,13.2840101713,0.9625,40.8582989145,0,76.0957246668
2014-08-04,9.96300762847,0.9625,40.8582989145,0,76.0957246668
2014-08-05,9.96300762847,0.9625,40.8582989145,0,76.0957246668
2014-08-06,9.96300762847,0.9625,40.8582989145,0,72.4721187303
2014-08-07,9.96300762847,0.9625,40.8582989145,0,79.7193306033
2014-08-08,9.96300762847,0.9625,40.8582989145,0,76.0957246668
2014-08-09,9.96300762847,0.9625,40.8582989145,0,76.0957246668
2014-08-10,16.6050127141,0.0,40.8582989145,0,76.0957246668
2014-08-11,9.96300762847,0.9625,40.8582989145,0,68.8485127937
2014-08-12,13.2840101713,0.0,40.8582989145,0,68.8485127937
2014-08-13,9.96300762847,0.9625,40.8582989145,0,72.4721187303
2014-08-14,9.96300762847,0.9625,40.8582989145,0,76.0957246668
2014-08-15,9.96300762847,0.9625,40.8582989145,0,76.0957246668
2014-08-16,6.64200508565,0.9625,40.8582989145,0,79.7193306033
2014-08-17,16.6050127141,0.9625,35.7510115502,0,72.4721187303
2014-08-18,9.96300762847,0.9625,40.8582989145,0,76.0957246668
2014-08-19,9.96300762847,0.9625,40.8582989145,0,76.0957246668
2014-08-20,9.96300762847,0.9625,40.8582989145,0,76.0957246668
2014-08-21,9.96300762847,0.0,35.7510115502,0,72.4721187303
2014-08-22,9.96300762847,0.9625,40.8582989145,0,72.4721187303
2014-08-23,9.96300762847,0.0,40.8582989145,0,76.0957246668
2014-08-24,16.6050127141,0.0,40.8582989145,0,68.8485127937
2014-08-25,13.2840101713,0.9625,40.8582989145,0,65.2249068572
2014-08-26,9.96300762847,0.9625,40.8582989145,0,68.8485127937
2014-08-27,13.2840101713,0.9625,40.8582989145,0,72.4721187303
2014-08-28,9.96300762847,0.0,35.7510115502,0,68.8485127937
2014-08-29,9.96300762847,0.9625,35.7510115502,0,65.2249068572
2014-08-30,9.96300762847,0.9625,35.7510115502,0,72.4721187303
2014-08-31,13.2840101713,0.9625,35.7510115502,0,68.8485127937
2014-09-01,9.96300762847,0.9625,40.8582989145,0,72.4721187303
2014-09-02,9.96300762847,0.0,35.7510115502,0,65.2249068572
2014-09-03,13.2840101713,0.9625,40.8582989145,0,68.8485127937
2014-09-04,13.2840101713,0.9625,40.8582989145,0,68.8485127937
2014-09-05,9.96300762847,0.9625,35.7510115502,0,72.4721187303
2014-09-06,9.96300762847,0.9625,35.7510115502,0,76.0957246668
2014-09-07,16.6050127141,0.0,40.8582989145,0,68.8485127937
2014-09-08,13.2840101713,0.9625,40.8582989145,0,68.8485127937
2014-09-09,9.96300762847,0.0,40.8582989145,0,68.8485127937
2014-09-10,9.96300762847,0.9625,40.8582989145,0,68.8485127937
2014-09-11,13.2840101713,0.9625,40.8582989145,0,68.8485127937
2014-09-12,9.96300762847,0.9625,35.7510115502,0,76.0957246668
2014-09-13,9.96300762847,0.9625,35.7510115502,0,72.4721187303
2014-09-14,16.6050127141,0.9625,35.7510115502,0,68.8485127937
2014-09-15,13.2840101713,0.9625,40.8582989145,0,72.4721187303
2014-09-16,9.96300762847,0.9625,40.8582989145,0,72.4721187303
2014-09-17,9.96300762847,0.9625,40.8582989145,0,72.4721187303
2014-09-18,13.2840101713,0.9625,40.8582989145,0,68.8485127937
2014-09-19,9.96300762847,0.9625,40.8582989145,0,72.4721187303
2014-09-20,9.96300762847,0.9625,30.6437241859,0,76.0957246668
2014-09-21,13.2840101713,0.9625,35.7510115502,0,72.4721187303
2014-09-22,9.96300762847,0.9625,40.8582989145,0,72.4721187303
2014-09-23,9.96300762847,0.9625,40.8582989145,0,72.4721187303
2014-09-24,9.96300762847,0.9625,40.8582989145,0,72.4721187303
2014-09-25,9.96300762847,0.9625,40.8582989145,0,72.4721187303
2014-09-26,9.96300762847,0.9625,40.8582989145,0,72.4721187303
2014-09-27,9.96300762847,0.9625,30.6437241859,0,72.4721187303
2014-09-28,13.2840101713,0.9625,40.8582989145,0,76.0957246668
2014-09-29,13.2840101713,0.9625,40.8582989145,0,68.8485127937
2014-09-30,9.96300762847,0.9625,45.9655862788,0,76.0957246668
2014-10-01,9.96300762847,0.9625,40.8582989145,0,72.4721187303
2014-10-02,9.96300762847,0.9625,40.8582989145,0,72.4721187303
2014-10-03,9.96300762847,0.9625,35.7510115502,0,68.8485127937
2014-10-04,9.96300762847,0.9625,35.7510115502,0,72.4721187303
2014-10-05,13.2840101713,0.0,35.7510115502,0,68.8485127937
2014-10-06,13.2840101713,0.9625,40.8582989145,0,72.4721187303
2014-10-07,9.96300762847,0.0,40.8582989145,0,72.4721187303
2014-10-08,13.2840101713,0.9625,40.8582989145,0,76.0957246668
2014-10-09,9.96300762847,0.9625,40.8582989145,0,76.0957246668
2014-10-10,9.96300762847,0.9625,35.7510115502,0,68.8485127937
2014-10-11,9.96300762847,0.9625,35.7510115502,0,79.7193306033
2014-10-12,16.6050127141,0.9625,35.7510115502,0,72.4721187303
2014-10-13,13.2840101713,0.9625,40.8582989145,0,76.0957246668
2014-10-14,13.2840101713,0.9625,40.8582989145,0,72.4721187303
2014-10-15,13.2840101713,0.9625,45.9655862788,0,76.0957246668
2014-10-16,9.96300762847,0.9625,35.7510115502,0,76.0957246668
2014-10-17,9.96300762847,0.9625,35.7510115502,0,76.0957246668
2014-10-18,6.64200508565,0.9625,30.6437241859,0,79.7193306033
2014-10-19,13.2840101713,0.9625,40.8582989145,0,76.0957246668
2014-10-20,13.2840101713,0.0,40.8582989145,0,76.0957246668
2014-10-21,13.2840101713,0.9625,40.8582989145,0,76.0957246668
2014-10-22,9.96300762847,0.9625,40.8582989145,0,79.7193306033
2014-10-23,9.96300762847,0.9625,40.8582989145,0,76.0957246668
2014-10-24,9.96300762847,0.0,40.8582989145,0,72.4721187303
2014-10-25,9.96300762847,0.9625,30.6437241859,0,76.0957246668
2014-10-26,13.2840101713,0.9625,35.7510115502,0,72.4721187303
2014-10-27,9.96300762847,0.9625,40.8582989145,0,76.0957246668
2014-10-28,13.2840101713,0.9625,40.8582989145,0,76.0957246668
2014-10-29,13.2840101713,0.9625,45.9655862788,0,79.7193306033
2014-10-30,13.2840101713,0.9625,40.8582989145,0,76.0957246668
2014-10-31,9.96300762847,0.0,35.7510115502,0,68.8485127937
2014-11-01,9.96300762847,0.0,30.6437241859,0,83.3429365398
2014-11-02,16.6050127141,0.9625,51.0728736431,0,90.5901484128
2014-11-03,9.96300762847,0.9625,45.9655862788,0,90.5901484128
2014-11-04,13.2840101713,0.9625,40.8582989145,0,86.9665424763
2014-11-05,9.96300762847,0.9625,45.9655862788,0,90.5901484128
2014-11-06,9.96300762847,0.9625,40.8582989145,0,90.5901484128
2014-11-07,9.96300762847,0.9625,35.7510115502,0,86.9665424763
2014-11-08,6.64200508565,0.9625,35.7510115502,0,101.460966222
2014-11-09,13.2840101713,0.9625,35.7510115502,0,101.460966222
2014-11-10,9.96300762847,0.9625,40.8582989145,0,101.460966222
2014-11-11,9.96300762847,0.9625,40.8582989145,0,105.084572159
2014-11-12,9.96300762847,0.9625,40.8582989145,0,97.8373602858
2014-11-13,9.96300762847,0.9625,35.7510115502,0,105.084572159
2014-11-14,9.96300762847,0.9625,30.6437241859,0,108.708178095
2014-11-15,9.96300762847,0.9625,35.7510115502,0,115.955389968
2014-11-16,13.2840101713,0.9625,30.6437241859,0,119.578995905
2014-11-17,9.96300762847,0.9625,35.7510115502,0,119.578995905
2014-11-18,9.96300762847,0.9625,40.8582989145,0,119.578995905
2014-11-19,9.96300762847,0.9625,40.8582989145,0,119.578995905
2014-11-20,9.96300762847,0.9625,40.8582989145,0,123.202601841
2014-11-21,6.64200508565,0.9625,35.7510115502,0,119.578995905
2014-11-22,9.96300762847,0.9625,30.6437241859,0,130.449813714
2014-11-23,13.2840101713,0.9625,35.7510115502,0,134.073419651
2014-11-24,9.96300762847,0.0,35.7510115502,0,134.073419651
2014-11-25,9.96300762847,0.9625,30.6437241859,0,134.073419651
2014-11-26,9.96300762847,0.9625,30.6437241859,0,134.073419651
2014-11-27,6.64200508565,0.9625,30.6437241859,0,134.073419651
2014-11-28,6.64200508565,0.9625,30.6437241859,0,177.556690889
2014-11-29,6.64200508565,0.9625,30.6437241859,0,173.933084953
2014-11-30,13.2840101713,0.9625,30.6437241859,0,173.933084953
2014-12-01,9.96300762847,0.9625,40.8582989145,0,195.674720572
2014-12-02,9.96300762847,0.9625,40.8582989145,0,199.298326508
2014-12-03,13.2840101713,0.9625,40.8582989145,0,188.427508699
2014-12-04,9.96300762847,0.9625,40.8582989145,0,192.051114635
2014-12-05,9.96300762847,0.9625,35.7510115502,0,195.674720572
2014-12-06,9.96300762847,0.9625,35.7510115502,0,213.792750254
2014-12-07,13.2840101713,0.0,35.7510115502,0,221.039962127
2014-12-08,9.96300762847,0.9625,35.7510115502,0,231.910779937
2014-12-09,9.96300762847,0.9625,35.7510115502,0,231.910779937
2014-12-10,9.96300762847,0.9625,45.9655862788,0,242.781597746
2014-12-11,9.96300762847,0.9625,40.8582989145,0,250.028809619
2014-12-12,9.96300762847,0.9625,35.7510115502,0,264.523233365
2014-12-13,6.64200508565,0.9625,35.7510115502,0,293.512080858
2014-12-14,9.96300762847,0.0,35.7510115502,0,293.512080858
2014-12-15,9.96300762847,0.9625,35.7510115502,0,297.135686794
2014-12-16,9.96300762847,0.9625,40.8582989145,0,315.253716477
2014-12-17,9.96300762847,0.9625,35.7510115502,0,322.50092835
2014-12-18,9.96300762847,0.9625,35.7510115502,0,322.50092835
2014-12-19,9.96300762847,0.9625,35.7510115502,0,326.124534286
2014-12-20,9.96300762847,0.9625,30.6437241859,0,351.489775842
2014-12-21,16.6050127141,0.9625,30.6437241859,0,318.877322413
2014-12-22,13.2840101713,0.9625,35.7510115502,0,344.242563969
2014-12-23,9.96300762847,0.9625,35.7510115502,0,355.113381778
2014-12-24,13.2840101713,0.9625,30.6437241859,0,362.360593651
2014-12-25,6.64200508565,0.0,25.5364368216,0,300.759292731
2014-12-26,6.64200508565,0.9625,35.7510115502,0,228.287174
2014-12-27,9.96300762847,0.9625,35.7510115502,0,177.556690889
2014-12-28,13.2840101713,0.9625,35.7510115502,0,148.567843397
2014-12-29,13.2840101713,0.9625,40.8582989145,0,141.320631524
2014-12-30,13.2840101713,0.9625,40.8582989145,0,130.449813714
2014-12-31,9.96300762847,0.9625,35.7510115502,0,123.202601841
2015-01-01,9.96300762847,0.9625,30.6437241859,0,101.460966222
2015-01-02,9.96300762847,0.9625,35.7510115502,0,115.955389968
2015-01-03,9.96300762847,0.9625,40.8582989145,0,108.708178095
2015-01-04,16.6050127141,0.9625,40.8582989145,0,105.084572159
2015-01-05,13.2840101713,0.9625,35.7510115502,0,90.5901484128
2015-01-06,13.2840101713,0.9625,45.9655862788,0,86.9665424763
2015-01-07,9.96300762847,0.9625,45.9655862788,0,90.5901484128
2015-01-08,9.96300762847,0.9625,40.8582989145,0,83.3429365398
2015-01-09,9.96300762847,0.9625,35.7510115502,0,86.9665424763
2015-01-10,9.96300762847,0.9625,40.8582989145,0,101.460966222
2015-01-11,13.2840101713,0.0,40.8582989145,0,90.5901484128
2015-01-12,13.2840101713,0.9625,40.8582989145,0,79.7193306033
2015-01-13,13.2840101713,0.9625,40.8582989145,0,79.7193306033
2015-01-14,13.2840101713,0.9625,45.9655862788,0,83.3429365398
2015-01-15,13.2840101713,0.9625,40.8582989145,0,83.3429365398
2015-01-16,13.2840101713,0.9625,45.9655862788,0,79.7193306033
2015-01-17,9.96300762847,0.9625,40.8582989145,0,90.5901484128
2015-01-18,13.2840101713,0.9625,40.8582989145,0,79.7193306033
2015-01-19,9.96300762847,0.9625,40.8582989145,0,79.7193306033
2015-01-20,9.96300762847,0.9625,45.9655862788,0,76.0957246668
2015-01-21,9.96300762847,0.9625,45.9655862788,0,79.7193306033
2015-01-22,9.96300762847,0.0,40.8582989145,0,79.7193306033
2015-01-23,9.96300762847,0.9625,40.8582989145,0,72.4721187303
2015-01-24,9.96300762847,0.9625,40.8582989145,0,83.3429365398
2015-01-25,16.6050127141,0.0,40.8582989145,0,83.3429365398
2015-01-26,9.96300762847,0.9625,40.8582989145,0,72.4721187303
2015-01-27,9.96300762847,0.0,45.9655862788,0,76.0957246668
2015-01-28,9.96300762847,0.9625,45.9655862788,0,76.0957246668
2015-01-29,9.96300762847,0.9625,40.8582989145,0,76.0957246668
2015-01-30,9.96300762847,0.9625,35.7510115502,0,76.0957246668
2015-01-31,9.96300762847,0.9625,35.7510115502,0,79.7193306033
2015-02-01,13.2840101713,0.9625,35.7510115502,0,72.4721187303
2015-02-02,13.2840101713,0.9625,40.8582989145,0,72.4721187303
2015-02-03,9.96300762847,0.9625,45.9655862788,0,83.3429365398
2015-02-04,9.96300762847,0.9625,45.9655862788,0,83.3429365398
2015-02-05,9.96300762847,0.9625,45.9655862788,0,86.9665424763
2015-02-06,9.96300762847,0.9625,40.8582989145,0,79.7193306033
2015-02-07,9.96300762847,0.9625,40.8582989145,0,90.5901484128
2015-02-08,13.2840101713,0.9625,45.9655862788,0,86.9665424763
2015-02-09,9.96300762847,0.9625,40.8582989145,0,83.3429365398
2015-02-10,9.96300762847,0.9625,40.8582989145,0,94.2137543493
2015-02-11,9.96300762847,0.9625,40.8582989145,0,101.460966222
2015-02-12,9.96300762847,0.9625,40.8582989145,0,94.2137543493
2015-02-13,9.96300762847,0.9625,35.7510115502,0,105.084572159
2015-02-14,6.64200508565,0.0,35.7510115502,0,108.708178095
2015-02-15,13.2840101713,0.9625,35.7510115502,0,76.0957246668
2015-02-16,9.96300762847,0.875,40.8582989145,0,68.8485127937
2015-02-17,9.96300762847,0.875,40.8582989145,0,72.4721187303
2015-02-18,9.96300762847,0.875,40.8582989145,0,65.2249068572
2015-02-19,9.96300762847,0.875,40.8582989145,0,65.2249068572
2015-02-20,9.96300762847,0.875,35.7510115502,0,68.8485127937
2015-02-21,9.96300762847,0.875,35.7510115502,0,72.4721187303
2015-02-22,13.2840101713,0.875,40.8582989145,0,72.4721187303
2015-02-23,9.96300762847,0.875,45.9655862788,0,68.8485127937
2015-02-24,9.96300762847,0.875,45.9655862788,0,65.2249068572
2015-02-25,9.96300762847,1.75,45.9655862788,0,65.2249068572
2015-02-26,9.96300762847,0.875,40.8582989145,0,68.8485127937
2015-02-27,9.96300762847,0.875,40.8582989145,0,68.8485127937
2015-02-28,9.96300762847,0.875,40.8582989145,0,72.4721187303
2015-03-01,16.6050127141,0.875,40.8582989145,0,76.0957246668
2015-03-02,9.96300762847,0.875,40.8582989145,0,68.8485127937
2015-03-03,9.96300762847,0.875,51.0728736431,0,65.2249068572
2015-03-04,10.4173392263,0.875,45.8826985864,0,70.2383357014
2015-03-05,8.9291479083,0.875,39.0002937985,0,63.5489703965
2015-03-06,8.9291479083,0.875,41.2944287278,0,66.893653049
2015-03-07,7.44095659025,1.75,41.2944287278,0,76.9277010063
2015-03-08,11.9055305444,1.75,43.5885636571,0,75.2553596801
2015-03-09,8.9291479083,0.875,45.8826985864,0,68.5659943752
2015-03-10,10.4173392263,0.875,43.5885636571,0,68.5659943752
2015-03-11,8.9291479083,0.875,45.8826985864,0,66.893653049
2015-03-12,8.9291479083,0.875,41.2944287278,0,65.2213117227
2015-03-13,8.9291479083,0.875,39.0002937985,0,68.5659943752
2015-03-14,7.44095659025,0.875,41.2944287278,0,66.893653049
2015-03-15,13.3937218624,0.875,41.2944287278,0,73.5830183539
2015-03-16,10.4173392263,0.875,41.2944287278,0,66.893653049
2015-03-17,10.4173392263,0.875,48.1768335158,0,66.893653049
2015-03-18,8.9291479083,0.875,43.5885636571,0,63.5489703965
2015-03-19,10.4173392263,1.75,43.5885636571,0,65.2213117227
2015-03-20,8.9291479083,0.875,36.7061588692,0,68.5659943752
2015-03-21,7.44095659025,1.75,39.0002937985,0,71.9106770276
2015-03-22,13.3937218624,0.875,41.2944287278,0,71.9106770276
2015-03-23,10.4173392263,0.875,45.8826985864,0,70.2383357014
2015-03-24,10.4173392263,0.875,43.5885636571,0,68.5659943752
2015-03-25,8.9291479083,0.875,43.5885636571,0,66.893653049
2015-03-26,10.4173392263,0.875,43.5885636571,0,66.893653049
2015-03-27,8.9291479083,0.875,39.0002937985,0,73.5830183539
2015-03-28,8.9291479083,0.875,41.2944287278,0,75.2553596801
2015-03-29,13.3937218624,0.875,39.0002937985,0,73.5830183539
2015-03-30,11.9055305444,0.875,48.1768335158,0,68.5659943752
2015-03-31,13.3937218624,0.875,41.2944287278,0,71.9106770276
2015-04-01,11.9055305444,0.875,43.5885636571,0,70.2383357014
2015-04-02,10.4173392263,0.875,45.8826985864,0,73.5830183539
2015-04-03,11.9055305444,0.875,43.5885636571,0,75.2553596801
2015-04-04,11.9055305444,0.875,39.0002937985,0,76.9277010063
2015-04-05,22.3228697707,0.875,39.0002937985,0,75.2553596801
2015-04-06,10.4173392263,0.875,41.2944287278,0,71.9106770276
2015-04-07,8.9291479083,0.875,43.5885636571,0,75.2553596801
2015-04-08,8.9291479083,0.875,43.5885636571,0,71.9106770276
2015-04-09,10.4173392263,1.75,43.5885636571,0,71.9106770276
2015-04-10,8.9291479083,0.875,39.0002937985,0,66.893653049
2015-04-11,8.9291479083,0.875,36.7061588692,0,76.9277010063
2015-04-12,14.8819131805,0.875,43.5885636571,0,73.5830183539
2015-04-13,10.4173392263,0.875,50.4709684451,0,66.893653049
2015-04-14,11.9055305444,0.875,48.1768335158,0,70.2383357014
2015-04-15,10.4173392263,0.875,48.1768335158,0,71.9106770276
2015-04-16,8.9291479083,0.875,43.5885636571,0,73.5830183539
2015-04-17,8.9291479083,0.875,43.5885636571,0,71.9106770276
2015-04-18,7.44095659025,1.75,39.0002937985,0,78.6000423325
2015-04-19,14.8819131805,0.875,41.2944287278,0,75.2553596801
2015-04-20,10.4173392263,0.875,43.5885636571,0,76.9277010063
2015-04-21,10.4173392263,0.875,45.8826985864,0,76.9277010063
2015-04-22,10.4173392263,0.875,41.2944287278,0,85.2894076374
2015-04-23,8.9291479083,0.875,41.2944287278,0,78.6000423325
2015-04-24,7.44095659025,0.875,41.2944287278,0,73.5830183539
2015-04-25,8.9291479083,0.875,34.4120239398,0,75.2553596801
2015-04-26,13.3937218624,1.75,39.0002937985,0,80.2723836588
2015-04-27,10.4173392263,0.875,39.0002937985,0,81.944724985
2015-04-28,8.9291479083,0.875,43.5885636571,0,81.944724985
2015-04-29,8.9291479083,1.75,41.2944287278,0,85.2894076374
2015-04-30,8.9291479083,0.875,43.5885636571,0,85.2894076374
2015-05-01,7.44095659025,0.875,39.0002937985,0,81.944724985
2015-05-02,7.44095659025,1.75,34.4120239398,0,86.9617489637
2015-05-03,11.9055305444,0.875,34.4120239398,0,83.6170663112
2015-05-04,8.9291479083,0.875,41.2944287278,0,88.6340902899
2015-05-05,8.9291479083,0.875,43.5885636571,0,100.340479573
2015-05-06,10.4173392263,1.75,41.2944287278,0,107.029844878
2015-05-07,8.9291479083,0.875,43.5885636571,0,110.374527531
2015-05-08,7.44095659025,1.75,39.0002937985,0,112.046868857
2015-05-09,7.44095659025,0.875,36.7061588692,0,117.063892836
2015-05-10,10.4173392263,0.875,36.7061588692,0,112.046868857
2015-05-11,8.9291479083,0.875,41.2944287278,0,81.944724985
2015-05-12,10.4173392263,0.875,43.5885636571,0,78.6000423325
2015-05-13,8.9291479083,0.875,41.2944287278,0,78.6000423325
2015-05-14,8.9291479083,0.875,43.5885636571,0,81.944724985
2015-05-15,8.9291479083,1.75,39.0002937985,0,83.6170663112
2015-05-16,7.44095659025,0.875,36.7061588692,0,85.2894076374
2015-05-17,11.9055305444,0.875,41.2944287278,0,78.6000423325
2015-05-18,8.9291479083,0.875,45.8826985864,0,76.9277010063
2015-05-19,8.9291479083,0.875,43.5885636571,0,81.944724985
2015-05-20,10.4173392263,0.875,43.5885636571,0,83.6170663112
2015-05-21,8.9291479083,0.875,39.0002937985,0,83.6170663112
2015-05-22,7.44095659025,0.875,39.0002937985,0,78.6000423325
2015-05-23,5.9527652722,0.875,36.7061588692,0,78.6000423325
2015-05-24,10.4173392263,0.875,39.0002937985,0,78.6000423325
2015-05-25,5.9527652722,0.875,39.0002937985,0,81.944724985
2015-05-26,8.9291479083,0.875,41.2944287278,0,81.944724985
2015-05-27,8.9291479083,1.75,41.2944287278,0,81.944724985
2015-05-28,10.4173392263,0.875,45.8826985864,0,78.6000423325
2015-05-29,8.9291479083,0.875,41.2944287278,0,80.2723836588
2015-05-30,7.44095659025,1.75,39.0002937985,0,85.2894076374
2015-05-31,13.3937218624,0.875,41.2944287278,0,85.2894076374
2015-06-01,8.9291479083,0.875,41.2944287278,0,83.6170663112
2015-06-02,10.4173392263,0.875,41.2944287278,0,90.3064316161
2015-06-03,10.4173392263,0.875,39.0002937985,0,80.2723836588
2015-06-04,8.9291479083,1.75,39.0002937985,0,83.6170663112
2015-06-05,7.44095659025,0.875,39.0002937985,0,81.944724985
2015-06-06,8.9291479083,1.75,36.7061588692,0,80.2723836588
2015-06-07,13.3937218624,0.875,39.0002937985,0,86.9617489637
2015-06-08,8.9291479083,0.875,36.7061588692,0,81.944724985
2015-06-09,7.44095659025,0.875,41.2944287278,0,85.2894076374
2015-06-10,8.9291479083,0.875,41.2944287278,0,85.2894076374
2015-06-11,8.9291479083,0.875,41.2944287278,0,90.3064316161
2015-06-12,10.4173392263,0.875,36.7061588692,0,90.3064316161
2015-06-13,8.9291479083,0.875,34.4120239398,0,96.995796921
2015-06-14,13.3937218624,0.875,41.2944287278,0,85.2894076374
2015-06-15,8.9291479083,0.875,39.0002937985,0,86.9617489637
2015-06-16,8.9291479083,0.875,39.0002937985,0,90.3064316161
2015-06-17,8.9291479083,0.875,43.5885636571,0,95.3234555948
2015-06-18,8.9291479083,0.875,41.2944287278,0,95.3234555948
2015-06-19,8.9291479083,0.875,39.0002937985,0,98.6681382472
2015-06-20,5.9527652722,0.875,34.4120239398,0,103.685162226
2015-06-21,11.9055305444,0.875,36.7061588692,0,105.357503552
2015-06-22,10.4173392263,0.875,39.0002937985,0,75.2553596801
2015-06-23,8.9291479083,0.875,39.0002937985,0,71.9106770276
2015-06-24,8.9291479083,0.875,43.5885636571,0,76.9277010063
2015-06-25,8.9291479083,0.875,41.2944287278,0,78.6000423325
2015-06-26,8.9291479083,0.875,36.7061588692,0,76.9277010063
2015-06-27,7.44095659025,0.875,36.7061588692,0,81.944724985
2015-06-28,13.3937218624,0.875,39.0002937985,0,80.2723836588
2015-06-29,10.4173392263,0.875,39.0002937985,0,75.2553596801
2015-06-30,8.9291479083,0.875,41.2944287278,0,80.2723836588
2015-07-01,10.4173392263,0.875,39.0002937985,0,75.2553596801
2015-07-02,8.9291479083,0.875,41.2944287278,0,76.9277010063
2015-07-03,5.9527652722,0.875,36.7061588692,0,75.2553596801
2015-07-04,7.44095659025,0.875,39.0002937985,0,68.5659943752
2015-07-05,11.9055305444,0.875,45.8826985864,0,75.2553596801
2015-07-06,10.4173392263,0.875,41.2944287278,0,73.5830183539
2015-07-07,10.4173392263,0.875,41.2944287278,0,80.2723836588
2015-07-08,8.9291479083,0.875,39.0002937985,0,80.2723836588
2015-07-09,10.4173392263,0.875,41.2944287278,0,80.2723836588
2015-07-10,8.9291479083,0.875,39.0002937985,0,78.6000423325
2015-07-11,8.9291479083,0.875,39.0002937985,0,76.9277010063
2015-07-12,13.3937218624,0.875,36.7061588692,0,75.2553596801
2015-07-13,10.4173392263,0.875,41.2944287278,0,83.6170663112
2015-07-14,10.4173392263,0.875,41.2944287278,0,83.6170663112
2015-07-15,10.4173392263,0.875,39.0002937985,0,102.0128209
2015-07-16,10.4173392263,0.875,36.7061588692,0,85.2894076374
2015-07-17,8.9291479083,0.875,39.0002937985,0,83.6170663112
2015-07-18,10.4173392263,0.875,32.1178890105,0,83.6170663112
2015-07-19,14.8819131805,0.875,36.7061588692,0,78.6000423325
2015-07-20,10.4173392263,0.875,41.2944287278,0,76.9277010063
2015-07-21,10.4173392263,0.875,39.0002937985,0,83.6170663112
2015-07-22,11.9055305444,0.875,43.5885636571,0,81.944724985
2015-07-23,8.9291479083,1.75,36.7061588692,0,83.6170663112
2015-07-24,8.9291479083,0.875,39.0002937985,0,83.6170663112
2015-07-25,7.44095659025,0.875,39.0002937985,0,80.2723836588
2015-07-26,13.3937218624,0.875,36.7061588692,0,83.6170663112
2015-07-27,10.4173392263,0.875,39.0002937985,0,83.6170663112
2015-07-28,10.4173392263,0.875,41.2944287278,0,90.3064316161
2015-07-29,10.4173392263,0.875,39.0002937985,0,81.944724985
2015-07-30,10.4173392263,0.875,36.7061588692,0,81.944724985
2015-07-31,7.44095659025,0.875,36.7061588692,0,81.944724985
2015-08-01,7.44095659025,0.875,36.7061588692,0,86.9617489637
2015-08-02,13.3937218624,0.875,36.7061588692,0,86.9617489637
2015-08-03,10.4173392263,0.875,39.0002937985,0,85.2894076374
2015-08-04,10.4173392263,0.875,36.7061588692,0,88.6340902899
2015-08-05,8.9291479083,0.875,39.0002937985,0,95.3234555948
2015-08-06,10.4173392263,0.875,39.0002937985,0,105.357503552
2015-08-07,8.9291479083,0.875,36.7061588692,0,145.493695382
2015-08-08,7.44095659025,0.875,36.7061588692,0,167.234132622
2015-08-09,14.8819131805,0.875,39.0002937985,0,145.493695382
2015-08-10,11.9055305444,0.875,41.2944287278,0,117.063892836
2015-08-11,11.9055305444,0.875,39.0002937985,0,110.374527531
2015-08-12,10.4173392263,1.75,41.2944287278,0,103.685162226
2015-08-13,10.4173392263,0.875,36.7061588692,0,98.6681382472
2015-08-14,8.9291479083,0.875,34.4120239398,0,108.702186205
2015-08-15,7.44095659025,0.875,32.1178890105,0,123.753258141
2015-08-16,13.3937218624,0.875,39.0002937985,0,120.408575488
2015-08-17,10.4173392263,0.875,41.2944287278,0,102.0128209
2015-08-18,11.9055305444,0.875,39.0002937985,0,100.340479573
2015-08-19,11.9055305444,0.875,39.0002937985,0,93.6511142686
2015-08-20,8.9291479083,1.75,39.0002937985,0,88.6340902899
2015-08-21,8.9291479083,0.875,36.7061588692,0,105.357503552
2015-08-22,8.9291479083,0.875,39.0002937985,0,113.719210183
2015-08-23,13.3937218624,0.875,34.4120239398,0,108.702186205
2015-08-24,10.4173392263,0.875,39.0002937985,0,86.9617489637
2015-08-25,11.9055305444,1.75,39.0002937985,0,85.2894076374
2015-08-26,10.4173392263,0.875,39.0002937985,0,83.6170663112
2015-08-27,10.4173392263,0.875,39.0002937985,0,85.2894076374
2015-08-28,10.4173392263,0.875,34.4120239398,0,90.3064316161
2015-08-29,7.44095659025,0.875,34.4120239398,0,107.029844878
2015-08-30,13.3937218624,0.875,36.7061588692,0,98.6681382472
2015-08-31,10.4173392263,0.875,36.7061588692,0,81.944724985
2015-09-01,10.4173392263,0.875,39.0002937985,0,81.944724985
2015-09-02,10.4173392263,0.875,41.2944287278,0,83.6170663112
2015-09-03,11.9055305444,0.875,36.7061588692,0,80.2723836588
2015-09-04,8.9291479083,0.875,36.7061588692,0,86.9617489637
2015-09-05,7.44095659025,0.875,36.7061588692,0,96.995796921
2015-09-06,11.9055305444,0.875,36.7061588692,0,95.3234555948
2015-09-07,7.44095659025,0.875,36.7061588692,0,95.3234555948
2015-09-08,8.9291479083,0.875,36.7061588692,0,78.6000423325
2015-09-09,10.4173392263,0.875,41.2944287278,0,78.6000423325
2015-09-10,10.4173392263,0.875,41.2944287278,0,83.6170663112
2015-09-11,10.4173392263,0.875,39.0002937985,0,80.2723836588
2015-09-12,8.9291479083,0.875,34.4120239398,0,96.995796921
2015-09-13,13.3937218624,0.875,36.7061588692,0,85.2894076374
2015-09-14,11.9055305444,0.875,39.0002937985,0,80.2723836588
2015-09-15,10.4173392263,0.875,41.2944287278,0,83.6170663112
2015-09-16,11.9055305444,0.875,41.2944287278,0,76.9277010063
2015-09-17,10.4173392263,0.875,39.0002937985,0,75.2553596801
2015-09-18,10.4173392263,0.875,36.7061588692,0,80.2723836588
2015-09-19,8.9291479083,1.75,32.1178890105,0,85.2894076374
2015-09-20,13.3937218624,0.875,36.7061588692,0,78.6000423325
2015-09-21,10.4173392263,1.75,39.0002937985,0,78.6000423325
2015-09-22,10.4173392263,0.875,41.2944287278,0,80.2723836588
2015-09-23,11.9055305444,0.875,39.0002937985,0,78.6000423325
2015-09-24,10.4173392263,0.875,39.0002937985,0,75.2553596801
2015-09-25,8.9291479083,0.875,39.0002937985,0,80.2723836588
2015-09-26,8.9291479083,0.875,32.1178890105,0,88.6340902899
2015-09-27,14.8819131805,0.875,39.0002937985,0,80.2723836588
2015-09-28,11.9055305444,0.875,39.0002937985,0,75.2553596801
2015-09-29,10.4173392263,0.875,41.2944287278,0,78.6000423325
2015-09-30,11.9055305444,0.875,41.2944287278,0,78.6000423325
2015-10-01,10.4173392263,0.875,34.4120239398,0,76.9277010063
2015-10-02,8.9291479083,0.875,34.4120239398,0,85.2894076374
2015-10-03,7.44095659025,0.875,32.1178890105,0,83.6170663112
2015-10-04,13.3937218624,0.875,34.4120239398,0,81.944724985
2015-10-05,11.9055305444,0.875,39.0002937985,0,80.2723836588
2015-10-06,11.9055305444,0.875,41.2944287278,0,81.944724985
2015-10-07,13.3937218624,0.875,36.7061588692,0,83.6170663112
2015-10-08,11.9055305444,1.75,39.0002937985,0,85.2894076374
2015-10-09,8.9291479083,0.875,34.4120239398,0,81.944724985
2015-10-10,8.9291479083,1.75,34.4120239398,0,88.6340902899
2015-10-11,13.3937218624,0.875,32.1178890105,0,81.944724985
2015-10-12,11.9055305444,0.875,39.0002937985,0,81.944724985
2015-10-13,10.4173392263,0.875,39.0002937985,0,85.2894076374
2015-10-14,10.4173392263,0.875,41.2944287278,0,78.6000423325
2015-10-15,10.4173392263,0.875,41.2944287278,0,81.944724985
2015-10-16,8.9291479083,0.875,36.7061588692,0,83.6170663112
2015-10-17,8.9291479083,0.875,32.1178890105,0,83.6170663112
2015-10-18,14.8819131805,0.875,39.0002937985,0,85.2894076374
2015-10-19,8.9291479083,0.875,36.7061588692,0,78.6000423325
2015-10-20,10.4173392263,0.875,39.0002937985,0,81.944724985
2015-10-21,10.4173392263,0.875,39.0002937985,0,81.944724985
2015-10-22,8.9291479083,0.875,39.0002937985,0,75.2553596801
2015-10-23,10.4173392263,0.875,36.7061588692,0,80.2723836588
2015-10-24,8.9291479083,0.875,32.1178890105,0,83.6170663112
2015-10-25,14.8819131805,0.875,34.4120239398,0,91.9787729423
2015-10-26,11.9055305444,0.875,39.0002937985,0,88.6340902899
2015-10-27,10.4173392263,0.875,43.5885636571,0,88.6340902899
2015-10-28,10.4173392263,1.75,39.0002937985,0,83.6170663112
2015-10-29,10.4173392263,0.875,39.0002937985,0,81.944724985
2015-10-30,8.9291479083,0.875,34.4120239398,0,85.2894076374
2015-10-31,8.9291479083,0.875,32.1178890105,0,91.9787729423
2015-11-01,11.9055305444,0.875,50.4709684451,0,102.0128209
2015-11-02,10.4173392263,1.75,39.0002937985,0,96.995796921
2015-11-03,10.4173392263,0.875,36.7061588692,0,98.6681382472
2015-11-04,10.4173392263,0.875,43.5885636571,0,102.0128209
2015-11-05,10.4173392263,0.875,39.0002937985,0,98.6681382472
2015-11-06,8.9291479083,0.875,39.0002937985,0,105.357503552
2015-11-07,8.9291479083,0.875,32.1178890105,0,125.425599467
2015-11-08,13.3937218624,0.875,34.4120239398,0,123.753258141
2015-11-09,10.4173392263,0.875,39.0002937985,0,113.719210183
2015-11-10,8.9291479083,0.875,39.0002937985,0,108.702186205
2015-11-11,8.9291479083,0.875,39.0002937985,0,113.719210183
2015-11-12,8.9291479083,0.875,39.0002937985,0,110.374527531
2015-11-13,6.54494140084,1.0,36.2162654728,0,105.473366686
2015-11-14,6.54494140084,0.0,31.0425132624,0,120.540990498
2015-11-15,9.81741210126,1.0,31.0425132624,0,124.307896451
2015-11-16,9.81741210126,1.0,36.2162654728,0,116.774084545
2015-11-17,9.81741210126,1.0,41.3900176832,0,120.540990498
2015-11-18,9.81741210126,1.0,41.3900176832,0,120.540990498
2015-11-19,9.81741210126,0.0,41.3900176832,0,120.540990498
2015-11-20,9.81741210126,0.0,36.2162654728,0,124.307896451
2015-11-21,9.81741210126,1.0,31.0425132624,0,139.375520264
2015-11-22,9.81741210126,1.0,36.2162654728,0,146.90933217
2015-11-23,9.81741210126,1.0,36.2162654728,0,146.90933217
2015-11-24,6.54494140084,1.0,36.2162654728,0,146.90933217
2015-11-25,6.54494140084,1.0,31.0425132624,0,143.142426217
2015-11-26,3.27247070042,0.0,25.868761052,0,128.074802404
2015-11-27,6.54494140084,1.0,25.868761052,0,192.112203606
2015-11-28,6.54494140084,1.0,31.0425132624,0,184.5783917
2015-11-29,9.81741210126,1.0,31.0425132624,0,180.811485747
2015-11-30,9.81741210126,1.0,36.2162654728,0,199.646015513
2015-12-01,9.81741210126,1.0,41.3900176832,0,207.179827419
2015-12-02,13.0898828017,1.0,41.3900176832,0,195.87910956
2015-12-03,9.81741210126,1.0,41.3900176832,0,192.112203606
2015-12-04,9.81741210126,1.0,36.2162654728,0,199.646015513
2015-12-05,9.81741210126,0.0,31.0425132624,0,226.014357184
2015-12-06,13.0898828017,1.0,36.2162654728,0,237.315075043
2015-12-07,9.81741210126,0.0,41.3900176832,0,237.315075043
2015-12-08,9.81741210126,1.0,41.3900176832,0,233.54816909
2015-12-09,9.81741210126,1.0,41.3900176832,0,241.081980996
2015-12-10,9.81741210126,1.0,41.3900176832,0,248.615792903
2015-12-11,9.81741210126,0.0,36.2162654728,0,252.382698856
2015-12-12,6.54494140084,1.0,31.0425132624,0,290.051758386
2015-12-13,13.0898828017,1.0,36.2162654728,0,286.284852433
2015-12-14,9.81741210126,1.0,36.2162654728,0,290.051758386
2015-12-15,9.81741210126,1.0,41.3900176832,0,308.886288152
2015-12-16,9.81741210126,1.0,36.2162654728,0,320.187006011
2015-12-17,9.81741210126,0.0,36.2162654728,0,331.48772387
2015-12-18,9.81741210126,0.0,31.0425132624,0,327.720817917
2015-12-19,9.81741210126,1.0,25.868761052,0,357.856065542
2015-12-20,9.81741210126,1.0,31.0425132624,0,339.021535776
2015-12-21,9.81741210126,1.0,36.2162654728,0,365.389877448
2015-12-22,9.81741210126,1.0,36.2162654728,0,369.156783401
2015-12-23,9.81741210126,0.0,36.2162654728,0,376.690595307
2015-12-24,9.81741210126,0.0,31.0425132624,0,372.923689354
2015-12-25,6.54494140084,0.0,25.868761052,0,335.254629823
2015-12-26,6.54494140084,0.0,31.0425132624,0,263.683416715
2015-12-27,9.81741210126,1.0,31.0425132624,0,195.87910956
2015-12-28,6.54494140084,1.0,36.2162654728,0,173.277673841
2015-12-29,9.81741210126,1.0,41.3900176832,0,158.210050029
2015-12-30,6.54494140084,1.0,36.2162654728,0,154.443144076
2015-12-31,9.81741210126,0.0,36.2162654728,0,139.375520264
2016-01-01,6.54494140084,0.0,31.0425132624,0,120.540990498
2016-01-02,6.54494140084,1.0,36.2162654728,0,139.375520264
2016-01-03,13.0898828017,1.0,41.3900176832,0,128.074802404
2016-01-04,9.81741210126,1.0,41.3900176832,0,109.240272639
2016-01-05,9.81741210126,1.0,41.3900176832,0,97.9395547798
2016-01-06,9.81741210126,1.0,41.3900176832,0,97.9395547798
2016-01-07,9.81741210126,1.0,41.3900176832,0,90.4057428736
2016-01-08,9.81741210126,0.0,36.2162654728,0,94.1726488267
2016-01-09,9.81741210126,1.0,36.2162654728,0,101.706460733
2016-01-10,13.0898828017,1.0,36.2162654728,0,97.9395547798
2016-01-11,9.81741210126,1.0,36.2162654728,0,86.6388369206
2016-01-12,9.81741210126,0.0,36.2162654728,0,86.6388369206
2016-01-13,9.81741210126,1.0,46.5637698936,0,86.6388369206
2016-01-14,9.81741210126,1.0,36.2162654728,0,79.1050250144
2016-01-15,9.81741210126,0.0,41.3900176832,0,82.8719309675
2016-01-16,6.54494140084,1.0,36.2162654728,0,97.9395547798
2016-01-17,9.81741210126,1.0,36.2162654728,0,94.1726488267
2016-01-18,9.81741210126,0.0,41.3900176832,0,94.1726488267
2016-01-19,9.81741210126,1.0,41.3900176832,0,82.8719309675
2016-01-20,9.81741210126,1.0,46.5637698936,0,82.8719309675
2016-01-21,9.81741210126,0.0,46.5637698936,0,79.1050250144
2016-01-22,9.81741210126,1.0,41.3900176832,0,79.1050250144
2016-01-23,9.81741210126,0.0,36.2162654728,0,82.8719309675
2016-01-24,16.3623535021,0.0,41.3900176832,0,82.8719309675
2016-01-25,9.81741210126,1.0,41.3900176832,0,79.1050250144
2016-01-26,9.81741210126,1.0,46.5637698936,0,79.1050250144
2016-01-27,9.81741210126,1.0,46.5637698936,0,82.8719309675
2016-01-28,9.81741210126,1.0,46.5637698936,0,82.8719309675
2016-01-29,9.81741210126,1.0,41.3900176832,0,79.1050250144
2016-01-30,6.54494140084,1.0,36.2162654728,0,90.4057428736
2016-01-31,13.0898828017,1.0,41.3900176832,0,90.4057428736
2016-02-01,9.81741210126,1.0,41.3900176832,0,86.6388369206
2016-02-02,9.81741210126,1.0,46.5637698936,0,86.6388369206
2016-02-03,9.81741210126,1.0,51.737522104,0,90.4057428736
2016-02-04,9.81741210126,1.0,46.5637698936,0,90.4057428736
2016-02-05,9.81741210126,1.0,41.3900176832,0,86.6388369206
2016-02-06,9.81741210126,1.0,36.2162654728,0,101.706460733
2016-02-07,9.81741210126,1.0,36.2162654728,0,97.9395547798
2016-02-08,9.81741210126,1.0,41.3900176832,0,82.8719309675
2016-02-09,9.81741210126,1.0,41.3900176832,0,94.1726488267
2016-02-10,9.81741210126,0.0,41.3900176832,0,97.9395547798
2016-02-11,9.81741210126,0.0,41.3900176832,0,101.706460733
2016-02-12,6.54494140084,1.0,36.2162654728,0,113.007178592
2016-02-13,6.54494140084,1.0,36.2162654728,0,116.774084545
2016-02-14,9.81741210126,1.0,36.2162654728,0,120.540990498
2016-02-15,9.81741210126,0.0,36.2162654728,0,86.6388369206
2016-02-16,9.81741210126,0.0,46.5637698936,0,79.1050250144
2016-02-17,9.81741210126,1.0,46.5637698936,0,75.3381190614
2016-02-18,9.81741210126,1.0,46.5637698936,0,75.3381190614
2016-02-19,9.81741210126,1.0,41.3900176832,0,71.5712131083
2016-02-20,6.54494140084,1.0,41.3900176832,0,82.8719309675
2016-02-21,13.0898828017,1.0,41.3900176832,0,82.8719309675
2016-02-22,9.81741210126,1.0,46.5637698936,0,75.3381190614
2016-02-23,9.81741210126,1.0,46.5637698936,0,67.8043071552
2016-02-24,9.81741210126,1.0,46.5637698936,0,71.5712131083
2016-02-25,9.81741210126,0.0,46.5637698936,0,75.3381190614
2016-02-26,6.54494140084,1.0,41.3900176832,0,71.5712131083
2016-02-27,6.54494140084,1.0,41.3900176832,0,82.8719309675
2016-02-28,13.0898828017,0.0,41.3900176832,0,79.1050250144
2016-02-29,9.81741210126,1.0,46.5637698936,0,71.5712131083
2016-03-01,9.81741210126,1.0,46.5637698936,0,67.8043071552
2016-03-02,9.81741210126,0.0,46.5637698936,0,71.5712131083
2016-03-03,9.81741210126,1.0,46.5637698936,0,71.5712131083
2016-03-04,9.81741210126,1.0,41.3900176832,0,75.3381190614
2016-03-05,9.81741210126,0.0,36.2162654728,0,79.1050250144
2016-03-06,13.0898828017,0.0,36.2162654728,0,82.8719309675
2016-03-07,9.81741210126,1.0,46.5637698936,0,79.1050250144
2016-03-08,9.81741210126,0.0,46.5637698936,0,75.3381190614
2016-03-09,9.81741210126,1.0,46.5637698936,0,71.5712131083
2016-03-10,6.54494140084,0.0,51.737522104,0,71.5712131083
2016-03-11,9.81741210126,1.0,41.3900176832,0,75.3381190614
2016-03-12,6.54494140084,1.0,36.2162654728,0,82.8719309675
2016-03-13,13.0898828017,0.0,46.5637698936,0,82.8719309675
2016-03-14,9.81741210126,0.0,46.5637698936,0,75.3381190614
2016-03-15,9.81741210126,1.0,46.5637698936,0,75.3381190614
2016-03-16,9.81741210126,0.0,41.3900176832,0,71.5712131083
2016-03-17,9.81741210126,1.0,41.3900176832,0,71.5712131083
2016-03-18,6.54494140084,0.0,41.3900176832,0,75.3381190614
2016-03-19,9.81741210126,1.0,36.2162654728,0,79.1050250144
2016-03-20,13.0898828017,1.0,41.3900176832,0,79.1050250144
2016-03-21,9.81741210126,0.0,41.3900176832,0,75.3381190614
2016-03-22,9.81741210126,0.0,46.5637698936,0,79.1050250144
2016-03-23,9.81741210126,1.0,41.3900176832,0,75.3381190614
2016-03-24,9.81741210126,0.0,41.3900176832,0,75.3381190614
2016-03-25,9.81741210126,1.0,36.2162654728,0,82.8719309675
2016-03-26,13.0898828017,1.0,36.2162654728,0,75.3381190614
2016-03-27,19.6348242025,0.0,36.2162654728,0,79.1050250144
2016-03-28,9.81741210126,1.0,41.3900176832,0,75.3381190614
2016-03-29,9.81741210126,0.0,46.5637698936,0,79.1050250144
2016-03-30,9.81741210126,1.0,46.5637698936,0,79.1050250144
2016-03-31,9.81741210126,0.0,46.5637698936,0,75.3381190614
2016-04-01,9.81741210126,0.0,41.3900176832,0,75.3381190614
2016-04-02,6.54494140084,1.0,41.3900176832,0,86.6388369206
2016-04-03,13.0898828017,1.0,41.3900176832,0,90.4057428736
2016-04-04,9.81741210126,1.0,46.5637698936,0,75.3381190614
2016-04-05,9.81741210126,0.0,46.5637698936,0,75.3381190614
2016-04-06,9.81741210126,0.0,46.5637698936,0,79.1050250144
2016-04-07,9.81741210126,0.0,41.3900176832,0,75.3381190614
2016-04-08,9.81741210126,0.0,41.3900176832,0,79.1050250144
2016-04-09,6.54494140084,0.0,36.2162654728,0,86.6388369206
2016-04-10,13.0898828017,1.0,41.3900176832,0,86.6388369206
2016-04-11,9.81741210126,0.0,46.5637698936,0,79.1050250144
2016-04-12,9.81741210126,0.0,46.5637698936,0,86.6388369206
2016-04-13,9.81741210126,1.0,46.5637698936,0,82.8719309675
2016-04-14,9.81741210126,0.0,46.5637698936,0,79.1050250144
2016-04-15,6.54494140084,1.0,41.3900176832,0,82.8719309675
2016-04-16,6.54494140084,1.0,41.3900176832,0,86.6388369206
2016-04-17,13.0898828017,1.0,41.3900176832,0,82.8719309675
2016-04-18,9.81741210126,1.0,46.5637698936,0,82.8719309675
2016-04-19,9.81741210126,1.0,46.5637698936,0,79.1050250144
2016-04-20,9.81741210126,1.0,46.5637698936,0,79.1050250144
2016-04-21,9.81741210126,0.0,41.3900176832,0,79.1050250144
2016-04-22,9.81741210126,1.0,41.3900176832,0,82.8719309675
2016-04-23,6.54494140084,1.0,36.2162654728,0,90.4057428736
2016-04-24,13.0898828017,1.0,41.3900176832,0,86.6388369206
2016-04-25,9.81741210126,1.0,46.5637698936,0,90.4057428736
2016-04-26,9.81741210126,0.0,46.5637698936,0,86.6388369206
2016-04-27,9.81741210126,0.0,41.3900176832,0,94.1726488267
2016-04-28,9.81741210126,1.0,41.3900176832,0,94.1726488267
2016-04-29,9.81741210126,0.0,41.3900176832,0,94.1726488267
2016-04-30,6.54494140084,1.0,36.2162654728,0,101.706460733
2016-05-01,9.81741210126,0.0,36.2162654728,0,109.240272639
2016-05-02,9.81741210126,0.0,41.3900176832,0,109.240272639
2016-05-03,9.81741210126,1.0,46.5637698936,0,120.540990498
2016-05-04,9.81741210126,1.0,46.5637698936,0,124.307896451
2016-05-05,6.54494140084,0.0,41.3900176832,0,124.307896451
2016-05-06,6.54494140084,1.0,36.2162654728,0,128.074802404
2016-05-07,6.54494140084,0.0,36.2162654728,0,139.375520264
2016-05-08,9.81741210126,0.0,36.2162654728,0,131.841708357
2016-05-09,6.54494140084,0.0,41.3900176832,0,94.1726488267
2016-05-10,6.54494140084,0.0,41.3900176832,0,90.4057428736
2016-05-11,9.81741210126,0.0,46.5637698936,0,86.6388369206
2016-05-12,9.81741210126,0.0,41.3900176832,0,86.6388369206
2016-05-13,6.54494140084,0.0,41.3900176832,0,86.6388369206
2016-05-14,6.54494140084,0.0,36.2162654728,0,94.1726488267
2016-05-15,9.81741210126,1.0,36.2162654728,0,90.4057428736
2016-05-16,9.81741210126,1.0,41.3900176832,0,86.6388369206
2016-05-17,9.81741210126,0.0,41.3900176832,0,90.4057428736
2016-05-18,6.54494140084,0.0,46.5637698936,0,86.6388369206
2016-05-19,6.54494140084,1.0,41.3900176832,0,90.4057428736
2016-05-20,6.54494140084,0.0,36.2162654728,0,86.6388369206
2016-05-21,6.54494140084,1.0,31.0425132624,0,97.9395547798
2016-05-22,13.0898828017,0.0,36.2162654728,0,90.4057428736
2016-05-23,9.81741210126,1.0,41.3900176832,0,86.6388369206
2016-05-24,6.54494140084,0.0,46.5637698936,0,86.6388369206
2016-05-25,6.54494140084,0.0,41.3900176832,0,86.6388369206
2016-05-26,6.54494140084,0.0,41.3900176832,0,86.6388369206
2016-05-27,6.54494140084,0.0,36.2162654728,0,86.6388369206
2016-05-28,6.54494140084,0.0,36.2162654728,0,86.6388369206
2016-05-29,13.0898828017,1.0,36.2162654728,0,86.6388369206
2016-05-30,6.54494140084,1.0,41.3900176832,0,79.1050250144
2016-05-31,9.81741210126,0.0,41.3900176832,0,86.6388369206
2016-06-01,6.54494140084,0.0,41.3900176832,0,86.6388369206
2016-06-02,9.81741210126,0.0,41.3900176832,0,94.1726488267
2016-06-03,6.54494140084,0.0,41.3900176832,0,90.4057428736
2016-06-04,6.54494140084,1.0,36.2162654728,0,94.1726488267
2016-06-05,9.81741210126,0.0,36.2162654728,0,94.1726488267
2016-06-06,9.81741210126,0.0,36.2162654728,0,90.4057428736
2016-06-07,6.54494140084,0.0,41.3900176832,0,90.4057428736
2016-06-08,6.54494140084,0.0,41.3900176832,0,94.1726488267
2016-06-09,6.54494140084,1.0,41.3900176832,0,97.9395547798
2016-06-10,6.54494140084,0.0,36.2162654728,0,94.1726488267
2016-06-11,6.54494140084,1.0,36.2162654728,0,94.1726488267
2016-06-12,13.0898828017,0.0,36.2162654728,0,90.4057428736
2016-06-13,6.54494140084,0.0,36.2162654728,0,94.1726488267
2016-06-14,9.81741210126,0.0,36.2162654728,0,101.706460733
2016-06-15,9.81741210126,0.0,36.2162654728,0,101.706460733
2016-06-16,6.54494140084,0.0,36.2162654728,0,105.473366686
2016-06-17,6.54494140084,1.0,36.2162654728,0,113.007178592
2016-06-18,6.54494140084,1.0,36.2162654728,0,124.307896451
2016-06-19,9.81741210126,0.0,36.2162654728,0,128.074802404
2016-06-20,6.54494140084,0.0,36.2162654728,0,86.6388369206
2016-06-21,6.54494140084,0.0,41.3900176832,0,86.6388369206
2016-06-22,6.54494140084,1.0,41.3900176832,0,82.8719309675
2016-06-23,9.81741210126,0.0,41.3900176832,0,82.8719309675
2016-06-24,6.54494140084,0.0,36.2162654728,0,82.8719309675
2016-06-25,6.54494140084,0.0,31.0425132624,0,86.6388369206
2016-06-26,9.81741210126,0.0,36.2162654728,0,82.8719309675
2016-06-27,9.81741210126,0.0,36.2162654728,0,79.1050250144
2016-06-28,9.81741210126,0.0,36.2162654728,0,86.6388369206
2016-06-29,6.54494140084,0.0,41.3900176832,0,82.8719309675
2016-06-30,6.54494140084,0.0,36.2162654728,0,86.6388369206
2016-07-01,6.54494140084,1.0,36.2162654728,0,79.1050250144
2016-07-02,6.54494140084,1.0,31.0425132624,0,79.1050250144
2016-07-03,13.0898828017,1.0,31.0425132624,0,75.3381190614
2016-07-04,6.54494140084,0.0,36.2162654728,0,71.5712131083
2016-07-05,9.81741210126,0.0,36.2162654728,0,79.1050250144
2016-07-06,6.54494140084,1.0,36.2162654728,0,82.8719309675
2016-07-07,9.81741210126,1.0,41.3900176832,0,82.8719309675
2016-07-08,9.81741210126,1.0,36.2162654728,0,82.8719309675
2016-07-09,6.54494140084,0.0,36.2162654728,0,82.8719309675
2016-07-10,13.0898828017,0.0,36.2162654728,0,82.8719309675
2016-07-11,9.81741210126,0.0,41.3900176832,0,79.1050250144
2016-07-12,9.81741210126,1.0,41.3900176832,0,86.6388369206
2016-07-13,9.81741210126,1.0,41.3900176832,0,82.8719309675
2016-07-14,6.54494140084,0.0,36.2162654728,0,75.3381190614
2016-07-15,6.54494140084,0.0,41.3900176832,0,79.1050250144
2016-07-16,6.54494140084,1.0,36.2162654728,0,79.1050250144
2016-07-17,9.81741210126,0.0,36.2162654728,0,82.8719309675
2016-07-18,9.81741210126,0.0,41.3900176832,0,82.8719309675
2016-07-19,9.81741210126,0.0,41.3900176832,0,75.3381190614
2016-07-20,9.81741210126,1.0,41.3900176832,0,79.1050250144
2016-07-21,6.54494140084,0.0,41.3900176832,0,79.1050250144
2016-07-22,6.54494140084,0.0,36.2162654728,0,75.3381190614
2016-07-23,6.54494140084,1.0,41.3900176832,0,79.1050250144
2016-07-24,10.6355297764,0.0,37.9947427951,0,81.1536180665
2016-07-25,7.09035318424,0.0,43.4225631944,0,81.1536180665
2016-07-26,7.09035318424,0.0,43.4225631944,0,81.1536180665
2016-07-27,7.09035318424,0.0,37.9947427951,0,77.2891600634
2016-07-28,7.09035318424,0.0,37.9947427951,0,81.1536180665
2016-07-29,10.6355297764,0.0,37.9947427951,0,81.1536180665
2016-07-30,7.09035318424,0.0,37.9947427951,0,81.1536180665
2016-07-31,14.1807063685,0.0,37.9947427951,0,81.1536180665
2016-08-01,7.09035318424,0.0,37.9947427951,0,85.0180760697
2016-08-02,7.09035318424,0.0,43.4225631944,0,85.0180760697
2016-08-03,7.09035318424,0.0,43.4225631944,0,85.0180760697
2016-08-04,7.09035318424,0.0,37.9947427951,0,81.1536180665
2016-08-05,7.09035318424,0.0,32.5669223958,0,81.1536180665
2016-08-06,7.09035318424,1.0,32.5669223958,0,77.2891600634
2016-08-07,10.6355297764,0.0,32.5669223958,0,77.2891600634
2016-08-08,7.09035318424,0.0,37.9947427951,0,77.2891600634
2016-08-09,7.09035318424,0.0,37.9947427951,0,77.2891600634
2016-08-10,10.6355297764,0.0,37.9947427951,0,77.2891600634
2016-08-11,10.6355297764,0.0,37.9947427951,0,77.2891600634
2016-08-12,7.09035318424,0.0,32.5669223958,0,81.1536180665
2016-08-13,7.09035318424,0.0,32.5669223958,0,81.1536180665
2016-08-14,14.1807063685,1.0,37.9947427951,0,85.0180760697
2016-08-15,10.6355297764,0.0,32.5669223958,0,77.2891600634
2016-08-16,7.09035318424,0.0,37.9947427951,0,77.2891600634
2016-08-17,7.09035318424,0.0,32.5669223958,0,77.2891600634
2016-08-18,7.09035318424,1.0,32.5669223958,0,81.1536180665
2016-08-19,7.09035318424,0.0,32.5669223958,0,77.2891600634
2016-08-20,7.09035318424,0.0,32.5669223958,0,85.0180760697
2016-08-21,14.1807063685,0.0,32.5669223958,0,77.2891600634
2016-08-22,10.6355297764,0.0,37.9947427951,0,81.1536180665
2016-08-23,10.6355297764,0.0,37.9947427951,0,77.2891600634
2016-08-24,10.6355297764,1.0,37.9947427951,0,77.2891600634
2016-08-25,7.09035318424,1.0,37.9947427951,0,73.4247020602
2016-08-26,7.09035318424,0.0,32.5669223958,0,77.2891600634
2016-08-27,7.09035318424,0.0,32.5669223958,0,88.8825340729
2016-08-28,14.1807063685,0.0,37.9947427951,0,85.0180760697
2016-08-29,10.6355297764,0.0,37.9947427951,0,77.2891600634
2016-08-30,10.6355297764,0.0,37.9947427951,0,73.4247020602
2016-08-31,10.6355297764,0.0,37.9947427951,0,77.2891600634
2016-09-01,7.09035318424,0.0,37.9947427951,0,77.2891600634
2016-09-02,7.09035318424,0.0,37.9947427951,0,73.4247020602
2016-09-03,7.09035318424,0.0,37.9947427951,0,77.2891600634
2016-09-04,14.1807063685,1.0,32.5669223958,0,85.0180760697
2016-09-05,7.09035318424,0.0,37.9947427951,0,81.1536180665
2016-09-06,10.6355297764,0.0,37.9947427951,0,77.2891600634
2016-09-07,10.6355297764,0.0,43.4225631944,0,73.4247020602
2016-09-08,10.6355297764,0.0,43.4225631944,0,77.2891600634
2016-09-09,7.09035318424,0.0,37.9947427951,0,77.2891600634
2016-09-10,7.09035318424,0.0,37.9947427951,0,85.0180760697
2016-09-11,10.6355297764,1.0,37.9947427951,0,77.2891600634
2016-09-12,10.6355297764,0.0,37.9947427951,0,77.2891600634
2016-09-13,10.6355297764,0.0,43.4225631944,0,77.2891600634
2016-09-14,10.6355297764,0.0,37.9947427951,0,77.2891600634
2016-09-15,10.6355297764,0.0,37.9947427951,0,77.2891600634
2016-09-16,7.09035318424,0.0,37.9947427951,0,81.1536180665
2016-09-17,7.09035318424,1.0,32.5669223958,0,85.0180760697
2016-09-18,14.1807063685,0.0,32.5669223958,0,85.0180760697
2016-09-19,10.6355297764,0.0,37.9947427951,0,73.4247020602
2016-09-20,10.6355297764,0.0,37.9947427951,0,77.2891600634
2016-09-21,7.09035318424,1.0,37.9947427951,0,73.4247020602
2016-09-22,10.6355297764,1.0,37.9947427951,0,77.2891600634
2016-09-23,7.09035318424,0.0,37.9947427951,0,77.2891600634
2016-09-24,7.09035318424,0.0,32.5669223958,0,85.0180760697
2016-09-25,14.1807063685,1.0,37.9947427951,0,88.8825340729
2016-09-26,10.6355297764,0.0,43.4225631944,0,73.4247020602
2016-09-27,10.6355297764,0.0,48.8503835937,0,73.4247020602
2016-09-28,10.6355297764,0.0,48.8503835937,0,77.2891600634
2016-09-29,10.6355297764,0.0,43.4225631944,0,77.2891600634
2016-09-30,7.09035318424,0.0,37.9947427951,0,77.2891600634
2016-10-01,7.09035318424,0.0,32.5669223958,0,85.0180760697
2016-10-02,14.1807063685,0.0,37.9947427951,0,88.8825340729
2016-10-03,7.09035318424,0.0,37.9947427951,0,81.1536180665
2016-10-04,10.6355297764,0.0,37.9947427951,0,77.2891600634
2016-10-05,7.09035318424,0.0,37.9947427951,0,73.4247020602
2016-10-06,10.6355297764,0.0,37.9947427951,0,73.4247020602
2016-10-07,7.09035318424,0.0,32.5669223958,0,77.2891600634
2016-10-08,7.09035318424,0.0,27.1391019965,0,85.0180760697
2016-10-09,14.1807063685,0.0,32.5669223958,0,85.0180760697
2016-10-10,7.09035318424,1.0,37.9947427951,0,81.1536180665
2016-10-11,7.09035318424,0.0,43.4225631944,0,81.1536180665
2016-10-12,10.6355297764,1.0,37.9947427951,0,77.2891600634
2016-10-13,7.09035318424,1.0,37.9947427951,0,85.0180760697
2016-10-14,7.09035318424,0.0,37.9947427951,0,88.8825340729
2016-10-15,7.09035318424,1.0,32.5669223958,0,85.0180760697
2016-10-16,10.6355297764,0.0,32.5669223958,0,85.0180760697
2016-10-17,10.6355297764,1.0,37.9947427951,0,85.0180760697
2016-10-18,10.6355297764,0.0,43.4225631944,0,88.8825340729
2016-10-19,10.6355297764,1.0,43.4225631944,0,85.0180760697
2016-10-20,7.09035318424,0.0,37.9947427951,0,81.1536180665
2016-10-21,10.6355297764,0.0,37.9947427951,0,85.0180760697
2016-10-22,7.09035318424,0.0,32.5669223958,0,85.0180760697
2016-10-23,10.6355297764,0.0,32.5669223958,0,88.8825340729
2016-10-24,10.6355297764,1.0,37.9947427951,0,81.1536180665
2016-10-25,10.6355297764,0.0,37.9947427951,0,85.0180760697
2016-10-26,10.6355297764,1.0,43.4225631944,0,85.0180760697
2016-10-27,7.09035318424,0.0,43.4225631944,0,81.1536180665
2016-10-28,10.6355297764,1.0,37.9947427951,0,77.2891600634
2016-10-29,7.09035318424,0.0,32.5669223958,0,85.0180760697
2016-10-30,14.1807063685,0.0,37.9947427951,0,88.8825340729
2016-10-31,10.6355297764,0.0,37.9947427951,0,81.1536180665
2016-11-01,10.6355297764,1.0,43.4225631944,0,88.8825340729
2016-11-02,10.6355297764,0.0,43.4225631944,0,88.8825340729
2016-11-03,10.6355297764,0.0,43.4225631944,0,88.8825340729
2016-11-04,7.09035318424,0.0,37.9947427951,0,92.7469920761
2016-11-05,7.09035318424,1.0,43.4225631944,0,104.340366086
2016-11-06,14.1807063685,0.0,54.278203993,0,104.340366086
2016-11-07,10.6355297764,0.0,43.4225631944,0,104.340366086
2016-11-08,7.09035318424,1.0,37.9947427951,0,92.7469920761
2016-11-09,7.09035318424,0.0,27.1391019965,0,65.6957860539
2016-11-10,7.09035318424,0.0,37.9947427951,0,96.6114500792
2016-11-11,7.09035318424,1.0,32.5669223958,0,104.340366086
2016-11-12,7.09035318424,0.0,27.1391019965,0,115.933740095
2016-11-13,10.6355297764,0.0,37.9947427951,0,119.798198098
2016-11-14,10.6355297764,0.0,37.9947427951,0,115.933740095
2016-11-15,10.6355297764,0.0,43.4225631944,0,115.933740095
2016-11-16,10.6355297764,0.0,43.4225631944,0,119.798198098
2016-11-17,10.6355297764,0.0,43.4225631944,0,123.662656101
2016-11-18,7.09035318424,0.0,37.9947427951,0,127.527114105
2016-11-19,7.09035318424,1.0,32.5669223958,0,146.84940412
2016-11-20,10.6355297764,0.0,37.9947427951,0,150.713862124
2016-11-21,10.6355297764,1.0,37.9947427951,0,146.84940412
2016-11-22,7.09035318424,0.0,37.9947427951,0,146.84940412
2016-11-23,7.09035318424,0.0,32.5669223958,0,146.84940412
2016-11-24,3.54517659212,1.0,27.1391019965,0,139.120488114
2016-11-25,3.54517659212,1.0,27.1391019965,0,185.493984152
2016-11-26,7.09035318424,0.0,32.5669223958,0,181.629526149
2016-11-27,10.6355297764,1.0,32.5669223958,0,189.358442155
2016-11-28,10.6355297764,1.0,37.9947427951,0,200.951816165
2016-11-29,7.09035318424,0.0,43.4225631944,0,189.358442155
2016-11-30,10.6355297764,0.0,43.4225631944,0,181.629526149
2016-12-01,10.6355297764,0.0,43.4225631944,0,181.629526149
2016-12-02,7.09035318424,0.0,37.9947427951,0,181.629526149
2016-12-03,7.09035318424,0.0,32.5669223958,0,208.680732171
2016-12-04,10.6355297764,0.0,32.5669223958,0,231.86748019
2016-12-05,7.09035318424,0.0,43.4225631944,0,228.003022187
2016-12-06,7.09035318424,1.0,37.9947427951,0,228.003022187
2016-12-07,10.6355297764,1.0,43.4225631944,0,235.731938193
2016-12-08,10.6355297764,0.0,37.9947427951,0,235.731938193
2016-12-09,7.09035318424,0.0,37.9947427951,0,231.86748019
2016-12-10,7.09035318424,1.0,32.5669223958,0,274.376518225
2016-12-11,10.6355297764,1.0,32.5669223958,0,274.376518225
2016-12-12,10.6355297764,0.0,37.9947427951,0,274.376518225
2016-12-13,7.09035318424,0.0,43.4225631944,0,282.105434231
2016-12-14,7.09035318424,0.0,37.9947427951,0,278.240976228
2016-12-15,7.09035318424,1.0,37.9947427951,0,293.698808241
2016-12-16,7.09035318424,0.0,32.5669223958,0,313.021098257
2016-12-17,7.09035318424,1.0,27.1391019965,0,336.207846276
2016-12-18,10.6355297764,0.0,27.1391019965,0,324.614472266
2016-12-19,10.6355297764,0.0,32.5669223958,0,336.207846276
2016-12-20,7.09035318424,0.0,37.9947427951,0,363.259052298
2016-12-21,10.6355297764,0.0,32.5669223958,0,355.530136292
2016-12-22,7.09035318424,1.0,32.5669223958,0,351.665678288
2016-12-23,7.09035318424,1.0,27.1391019965,0,386.445800317
2016-12-24,10.6355297764,1.0,27.1391019965,0,367.123510301
2016-12-25,7.09035318424,0.0,21.7112815972,0,328.478930269
2016-12-26,3.54517659212,0.0,32.5669223958,0,258.918686212
2016-12-27,7.09035318424,0.0,37.9947427951,0,197.087358162
2016-12-28,7.09035318424,1.0,37.9947427951,0,170.036152139
2016-12-29,7.09035318424,1.0,37.9947427951,0,150.713862124
2016-12-30,7.09035318424,0.0,37.9947427951,0,139.120488114
2016-12-31,7.09035318424,0.0,32.5669223958,0,139.120488114
2017-01-01,10.6355297764,0.0,27.1391019965,0,115.933740095
2017-01-02,7.09035318424,1.0,37.9947427951,0,131.391572108
2017-01-03,10.6355297764,1.0,43.4225631944,0,123.662656101
2017-01-04,10.6355297764,1.0,43.4225631944,0,108.204824089
2017-01-05,10.6355297764,1.0,37.9947427951,0,100.475908082
2017-01-06,7.09035318424,0.0,37.9947427951,0,96.6114500792
2017-01-07,10.6355297764,1.0,37.9947427951,0,112.069282092
2017-01-08,14.1807063685,0.0,37.9947427951,0,108.204824089
2017-01-09,10.6355297764,1.0,37.9947427951,0,96.6114500792
2017-01-10,10.6355297764,1.0,43.4225631944,0,92.7469920761
2017-01-11,10.6355297764,1.0,43.4225631944,0,88.8825340729
2017-01-12,10.6355297764,1.0,43.4225631944,0,88.8825340729
2017-01-13,10.6355297764,0.0,37.9947427951,0,92.7469920761
2017-01-14,7.09035318424,0.0,32.5669223958,0,104.340366086
2017-01-15,14.1807063685,0.0,37.9947427951,0,96.6114500792
2017-01-16,10.6355297764,0.0,37.9947427951,0,100.475908082
2017-01-17,7.09035318424,0.0,43.4225631944,0,85.0180760697
2017-01-18,10.6355297764,1.0,48.8503835937,0,85.0180760697
2017-01-19,10.6355297764,1.0,43.4225631944,0,88.8825340729
2017-01-20,7.09035318424,1.0,43.4225631944,0,96.6114500792
2017-01-21,7.09035318424,0.0,37.9947427951,0,123.662656101
2017-01-22,14.1807063685,1.0,37.9947427951,0,104.340366086
2017-01-23,10.6355297764,0.0,43.4225631944,0,92.7469920761
2017-01-24,10.6355297764,1.0,43.4225631944,0,92.7469920761
2017-01-25,10.6355297764,0.0,43.4225631944,0,85.0180760697
2017-01-26,7.09035318424,0.0,43.4225631944,0,88.8825340729
2017-01-27,7.09035318424,0.0,43.4225631944,0,85.0180760697
2017-01-28,7.09035318424,1.0,37.9947427951,0,100.475908082
2017-01-29,10.6355297764,1.0,43.4225631944,0,96.6114500792
2017-01-30,10.6355297764,0.0,43.4225631944,0,85.0180760697
2017-01-31,10.6355297764,0.0,43.4225631944,0,88.8825340729
2017-02-01,10.6355297764,1.0,43.4225631944,0,92.7469920761
2017-02-02,7.09035318424,1.0,43.4225631944,0,96.6114500792
2017-02-03,10.6355297764,0.0,43.4225631944,0,88.8825340729
2017-02-04,7.09035318424,0.0,43.4225631944,0,104.340366086
2017-02-05,10.6355297764,1.0,37.9947427951,0,96.6114500792
2017-02-06,10.6355297764,0.0,37.9947427951,0,85.0180760697
2017-02-07,10.6355297764,0.0,48.8503835937,0,85.0180760697
2017-02-08,7.09035318424,1.0,48.8503835937,0,92.7469920761
2017-02-09,10.6355297764,0.0,43.4225631944,0,92.7469920761
2017-02-10,10.6355297764,0.0,43.4225631944,0,100.475908082
2017-02-11,7.09035318424,0.0,37.9947427951,0,108.204824089
2017-02-12,14.1807063685,0.0,43.4225631944,0,119.798198098
2017-02-13,10.6355297764,0.0,43.4225631944,0,123.662656101
2017-02-14,10.6355297764,0.0,43.4225631944,0,131.391572108
2017-02-15,10.6355297764,0.0,48.8503835937,0,88.8825340729
2017-02-16,10.6355297764,0.0,43.4225631944,0,81.1536180665
2017-02-17,7.09035318424,0.0,43.4225631944,0,81.1536180665
2017-02-18,7.09035318424,1.0,37.9947427951,0,85.0180760697
2017-02-19,14.1807063685,0.0,37.9947427951,0,92.7469920761
2017-02-20,10.6355297764,1.0,43.4225631944,0,85.0180760697
2017-02-21,10.6355297764,1.0,48.8503835937,0,77.2891600634
2017-02-22,10.6355297764,0.0,48.8503835937,0,81.1536180665
2017-02-23,7.09035318424,0.0,43.4225631944,0,77.2891600634
2017-02-24,7.09035318424,0.0,43.4225631944,0,73.4247020602
2017-02-25,7.09035318424,1.0,43.4225631944,0,88.8825340729
2017-02-26,14.1807063685,0.0,37.9947427951,0,85.0180760697
2017-02-27,10.6355297764,0.0,48.8503835937,0,77.2891600634
2017-02-28,10.6355297764,0.0,43.4225631944,0,77.2891600634
2017-03-01,10.6355297764,1.0,48.8503835937,0,73.4247020602
2017-03-02,10.6355297764,0.0,48.8503835937,0,81.1536180665
2017-03-03,10.6355297764,0.0,43.4225631944,0,81.1536180665
2017-03-04,7.09035318424,0.0,37.9947427951,0,88.8825340729
2017-03-05,14.1807063685,1.0,43.4225631944,0,88.8825340729
2017-03-06,10.6355297764,0.0,43.4225631944,0,85.0180760697
2017-03-07,10.6355297764,0.0,43.4225631944,0,81.1536180665
2017-03-08,10.6355297764,0.0,48.8503835937,0,77.2891600634
2017-03-09,10.6355297764,1.0,48.8503835937,0,77.2891600634
2017-03-10,7.09035318424,1.0,43.4225631944,0,77.2891600634
2017-03-11,10.6355297764,1.0,43.4225631944,0,88.8825340729
2017-03-12,10.6355297764,1.0,48.8503835937,0,81.1536180665
2017-03-13,10.6355297764,0.0,48.8503835937,0,77.2891600634
2017-03-14,10.6355297764,0.0,43.4225631944,0,77.2891600634
2017-03-15,10.6355297764,0.0,43.4225631944,0,77.2891600634
2017-03-16,10.6355297764,0.0,43.4225631944,0,73.4247020602
2017-03-17,7.09035318424,0.0,37.9947427951,0,77.2891600634
2017-03-18,7.09035318424,0.0,37.9947427951,0,88.8825340729
2017-03-19,14.1807063685,1.0,43.4225631944,0,88.8825340729
2017-03-20,10.6355297764,1.0,43.4225631944,0,77.2891600634
2017-03-21,10.6355297764,1.0,48.8503835937,0,81.1536180665
2017-03-22,10.6355297764,0.0,48.8503835937,0,77.2891600634
2017-03-23,10.6355297764,1.0,48.8503835937,0,77.2891600634
2017-03-24,7.09035318424,0.0,43.4225631944,0,77.2891600634
2017-03-25,7.09035318424,1.0,37.9947427951,0,85.0180760697
2017-03-26,10.6355297764,1.0,37.9947427951,0,88.8825340729
2017-03-27,10.6355297764,0.0,48.8503835937,0,81.1536180665
2017-03-28,10.6355297764,1.0,48.8503835937,0,81.1536180665
2017-03-29,10.6355297764,1.0,48.8503835937,0,81.1536180665
2017-03-30,10.6355297764,1.0,48.8503835937,0,77.2891600634
2017-03-31,10.6355297764,1.0,43.4225631944,0,81.1536180665
2017-04-01,7.09035318424,0.0,37.9947427951,0,88.8825340729
2017-04-02,10.6355297764,0.0,43.4225631944,0,88.8825340729
2017-04-03,10.6355297764,1.0,48.8503835937,0,81.1536180665
2017-04-04,9.00696427936,1.0,48.1097122684,0,80.982350872
2017-04-05,9.00696427936,1.0,48.1097122684,0,80.982350872
2017-04-06,9.00696427936,0.0,48.1097122684,0,87.2117624775
2017-04-07,9.00696427936,1.0,43.7361020622,0,80.982350872
2017-04-08,9.00696427936,1.0,39.362491856,0,96.5558798858
2017-04-09,15.0116071323,1.0,43.7361020622,0,99.6705856886
2017-04-10,12.0092857058,1.0,48.1097122684,0,90.3264682803
2017-04-11,9.00696427936,0.0,52.4833224746,0,87.2117624775
2017-04-12,12.0092857058,1.0,48.1097122684,0,84.0970566747
2017-04-13,12.0092857058,1.0,48.1097122684,0,84.0970566747
2017-04-14,12.0092857058,0.0,43.7361020622,0,87.2117624775
2017-04-15,12.0092857058,1.0,39.362491856,0,87.2117624775
2017-04-16,21.0162499852,0.0,39.362491856,0,87.2117624775
2017-04-17,9.00696427936,0.0,43.7361020622,0,93.441174083
2017-04-18,9.00696427936,1.0,48.1097122684,0,87.2117624775
2017-04-19,9.00696427936,1.0,43.7361020622,0,84.0970566747
2017-04-20,9.00696427936,1.0,43.7361020622,0,84.0970566747
2017-04-21,9.00696427936,1.0,39.362491856,0,84.0970566747
2017-04-22,9.00696427936,1.0,39.362491856,0,96.5558798858
2017-04-23,12.0092857058,1.0,39.362491856,0,93.441174083
2017-04-24,9.00696427936,1.0,48.1097122684,0,90.3264682803
2017-04-25,9.00696427936,0.0,43.7361020622,0,93.441174083
2017-04-26,9.00696427936,0.0,43.7361020622,0,93.441174083
2017-04-27,9.00696427936,1.0,48.1097122684,0,93.441174083
2017-04-28,9.00696427936,1.0,39.362491856,0,90.3264682803
2017-04-29,6.0046428529,1.0,34.9888816497,0,102.785291491
2017-04-30,12.0092857058,0.0,39.362491856,0,99.6705856886
2017-05-01,9.00696427936,1.0,43.7361020622,0,99.6705856886
2017-05-02,9.00696427936,1.0,48.1097122684,0,102.785291491
2017-05-03,9.00696427936,1.0,48.1097122684,0,102.785291491
2017-05-04,9.00696427936,1.0,43.7361020622,0,109.014703097
2017-05-05,9.00696427936,1.0,39.362491856,0,102.785291491
2017-05-06,9.00696427936,1.0,34.9888816497,0,115.244114702
2017-05-07,12.0092857058,1.0,39.362491856,0,112.1294089
2017-05-08,9.00696427936,1.0,43.7361020622,0,124.588232111
2017-05-09,9.00696427936,1.0,43.7361020622,0,121.473526308
2017-05-10,9.00696427936,1.0,43.7361020622,0,124.588232111
2017-05-11,9.00696427936,1.0,43.7361020622,0,130.817643716
2017-05-12,9.00696427936,1.0,39.362491856,0,121.473526308
2017-05-13,9.00696427936,1.0,34.9888816497,0,149.505878533
2017-05-14,9.00696427936,0.0,34.9888816497,0,137.047055322
2017-05-15,9.00696427936,1.0,43.7361020622,0,96.5558798858
2017-05-16,9.00696427936,1.0,43.7361020622,0,93.441174083
2017-05-17,9.00696427936,0.0,43.7361020622,0,90.3264682803
2017-05-18,6.0046428529,1.0,43.7361020622,0,80.982350872
2017-05-19,9.00696427936,1.0,43.7361020622,0,90.3264682803
2017-05-20,6.0046428529,1.0,34.9888816497,0,102.785291491
2017-05-21,15.0116071323,1.0,39.362491856,0,99.6705856886
2017-05-22,9.00696427936,1.0,43.7361020622,0,90.3264682803
2017-05-23,9.00696427936,0.0,43.7361020622,0,93.441174083
2017-05-24,9.00696427936,1.0,43.7361020622,0,96.5558798858
2017-05-25,9.00696427936,1.0,39.362491856,0,93.441174083
2017-05-26,9.00696427936,0.0,39.362491856,0,90.3264682803
2017-05-27,6.0046428529,1.0,34.9888816497,0,96.5558798858
2017-05-28,12.0092857058,1.0,34.9888816497,0,90.3264682803
2017-05-29,6.0046428529,1.0,39.362491856,0,96.5558798858
2017-05-30,9.00696427936,1.0,43.7361020622,0,93.441174083
2017-05-31,9.00696427936,1.0,43.7361020622,0,93.441174083
2017-06-01,9.00696427936,1.0,43.7361020622,0,93.441174083
2017-06-02,6.0046428529,0.0,39.362491856,0,99.6705856886
2017-06-03,9.00696427936,1.0,43.7361020622,0,99.6705856886
2017-06-04,12.0092857058,0.0,39.362491856,0,99.6705856886
2017-06-05,9.00696427936,1.0,48.1097122684,0,96.5558798858
2017-06-06,9.00696427936,1.0,48.1097122684,0,105.899997294
2017-06-07,9.00696427936,1.0,52.4833224746,0,99.6705856886
2017-06-08,9.00696427936,1.0,39.362491856,0,93.441174083
2017-06-09,9.00696427936,0.0,39.362491856,0,96.5558798858
2017-06-10,9.00696427936,0.0,34.9888816497,0,102.785291491
2017-06-11,15.0116071323,0.0,39.362491856,0,99.6705856886
2017-06-12,9.00696427936,1.0,39.362491856,0,105.899997294
2017-06-13,9.00696427936,0.0,39.362491856,0,105.899997294
2017-06-14,9.00696427936,1.0,39.362491856,0,105.899997294
2017-06-15,9.00696427936,1.0,43.7361020622,0,109.014703097
2017-06-16,9.00696427936,0.0,39.362491856,0,115.244114702
2017-06-17,9.00696427936,0.0,39.362491856,0,127.702937913
2017-06-18,12.0092857058,1.0,39.362491856,0,127.702937913
2017-06-19,9.00696427936,0.0,43.7361020622,0,93.441174083
2017-06-20,9.00696427936,0.0,39.362491856,0,93.441174083
2017-06-21,9.00696427936,1.0,43.7361020622,0,90.3264682803
2017-06-22,9.00696427936,1.0,39.362491856,0,90.3264682803
2017-06-23,9.00696427936,0.0,39.362491856,0,90.3264682803
2017-06-24,6.0046428529,1.0,34.9888816497,0,93.441174083
2017-06-25,12.0092857058,1.0,43.7361020622,0,93.441174083
2017-06-26,9.00696427936,1.0,39.362491856,0,93.441174083
2017-06-27,9.00696427936,1.0,43.7361020622,0,87.2117624775
2017-06-28,9.00696427936,1.0,48.1097122684,0,90.3264682803
2017-06-29,9.00696427936,1.0,48.1097122684,0,84.0970566747
2017-06-30,9.00696427936,1.0,39.362491856,0,87.2117624775
2017-07-01,9.00696427936,1.0,39.362491856,0,87.2117624775
2017-07-02,15.0116071323,0.0,39.362491856,0,87.2117624775
2017-07-03,9.00696427936,1.0,39.362491856,0,84.0970566747
2017-07-04,6.0046428529,1.0,43.7361020622,0,84.0970566747
2017-07-05,9.00696427936,1.0,43.7361020622,0,87.2117624775
2017-07-06,9.00696427936,1.0,43.7361020622,0,87.2117624775
2017-07-07,9.00696427936,0.0,39.362491856,0,90.3264682803
2017-07-08,9.00696427936,0.0,39.362491856,0,96.5558798858
2017-07-09,15.0116071323,1.0,43.7361020622,0,90.3264682803
2017-07-10,9.00696427936,1.0,48.1097122684,0,93.441174083
2017-07-11,9.00696427936,1.0,43.7361020622,0,93.441174083
2017-07-12,9.00696427936,1.0,48.1097122684,0,93.441174083
2017-07-13,9.00696427936,1.0,43.7361020622,0,87.2117624775
2017-07-14,9.00696427936,0.0,39.362491856,0,87.2117624775
2017-07-15,9.00696427936,1.0,39.362491856,0,96.5558798858
2017-07-16,15.0116071323,1.0,34.9888816497,0,87.2117624775
2017-07-17,9.00696427936,1.0,43.7361020622,0,90.3264682803
2017-07-18,9.00696427936,1.0,43.7361020622,0,87.2117624775
2017-07-19,9.00696427936,1.0,43.7361020622,0,90.3264682803
2017-07-20,9.00696427936,1.0,39.362491856,0,87.2117624775
2017-07-21,9.00696427936,0.0,39.362491856,0,90.3264682803
2017-07-22,9.00696427936,0.0,34.9888816497,0,93.441174083
2017-07-23,12.0092857058,1.0,39.362491856,0,93.441174083
2017-07-24,12.0092857058,1.0,39.362491856,0,90.3264682803
2017-07-25,9.00696427936,1.0,48.1097122684,0,90.3264682803
2017-07-26,9.00696427936,1.0,43.7361020622,0,87.2117624775
2017-07-27,9.00696427936,1.0,43.7361020622,0,90.3264682803
2017-07-28,9.00696427936,0.0,39.362491856,0,87.2117624775
2017-07-29,6.0046428529,1.0,39.362491856,0,96.5558798858
2017-07-30,15.0116071323,1.0,39.362491856,0,87.2117624775
2017-07-31,9.00696427936,0.0,43.7361020622,0,90.3264682803
2017-08-01,9.00696427936,1.0,43.7361020622,0,87.2117624775
2017-08-02,9.00696427936,1.0,43.7361020622,0,93.441174083
2017-08-03,9.00696427936,0.0,43.7361020622,0,96.5558798858
2017-08-04,9.00696427936,1.0,34.9888816497,0,90.3264682803
2017-08-05,6.0046428529,1.0,39.362491856,0,90.3264682803
2017-08-06,15.0116071323,1.0,39.362491856,0,93.441174083
2017-08-07,9.00696427936,1.0,39.362491856,0,90.3264682803
2017-08-08,9.00696427936,1.0,43.7361020622,0,90.3264682803
2017-08-09,9.00696427936,0.0,43.7361020622,0,87.2117624775
2017-08-10,12.0092857058,1.0,39.362491856,0,87.2117624775
2017-08-11,9.00696427936,1.0,39.362491856,0,90.3264682803
2017-08-12,9.00696427936,1.0,34.9888816497,0,93.441174083
2017-08-13,12.0092857058,0.0,34.9888816497,0,87.2117624775
2017-08-14,9.00696427936,1.0,39.362491856,0,87.2117624775
2017-08-15,12.0092857058,0.0,39.362491856,0,87.2117624775
2017-08-16,9.00696427936,1.0,39.362491856,0,87.2117624775
2017-08-17,9.00696427936,1.0,39.362491856,0,84.0970566747
2017-08-18,6.0046428529,1.0,34.9888816497,0,84.0970566747
2017-08-19,9.00696427936,1.0,34.9888816497,0,87.2117624775
2017-08-20,15.0116071323,1.0,34.9888816497,0,87.2117624775
2017-08-21,9.00696427936,0.0,30.6152714435,0,71.6382334637
2017-08-22,9.00696427936,1.0,39.362491856,0,87.2117624775
2017-08-23,9.00696427936,1.0,39.362491856,0,87.2117624775
2017-08-24,9.00696427936,1.0,34.9888816497,0,84.0970566747
2017-08-25,9.00696427936,1.0,39.362491856,0,80.982350872
2017-08-26,9.00696427936,1.0,34.9888816497,0,84.0970566747
2017-08-27,12.0092857058,0.0,34.9888816497,0,77.8676450692
2017-08-28,9.00696427936,1.0,39.362491856,0,77.8676450692
2017-08-29,9.00696427936,0.0,43.7361020622,0,84.0970566747
2017-08-30,9.00696427936,1.0,39.362491856,0,84.0970566747
2017-08-31,9.00696427936,1.0,43.7361020622,0,84.0970566747
2017-09-01,9.00696427936,1.0,34.9888816497,0,80.982350872
2017-09-02,6.0046428529,1.0,30.6152714435,0,87.2117624775
2017-09-03,12.0092857058,1.0,34.9888816497,0,87.2117624775
2017-09-04,9.00696427936,1.0,39.362491856,0,87.2117624775
2017-09-05,9.00696427936,0.0,39.362491856,0,80.982350872
2017-09-06,9.00696427936,0.0,34.9888816497,0,74.7529392664
2017-09-07,9.00696427936,1.0,34.9888816497,0,77.8676450692
2017-09-08,9.00696427936,1.0,34.9888816497,0,74.7529392664
2017-09-09,9.00696427936,0.0,30.6152714435,0,80.982350872
2017-09-10,12.0092857058,1.0,30.6152714435,0,74.7529392664
2017-09-11,9.00696427936,0.0,34.9888816497,0,74.7529392664
2017-09-12,9.00696427936,0.0,39.362491856,0,77.8676450692
2017-09-13,12.0092857058,1.0,43.7361020622,0,84.0970566747
2017-09-14,9.00696427936,1.0,39.362491856,0,84.0970566747
2017-09-15,9.00696427936,1.0,39.362491856,0,93.441174083
2017-09-16,9.00696427936,0.0,34.9888816497,0,93.441174083
2017-09-17,15.0116071323,0.0,39.362491856,0,87.2117624775
2017-09-18,9.00696427936,1.0,43.7361020622,0,87.2117624775
2017-09-19,9.00696427936,0.0,43.7361020622,0,87.2117624775
2017-09-20,12.0092857058,1.0,43.7361020622,0,90.3264682803
2017-09-21,9.00696427936,1.0,43.7361020622,0,84.0970566747
2017-09-22,9.00696427936,1.0,39.362491856,0,87.2117624775
2017-09-23,9.00696427936,0.0,39.362491856,0,90.3264682803
2017-09-24,12.0092857058,1.0,39.362491856,0,84.0970566747
2017-09-25,12.0092857058,1.0,48.1097122684,0,84.0970566747
2017-09-26,9.00696427936,1.0,48.1097122684,0,84.0970566747
2017-09-27,12.0092857058,1.0,48.1097122684,0,84.0970566747
2017-09-28,12.0092857058,1.0,43.7361020622,0,84.0970566747
2017-09-29,9.00696427936,1.0,43.7361020622,0,87.2117624775
2017-09-30,9.00696427936,0.0,34.9888816497,0,90.3264682803
2017-10-01,12.0092857058,1.0,39.362491856,0,90.3264682803
2017-10-02,9.00696427936,1.0,43.7361020622,0,77.8676450692
2017-10-03,9.00696427936,1.0,39.362491856,0,84.0970566747
2017-10-04,9.00696427936,1.0,43.7361020622,0,93.441174083
2017-10-05,9.00696427936,1.0,43.7361020622,0,90.3264682803
2017-10-06,9.00696427936,1.0,39.362491856,0,87.2117624775
2017-10-07,9.00696427936,0.0,34.9888816497,0,93.441174083
2017-10-08,12.0092857058,1.0,39.362491856,0,93.441174083
2017-10-09,9.00696427936,1.0,43.7361020622,0,96.5558798858
2017-10-10,9.00696427936,1.0,43.7361020622,0,93.441174083
2017-10-11,12.0092857058,1.0,39.362491856,0,93.441174083
2017-10-12,9.00696427936,1.0,43.7361020622,0,90.3264682803
2017-10-13,9.00696427936,1.0,39.362491856,0,93.441174083
2017-10-14,9.00696427936,0.0,34.9888816497,0,93.441174083
2017-10-15,15.0116071323,1.0,39.362491856,0,93.441174083
2017-10-16,9.00696427936,1.0,43.7361020622,0,93.441174083
2017-10-17,9.00696427936,1.0,48.1097122684,0,93.441174083
2017-10-18,9.00696427936,1.0,39.362491856,0,90.3264682803
2017-10-19,9.00696427936,1.0,43.7361020622,0,96.5558798858
2017-10-20,9.00696427936,1.0,39.362491856,0,93.441174083
2017-10-21,9.00696427936,1.0,34.9888816497,0,99.6705856886
2017-10-22,15.0116071323,1.0,39.362491856,0,99.6705856886
2017-10-23,9.00696427936,1.0,43.7361020622,0,93.441174083
2017-10-24,9.00696427936,1.0,48.1097122684,0,93.441174083
2017-10-25,9.00696427936,0.0,43.7361020622,0,90.3264682803
2017-10-26,9.00696427936,1.0,43.7361020622,0,90.3264682803
2017-10-27,9.00696427936,1.0,39.362491856,0,90.3264682803
2017-10-28,9.00696427936,1.0,30.6152714435,0,99.6705856886
2017-10-29,15.0116071323,1.0,39.362491856,0,96.5558798858
2017-10-30,9.00696427936,1.0,34.9888816497,0,90.3264682803
2017-10-31,12.0092857058,1.0,39.362491856,0,93.441174083
2017-11-01,12.0092857058,1.0,43.7361020622,0,93.441174083
2017-11-02,9.00696427936,0.0,43.7361020622,0,99.6705856886
2017-11-03,9.00696427936,1.0,43.7361020622,0,109.014703097
2017-11-04,9.00696427936,1.0,48.1097122684,0,112.1294089
2017-11-05,12.0092857058,1.0,61.2305428871,0,124.588232111
2017-11-06,9.00696427936,1.0,48.1097122684,0,112.1294089
2017-11-07,9.00696427936,0.0,48.1097122684,0,118.358820505
2017-11-08,9.00696427936,0.0,43.7361020622,0,118.358820505
2017-11-09,9.00696427936,1.0,48.1097122684,0,118.358820505
2017-11-10,9.00696427936,1.0,39.362491856,0,121.473526308
2017-11-11,9.00696427936,1.0,34.9888816497,0,130.817643716
2017-11-12,12.0092857058,1.0,34.9888816497,0,130.817643716
2017-11-13,12.0092857058,1.0,43.7361020622,0,130.817643716
2017-11-14,9.00696427936,1.0,43.7361020622,0,137.047055322
2017-11-15,12.0092857058,1.0,43.7361020622,0,149.505878533
2017-11-16,9.00696427936,1.0,43.7361020622,0,140.161761125
2017-11-17,9.00696427936,1.0,43.7361020622,0,133.932349519
2017-11-18,9.00696427936,1.0,30.6152714435,0,158.849995941
2017-11-19,12.0092857058,1.0,34.9888816497,0,158.849995941
2017-11-20,9.00696427936,1.0,43.7361020622,0,158.849995941
2017-11-21,9.00696427936,1.0,39.362491856,0,158.849995941
2017-11-22,6.0046428529,1.0,34.9888816497,0,161.964701744
2017-11-23,6.0046428529,1.0,26.2416612373,0,149.505878533
2017-11-24,6.0046428529,1.0,26.2416612373,0,202.45587718
2017-11-25,6.0046428529,1.0,30.6152714435,0,193.111759772
2017-11-26,12.0092857058,1.0,34.9888816497,0,199.341171377
2017-11-27,9.00696427936,1.0,39.362491856,0,205.570582983
2017-11-28,9.00696427936,1.0,43.7361020622,0,199.341171377
2017-11-29,9.00696427936,1.0,48.1097122684,0,186.882348166
2017-11-30,9.00696427936,0.0,43.7361020622,0,189.997053969
2017-12-01,9.00696427936,1.0,43.7361020622,0,193.111759772
2017-12-02,9.00696427936,0.0,34.9888816497,0,224.258817799
2017-12-03,15.0116071323,1.0,39.362491856,0,242.947052616
2017-12-04,9.00696427936,1.0,43.7361020622,0,230.488229405
2017-12-05,9.00696427936,1.0,48.1097122684,0,242.947052616
2017-12-06,12.0092857058,1.0,43.7361020622,0,242.947052616
2017-12-07,9.00696427936,1.0,43.7361020622,0,242.947052616
2017-12-08,9.00696427936,0.0,39.362491856,0,242.947052616
2017-12-09,9.00696427936,1.0,34.9888816497,0,289.667639657
2017-12-10,15.0116071323,1.0,39.362491856,0,311.470580277
2017-12-11,9.00696427936,1.0,39.362491856,0,286.552933855
2017-12-12,9.00696427936,1.0,43.7361020622,0,299.011757066
2017-12-13,9.00696427936,1.0,43.7361020622,0,302.126462868
